{"type":"FeatureCollection", "features": [
{"type":"Feature","geometry":{"type":"Polygon","coordinates":[[[-58.059525999995316,-35.07840699999741],[-58.04685999999509,-35.08791199999732],[-58.04295499999508,-35.084398999997276],[-58.055788999995194,-35.07504999999739],[-58.059525999995316,-35.07840699999741]]]},"properties":{"fid":1,"id":"5383F8CD08000004","Name":"Campos de la Enriqueta","descriptio":"<div>2012<br></div>","timestamp":null,"begin":null,"end":null,"altitudeMo":null,"tessellate":-1,"extrude":0,"visibility":-1,"drawOrder":null,"icon":null,"COL53838E7":null,"COL5383F8C":2,"COL5383F_1":2,"COL53838_1":717,"COL5383F_2":55,"COL5383F_3":"Vivienda","COL5383F_4":"2","COL5383F_5":13161,"COL5383F_6":5113,"COL5383F_7":"Campos de la Enriqueta","COL5383F_8":"TR","COL5383F_9":null,"COL5383F10":null,"COL5383F11":null,"COL5383F12":null,"COL5383F13":"-35.07852,-58.05680","COL5383F14":"SRID=22185;POINT(5677124.1 6116819.2)","COL5383F15":"No Registrado","COL5383F16":null,"COL5383F17":null,"COL5383F18":"En seguimiento","COL5383F19":null,"COL5383F20":0,"COL5383F21":null,"COL5383F22":null,"COL5383F23":null,"COL5383F24":null,"COL5383F25":807559},"id":1},
{"type":"Feature","geometry":{"type":"Polygon","coordinates":[[[-58.12382839999599,-35.04291439999789],[-58.12152039999599,-35.04457639999786],[-58.121423399996,-35.04472539999787],[-58.119262399996,-35.04634339999785],[-58.11814539999599,-35.04717939999783],[-58.116979399995984,-35.047934399997835],[-58.11577539999598,-35.046868399997834],[-58.11331939999587,-35.044647399997814],[-58.11208939999588,-35.0435353999978],[-58.11647439999599,-35.04027539999784],[-58.11671239999598,-35.04016339999783],[-58.11543739999599,-35.03899339999783],[-58.11772839999599,-35.037316399997856],[-58.12011839999598,-35.035636399997856],[-58.121316399996,-35.03673939999786],[-58.122582399996,-35.03794639999787],[-58.123798399996105,-35.03902339999788],[-58.1250623999961,-35.04018639999789],[-58.1261843999961,-35.04121839999791],[-58.12382839999599,-35.04291439999789]]]},"properties":{"fid":2,"id":"5383F8CD08000013","Name":"Cava Pampa Club de Viña","descriptio":"<div>2012</div>","timestamp":null,"begin":null,"end":null,"altitudeMo":null,"tessellate":-1,"extrude":0,"visibility":-1,"drawOrder":null,"icon":null,"COL53838E7":null,"COL5383F8C":17,"COL5383F_1":17,"COL53838_1":1369,"COL5383F_2":55,"COL5383F_3":"Vivienda","COL5383F_4":"17","COL5383F_5":13146,"COL5383F_6":0,"COL5383F_7":"Cava Pampa Club de Viña","COL5383F_8":"TR","COL5383F_9":null,"COL5383F10":null,"COL5383F11":null,"COL5383F12":null,"COL5383F13":"-35.04396,-58.11310","COL5383F14":"SRID=22185;POINT(5672186.51 6120852.2)","COL5383F15":"Descartado","COL5383F16":null,"COL5383F17":null,"COL5383F18":null,"COL5383F19":null,"COL5383F20":null,"COL5383F21":null,"COL5383F22":null,"COL5383F23":null,"COL5383F24":null,"COL5383F25":845841},"id":2},
{"type":"Feature","geometry":{"type":"Polygon","coordinates":[[[-58.05043379999518,-34.89647679999732],[-58.04971979999519,-34.894459799997335],[-58.0513537999952,-34.894071799997334],[-58.05144579999519,-34.89434479999733],[-58.051760799995186,-34.89521479999735],[-58.05179979999519,-34.89532379999735],[-58.052062799995184,-34.896088799997344],[-58.05043379999518,-34.89647679999732]]]},"properties":{"fid":3,"id":"5383F8CD0800001C","Name":"El Roble de Bell","descriptio":"<div>2014</div>","timestamp":null,"begin":null,"end":null,"altitudeMo":null,"tessellate":-1,"extrude":0,"visibility":-1,"drawOrder":null,"icon":null,"COL53838E7":null,"COL5383F8C":26,"COL5383F_1":26,"COL53838_1":1203,"COL5383F_2":55,"COL5383F_3":"Vivienda","COL5383F_4":null,"COL5383F_5":13118,"COL5383F_6":1002,"COL5383F_7":"El Roble de Bell","COL5383F_8":"TR","COL5383F_9":null,"COL5383F10":null,"COL5383F11":null,"COL5383F12":null,"COL5383F13":"-34.89624,-58.05110","COL5383F14":"SRID=22185;POINT(5678144.33 6137139.12)","COL5383F15":"Descartado","COL5383F16":null,"COL5383F17":null,"COL5383F18":null,"COL5383F19":null,"COL5383F20":null,"COL5383F21":null,"COL5383F22":null,"COL5383F23":null,"COL5383F24":null,"COL5383F25":36197},"id":3},
{"type":"Feature","geometry":{"type":"Polygon","coordinates":[[[-58.04500699999508,-34.895608999997286],[-58.04569999999507,-34.89761899999729],[-58.044123999995065,-34.89799999999727],[-58.044014999995106,-34.89769199999727],[-58.04395199999507,-34.897516999997265],[-58.04384699999506,-34.897222999997275],[-58.04378899999507,-34.89707699999727],[-58.04368799999508,-34.89678999999727],[-58.04365699999507,-34.896704999997276],[-58.043626999995084,-34.89661899999728],[-58.04359599999508,-34.89653199999728],[-58.04356499999509,-34.896445999997276],[-58.043463999995076,-34.89615999999727],[-58.043427999995075,-34.896043999997254],[-58.04340899999507,-34.89598899999727],[-58.04500699999508,-34.895608999997286]]]},"properties":{"fid":4,"id":"5383F8CD08000022","Name":"La Paulina","descriptio":"<div>2018</div>","timestamp":null,"begin":null,"end":null,"altitudeMo":null,"tessellate":-1,"extrude":0,"visibility":-1,"drawOrder":null,"icon":null,"COL53838E7":null,"COL5383F8C":32,"COL5383F_1":32,"COL53838_1":1372,"COL5383F_2":55,"COL5383F_3":"Vivienda","COL5383F_4":null,"COL5383F_5":13119,"COL5383F_6":0,"COL5383F_7":"La Paulina","COL5383F_8":"TR","COL5383F_9":null,"COL5383F10":null,"COL5383F11":null,"COL5383F12":null,"COL5383F13":"-34.89693,-58.04412","COL5383F14":"SRID=22185;POINT(5678816.45 6137051.13)","COL5383F15":"Descartado","COL5383F16":null,"COL5383F17":null,"COL5383F18":null,"COL5383F19":null,"COL5383F20":null,"COL5383F21":null,"COL5383F22":null,"COL5383F23":null,"COL5383F24":null,"COL5383F25":35138},"id":4},
{"type":"Feature","geometry":{"type":"Polygon","coordinates":[[[-58.049430799995186,-34.896788399997305],[-58.0501857999952,-34.89897739999733],[-58.049143799995186,-34.89922339999732],[-58.049111799995096,-34.89914139999731],[-58.04836379999509,-34.89702939999731],[-58.049430799995186,-34.896788399997305]]]},"properties":{"fid":5,"id":"5383F8CD08000023","Name":"Don Rolando","descriptio":"<div>2011</div>","timestamp":null,"begin":null,"end":null,"altitudeMo":null,"tessellate":-1,"extrude":0,"visibility":-1,"drawOrder":null,"icon":null,"COL53838E7":null,"COL5383F8C":33,"COL5383F_1":33,"COL53838_1":1371,"COL5383F_2":55,"COL5383F_3":"Vivienda","COL5383F_4":null,"COL5383F_5":13120,"COL5383F_6":0,"COL5383F_7":"Don Rolando","COL5383F_8":"TU","COL5383F_9":null,"COL5383F10":null,"COL5383F11":null,"COL5383F12":null,"COL5383F13":"-34.89837,-58.04897","COL5383F14":"SRID=22185;POINT(5678357.86 6136903.8)","COL5383F15":"Descartado","COL5383F16":null,"COL5383F17":null,"COL5383F18":null,"COL5383F19":null,"COL5383F20":null,"COL5383F21":null,"COL5383F22":null,"COL5383F23":null,"COL5383F24":null,"COL5383F25":25359},"id":5},
{"type":"Feature","geometry":{"type":"Polygon","coordinates":[[[-58.04906037654028,-34.89034964610831],[-58.0487114744988,-34.89011344909972],[-58.04861736308569,-34.890060694535514],[-58.04849886961958,-34.88998705101261],[-58.04824912679688,-34.88985322364041],[-58.049747999995176,-34.889480999997325],[-58.050022999995186,-34.89031799999732],[-58.04916417655749,-34.89051870743182],[-58.04906037654028,-34.89034964610831]]]},"properties":{"fid":6,"id":"5383F8CD08000024","Name":"Barrio Angosto","descriptio":"<div>2010</div>","timestamp":null,"begin":null,"end":null,"altitudeMo":null,"tessellate":-1,"extrude":0,"visibility":-1,"drawOrder":null,"icon":null,"COL53838E7":null,"COL5383F8C":34,"COL5383F_1":34,"COL53838_1":1374,"COL5383F_2":55,"COL5383F_3":"Vivienda","COL5383F_4":"Condominio","COL5383F_5":13668,"COL5383F_6":0,"COL5383F_7":"Barrio Angosto","COL5383F_8":"TU","COL5383F_9":null,"COL5383F10":null,"COL5383F11":null,"COL5383F12":null,"COL5383F13":"-34.89054,-58.04612","COL5383F14":"SRID=22185;POINT(5678619.13 6137785.89)","COL5383F15":"No Registrado","COL5383F16":null,"COL5383F17":null,"COL5383F18":"Descartado","COL5383F19":null,"COL5383F20":null,"COL5383F21":null,"COL5383F22":null,"COL5383F23":null,"COL5383F24":null,"COL5383F25":10169},"id":6},
{"type":"Feature","geometry":{"type":"Polygon","coordinates":[[[-58.020909802942846,-34.894498163642176],[-58.02036399999475,-34.89491299999709],[-58.02021499999475,-34.89502599999708],[-58.02006299999476,-34.89514199999708],[-58.01985268199675,-34.895303026502084],[-58.019758981022946,-34.895219399115575],[-58.01961177590926,-34.895090920524375],[-58.01917432130044,-34.89470086524008],[-58.01872827530955,-34.89430435986308],[-58.018989506242846,-34.89410719826437],[-58.01979940292735,-34.89351280247829],[-58.020909802942846,-34.894498163642176]]]},"properties":{"fid":7,"id":"5383F8CD08000028","Name":"San Jorge (55)","descriptio":"<div>2014</div>","timestamp":null,"begin":null,"end":null,"altitudeMo":null,"tessellate":-1,"extrude":0,"visibility":-1,"drawOrder":null,"icon":null,"COL53838E7":null,"COL5383F8C":38,"COL5383F_1":38,"COL53838_1":725,"COL5383F_2":55,"COL5383F_3":"Vivienda","COL5383F_4":"38","COL5383F_5":13112,"COL5383F_6":999,"COL5383F_7":"San Jorge (55)","COL5383F_8":"TU","COL5383F_9":null,"COL5383F10":null,"COL5383F11":null,"COL5383F12":null,"COL5383F13":"-34.89330,-58.02161","COL5383F14":"SRID=22185;POINT(5680947.03 6137325.92)","COL5383F15":"No Registrado","COL5383F16":null,"COL5383F17":null,"COL5383F18":"En seguimiento","COL5383F19":null,"COL5383F20":null,"COL5383F21":null,"COL5383F22":null,"COL5383F23":null,"COL5383F24":null,"COL5383F25":19772},"id":7},
{"type":"Feature","geometry":{"type":"Polygon","coordinates":[[[-58.011699999994626,-34.897122999997016],[-58.012012999994646,-34.896893999997005],[-58.012164999994624,-34.89678699999702],[-58.01265799999465,-34.89642299999702],[-58.01315199999464,-34.896058999997024],[-58.01346199999463,-34.89634699999702],[-58.01250799999464,-34.897052999997015],[-58.012024999994644,-34.897413999997006],[-58.011699999994626,-34.897122999997016]]]},"properties":{"fid":8,"id":"5383F8CD08000032","Name":"Las Cañitas","descriptio":"<div>2013</div>","timestamp":null,"begin":null,"end":null,"altitudeMo":null,"tessellate":-1,"extrude":0,"visibility":-1,"drawOrder":null,"icon":null,"COL53838E7":null,"COL5383F8C":48,"COL5383F_1":48,"COL53838_1":1209,"COL5383F_2":55,"COL5383F_3":"Vivienda","COL5383F_4":null,"COL5383F_5":13103,"COL5383F_6":0,"COL5383F_7":"Las Cañitas","COL5383F_8":"TU","COL5383F_9":null,"COL5383F10":null,"COL5383F11":null,"COL5383F12":null,"COL5383F13":"-34.89689,-58.01215","COL5383F14":"SRID=22185;POINT(5681712.42 6137013.9)","COL5383F15":"Descartado","COL5383F16":null,"COL5383F17":null,"COL5383F18":null,"COL5383F19":null,"COL5383F20":null,"COL5383F21":null,"COL5383F22":null,"COL5383F23":null,"COL5383F24":null,"COL5383F25":7627},"id":8},
{"type":"Feature","geometry":{"type":"Polygon","coordinates":[[[-58.06931199999542,-34.89531399999747],[-58.06663399999542,-34.89594699999745],[-58.066328999995406,-34.89534499999744],[-58.06910299999541,-34.89470699999747],[-58.06931199999542,-34.89531399999747]]]},"properties":{"fid":9,"id":"5383F8CD08000039","Name":"Altos del Golf (55)","descriptio":"<div>2011<br></div>","timestamp":null,"begin":null,"end":null,"altitudeMo":null,"tessellate":-1,"extrude":0,"visibility":-1,"drawOrder":null,"icon":null,"COL53838E7":null,"COL5383F8C":55,"COL5383F_1":55,"COL53838_1":983,"COL5383F_2":55,"COL5383F_3":"Vivienda","COL5383F_4":null,"COL5383F_5":13100,"COL5383F_6":927,"COL5383F_7":"Altos del Golf (55)","COL5383F_8":"TU","COL5383F_9":null,"COL5383F10":null,"COL5383F11":null,"COL5383F12":null,"COL5383F13":"-34.89514,-58.06756","COL5383F14":"SRID=22185;POINT(5676647.72 6137309.39)","COL5383F15":"Registrado","COL5383F16":"6011/02","COL5383F17":null,"COL5383F18":null,"COL5383F19":null,"COL5383F20":null,"COL5383F21":null,"COL5383F22":null,"COL5383F23":null,"COL5383F24":"ok","COL5383F25":18366},"id":9},
{"type":"Feature","geometry":{"type":"Polygon","coordinates":[[[-58.06641751022202,-35.12731383525643],[-58.06268636243941,-35.13008603696832],[-58.06241411785432,-35.130288866546],[-58.056672318895295,-35.12491522025087],[-58.056236361846416,-35.12450674768736],[-58.05640531529322,-35.124076076625556],[-58.05686586412711,-35.12290002289938],[-58.057042022890904,-35.12248433590316],[-58.057048593807025,-35.12243397470997],[-58.05725189157451,-35.121914635238475],[-58.05838396066762,-35.120014961018676],[-58.06038203427101,-35.1166615525755],[-58.06046507146062,-35.1165222960829],[-58.06968405454373,-35.124887108538665],[-58.06641751022202,-35.12731383525643]]]},"properties":{"fid":10,"id":"5383F8CD0800003F","Name":"Haras del Sur","descriptio":"<div>2011</div>","timestamp":null,"begin":null,"end":null,"altitudeMo":null,"tessellate":-1,"extrude":0,"visibility":-1,"drawOrder":null,"icon":null,"COL53838E7":null,"COL5383F8C":61,"COL5383F_1":61,"COL53838_1":978,"COL5383F_2":55,"COL5383F_3":"Vivienda","COL5383F_4":null,"COL5383F_5":13082,"COL5383F_6":905,"COL5383F_7":"Haras del Sur IV","COL5383F_8":"TR","COL5383F_9":"Haras del Sur","COL5383F10":18,"COL5383F11":null,"COL5383F12":null,"COL5383F13":"-35.12370,-58.05711","COL5383F14":"SRID=22185;POINT(5677183.03 6111943.62)","COL5383F15":"Registrado","COL5383F16":"6011/02","COL5383F17":"con interdiccion","COL5383F18":null,"COL5383F19":null,"COL5383F20":null,"COL5383F21":null,"COL5383F22":null,"COL5383F23":null,"COL5383F24":"ok","COL5383F25":946672},"id":10},
{"type":"Feature","geometry":{"type":"Polygon","coordinates":[[[-58.09161799999566,-35.082681999997654],[-58.08901080999627,-35.08466567008773],[-58.083560999995555,-35.08889599999758],[-58.077027763472536,-35.08313005487063],[-58.075732234833424,-35.08198642504443],[-58.07566618846883,-35.08130244927323],[-58.07732497788223,-35.07944941121595],[-58.07756844651733,-35.07917444164836],[-58.077866726691454,-35.07891818433406],[-58.07790729168724,-35.07881059359364],[-58.07868385565395,-35.077746331801244],[-58.07919113254515,-35.07725375435277],[-58.07957425412914,-35.077189079789264],[-58.08006512338794,-35.07760680982066],[-58.08326299999553,-35.07513099999759],[-58.09161799999566,-35.082681999997654]]]},"properties":{"fid":11,"id":"5383F8CD0800005F","Name":"La Victoria","descriptio":"<div>2009</div>","timestamp":null,"begin":null,"end":null,"altitudeMo":null,"tessellate":-1,"extrude":0,"visibility":-1,"drawOrder":null,"icon":null,"COL53838E7":null,"COL5383F8C":93,"COL5383F_1":93,"COL53838_1":741,"COL5383F_2":55,"COL5383F_3":"Vivienda","COL5383F_4":"Club de Campo","COL5383F_5":13052,"COL5383F_6":5095,"COL5383F_7":"La Victoria","COL5383F_8":"TR","COL5383F_9":"Área 60","COL5383F10":1,"COL5383F11":null,"COL5383F12":null,"COL5383F13":"-35.07863,-58.08138","COL5383F14":"SRID=22185;POINT(5675106.63 6117084.41)","COL5383F15":"Registrado","COL5383F16":"Tierra Desarrollo 25%","COL5383F17":null,"COL5383F18":"Finalizado","COL5383F19":null,"COL5383F20":null,"COL5383F21":null,"COL5383F22":null,"COL5383F23":null,"COL5383F24":"ok","COL5383F25":1161589},"id":11},
{"type":"Feature","geometry":{"type":"Polygon","coordinates":[[[-58.09620299999575,-35.079185999997684],[-58.09161799999566,-35.082681999997654],[-58.08326299999553,-35.07513099999759],[-58.08781099999566,-35.07160899999762],[-58.09620299999575,-35.079185999997684]]]},"properties":{"fid":12,"id":"5383F8CD08000060","Name":"Saint John","descriptio":null,"timestamp":null,"begin":null,"end":null,"altitudeMo":null,"tessellate":-1,"extrude":0,"visibility":-1,"drawOrder":null,"icon":null,"COL53838E7":null,"COL5383F8C":94,"COL5383F_1":94,"COL53838_1":736,"COL5383F_2":55,"COL5383F_3":"Vivienda","COL5383F_4":null,"COL5383F_5":13053,"COL5383F_6":0,"COL5383F_7":"Saint John","COL5383F_8":"TR","COL5383F_9":"Área 60","COL5383F10":1,"COL5383F11":null,"COL5383F12":null,"COL5383F13":"-35.07311,-58.08648","COL5383F14":"SRID=22185;POINT(5674563.92 6117613.95)","COL5383F15":"No Registrado","COL5383F16":null,"COL5383F17":null,"COL5383F18":"En seguimiento","COL5383F19":null,"COL5383F20":0,"COL5383F21":null,"COL5383F22":null,"COL5383F23":null,"COL5383F24":null,"COL5383F25":646790},"id":12},
{"type":"Feature","geometry":{"type":"Polygon","coordinates":[[[-58.100787999995774,-35.07570299999772],[-58.09620299999575,-35.079185999997684],[-58.08781099999566,-35.07160899999762],[-58.09235899999565,-35.068086999997654],[-58.100787999995774,-35.07570299999772]]]},"properties":{"fid":13,"id":"5383F8CD08000061","Name":"Hamilton","descriptio":null,"timestamp":null,"begin":null,"end":null,"altitudeMo":null,"tessellate":-1,"extrude":0,"visibility":-1,"drawOrder":null,"icon":null,"COL53838E7":null,"COL5383F8C":95,"COL5383F_1":95,"COL53838_1":738,"COL5383F_2":55,"COL5383F_3":"Vivienda","COL5383F_4":null,"COL5383F_5":13054,"COL5383F_6":0,"COL5383F_7":"Hamilton","COL5383F_8":"TR","COL5383F_9":"Área 60","COL5383F10":1,"COL5383F11":null,"COL5383F12":null,"COL5383F13":"-35.06996,-58.09075","COL5383F14":"SRID=22185;POINT(5674189.94 6117980)","COL5383F15":"No Registrado","COL5383F16":null,"COL5383F17":null,"COL5383F18":"En seguimiento","COL5383F19":null,"COL5383F20":null,"COL5383F21":null,"COL5383F22":null,"COL5383F23":null,"COL5383F24":null,"COL5383F25":649080},"id":13},
{"type":"Feature","geometry":{"type":"Polygon","coordinates":[[[-58.02242599999475,-34.90138299999708],[-58.021536999994744,-34.90058799999709],[-58.02144499999475,-34.900488999997094],[-58.02065399999476,-34.899777999997085],[-58.02146002755475,-34.89919647502238],[-58.02227488523675,-34.89993623396048],[-58.02306847235814,-34.89935361184739],[-58.02400899999485,-34.90021699999711],[-58.02242599999475,-34.90138299999708]]]},"properties":{"fid":14,"id":"5383F8CD08000062","Name":"Altos de Don José","descriptio":"<div>2011</div>","timestamp":null,"begin":null,"end":null,"altitudeMo":null,"tessellate":-1,"extrude":0,"visibility":-1,"drawOrder":null,"icon":null,"COL53838E7":null,"COL5383F8C":96,"COL5383F_1":96,"COL53838_1":1167,"COL5383F_2":55,"COL5383F_3":"Vivienda","COL5383F_4":null,"COL5383F_5":13055,"COL5383F_6":0,"COL5383F_7":"Altos de Don José","COL5383F_8":"TU","COL5383F_9":null,"COL5383F10":null,"COL5383F11":null,"COL5383F12":null,"COL5383F13":"-34.9005356155793,-58.0217710086439","COL5383F14":"SRID=22185;POINT(5680833.9 6136607.3)","COL5383F15":"No Registrado","COL5383F16":null,"COL5383F17":null,"COL5383F18":"Descartado","COL5383F19":null,"COL5383F20":null,"COL5383F21":null,"COL5383F22":null,"COL5383F23":null,"COL5383F24":null,"COL5383F25":35976},"id":14},
{"type":"Feature","geometry":{"type":"Polygon","coordinates":[[[-58.01419529999464,-34.89697069999703],[-58.013238599994644,-34.89768539999702],[-58.01319729999464,-34.89775949999701],[-58.013340099994636,-34.897916699997026],[-58.01321789999464,-34.89802859999702],[-58.01308089999465,-34.89788729999701],[-58.01301609999464,-34.89789499999703],[-58.01271909999465,-34.898111799997025],[-58.01221509999463,-34.897624999997014],[-58.01251619999463,-34.89739199999702],[-58.01233419999463,-34.89721609999702],[-58.01249549999466,-34.89709299999702],[-58.01267929999462,-34.89727819999701],[-58.01371739999464,-34.896513399997026],[-58.01392889999464,-34.89669819999701],[-58.01419529999464,-34.89697069999703]]]},"properties":{"fid":15,"id":"5383F8CD08000063","Name":"16 de Septiembre","descriptio":"<div>2004</div>","timestamp":null,"begin":null,"end":null,"altitudeMo":null,"tessellate":-1,"extrude":0,"visibility":-1,"drawOrder":null,"icon":null,"COL53838E7":null,"COL5383F8C":97,"COL5383F_1":97,"COL53838_1":973,"COL5383F_2":55,"COL5383F_3":"Vivienda","COL5383F_4":null,"COL5383F_5":13056,"COL5383F_6":0,"COL5383F_7":"16 de Septiembre","COL5383F_8":"TU","COL5383F_9":null,"COL5383F10":null,"COL5383F11":null,"COL5383F12":null,"COL5383F13":"-34.8972962368177,-58.0131919893725","COL5383F14":"SRID=22185;POINT(5681652.95 6137009.96)","COL5383F15":"Descartado","COL5383F16":null,"COL5383F17":null,"COL5383F18":null,"COL5383F19":null,"COL5383F20":null,"COL5383F21":null,"COL5383F22":null,"COL5383F23":null,"COL5383F24":null,"COL5383F25":13652},"id":15},
{"type":"Feature","geometry":{"type":"Polygon","coordinates":[[[-57.94342161698864,-34.97459421169332],[-57.94355983565032,-34.97472362074223],[-57.94544997564664,-34.97645076072104],[-57.94555964947565,-34.97664051450035],[-57.94718512955435,-34.97809126047836],[-57.94902391955195,-34.97973222584298],[-57.94783467867863,-34.98064665507666],[-57.94667041597994,-34.98154193888356],[-57.94517196238334,-34.98019787384514],[-57.94415856445093,-34.97928880933914],[-57.943977011341424,-34.97924130562002],[-57.94159633786794,-34.981061002163294],[-57.94072757213952,-34.98028458362269],[-57.94060301945072,-34.9800815060431],[-57.93865161541002,-34.97833585840958],[-57.938531266349024,-34.97820999162548],[-57.936596995819315,-34.97644387575556],[-57.939468992446315,-34.97432324013599],[-57.94148611468283,-34.9728281516934],[-57.94342161698864,-34.97459421169332]]]},"properties":{"fid":17,"id":"5383F8CD0800006F","Name":"Fincas de Duggan","descriptio":"<div>2009</div>","timestamp":null,"begin":null,"end":null,"altitudeMo":null,"tessellate":-1,"extrude":0,"visibility":-1,"drawOrder":null,"icon":null,"COL53838E7":null,"COL5383F8C":109,"COL5383F_1":109,"COL53838_1":993,"COL5383F_2":55,"COL5383F_3":"Vivienda","COL5383F_4":null,"COL5383F_5":13038,"COL5383F_6":819,"COL5383F_7":"Fincas de Duggan","COL5383F_8":"TC","COL5383F_9":null,"COL5383F10":null,"COL5383F11":"PH","COL5383F12":null,"COL5383F13":"-34.97416,-57.93999","COL5383F14":"SRID=22185;POINT(5688136.72 6128310.24)","COL5383F15":"Registrado","COL5383F16":"6011/02","COL5383F17":null,"COL5383F18":null,"COL5383F19":null,"COL5383F20":null,"COL5383F21":null,"COL5383F22":null,"COL5383F23":null,"COL5383F24":"ok","COL5383F25":512428},"id":17},
{"type":"Feature","geometry":{"type":"Polygon","coordinates":[[[-58.18487999999666,-34.986158999998274],[-58.18936899999676,-34.99010599999829],[-58.18417299999666,-34.99211199999827],[-58.17979999999666,-34.98818499999825],[-58.18487999999666,-34.986158999998274]]]},"properties":{"fid":18,"id":"5383F8CD08000079","Name":"La Emilia (55)","descriptio":"<div>2010</div>","timestamp":null,"begin":null,"end":null,"altitudeMo":null,"tessellate":-1,"extrude":0,"visibility":-1,"drawOrder":null,"icon":null,"COL53838E7":null,"COL5383F8C":119,"COL5383F_1":119,"COL53838_1":606,"COL5383F_2":55,"COL5383F_3":"Vivienda","COL5383F_4":"Club de Campo","COL5383F_5":13025,"COL5383F_6":0,"COL5383F_7":"La Emilia (55)","COL5383F_8":"TR","COL5383F_9":null,"COL5383F10":null,"COL5383F11":null,"COL5383F12":null,"COL5383F13":"-34.99077,-58.18283","COL5383F14":"SRID=22185;POINT(5665921.74 6126880.74)","COL5383F15":"No Registrado","COL5383F16":null,"COL5383F17":null,"COL5383F18":"En seguimiento","COL5383F19":null,"COL5383F20":null,"COL5383F21":null,"COL5383F22":null,"COL5383F23":null,"COL5383F24":null,"COL5383F25":295370},"id":18},
{"type":"Feature","geometry":{"type":"Polygon","coordinates":[[[-58.072865347096126,-35.0901788994433],[-58.07307098373362,-35.09036285837101],[-58.081183354811635,-35.09763335314777],[-58.08826968559505,-35.10394764181042],[-58.08848722233335,-35.10414149595101],[-58.08896312428555,-35.10456544417882],[-58.081451544982244,-35.109582765044365],[-58.07531428056414,-35.10410324590241],[-58.06905253018163,-35.09848274768897],[-58.07228733060782,-35.09010824682469],[-58.07265778096272,-35.08999310710551],[-58.072865347096126,-35.0901788994433]]]},"properties":{"fid":19,"id":"5383F8CD08000096","Name":"Miralagos","descriptio":"<div>2004</div>","timestamp":null,"begin":null,"end":null,"altitudeMo":null,"tessellate":-1,"extrude":0,"visibility":-1,"drawOrder":null,"icon":null,"COL53838E7":null,"COL5383F8C":148,"COL5383F_1":148,"COL53838_1":1091,"COL5383F_2":55,"COL5383F_3":"Vivienda","COL5383F_4":"Club de Campo","COL5383F_5":12991,"COL5383F_6":842,"COL5383F_7":"Miralagos","COL5383F_8":"TC","COL5383F_9":null,"COL5383F10":null,"COL5383F11":"Geodesia","COL5383F12":null,"COL5383F13":"-35.09059,-58.07267","COL5383F14":"SRID=22185;POINT(5675738.91 6115642.6)","COL5383F15":"Registrado","COL5383F16":"6011/02","COL5383F17":null,"COL5383F18":null,"COL5383F19":null,"COL5383F20":null,"COL5383F21":null,"COL5383F22":null,"COL5383F23":null,"COL5383F24":"ok","COL5383F25":1715197},"id":19},
{"type":"Feature","geometry":{"type":"Polygon","coordinates":[[[-58.05667199999519,-34.920040999997354],[-58.0558869999952,-34.91801299999736],[-58.0572819999953,-34.91770299999738],[-58.0573299999952,-34.91780699999737],[-58.05755399999531,-34.91791499999738],[-58.057573999995306,-34.91816399999738],[-58.057561999995194,-34.91864199999738],[-58.0572469999952,-34.91919799999736],[-58.0580679999952,-34.92072799999739],[-58.0583409999953,-34.920939999997366],[-58.0588279999953,-34.92167499999738],[-58.05907899999531,-34.92169999999738],[-58.0595619999953,-34.92156199999738],[-58.059763999995305,-34.92156499999739],[-58.060235999995314,-34.92149599999739],[-58.06603499999532,-34.92556499999743],[-58.06153799999531,-34.92662299999739],[-58.0607219999953,-34.9268139999974],[-58.055068999995186,-34.928116999997364],[-58.04827399999509,-34.9220869999973],[-58.05667199999519,-34.920040999997354]]]},"properties":{"fid":20,"id":"5383F8CD090000CE","Name":"Estancia Grande de Bell","descriptio":null,"timestamp":null,"begin":null,"end":null,"altitudeMo":null,"tessellate":-1,"extrude":0,"visibility":-1,"drawOrder":null,"icon":null,"COL53838E7":null,"COL5383F8C":205,"COL5383F_1":204,"COL53838_1":969,"COL5383F_2":55,"COL5383F_3":"Vivienda","COL5383F_4":"Club de Campo","COL5383F_5":12615,"COL5383F_6":0,"COL5383F_7":"Estancia Grande de Bell","COL5383F_8":"TR","COL5383F_9":null,"COL5383F10":null,"COL5383F11":null,"COL5383F12":null,"COL5383F13":"-34.92065,-58.06378","COL5383F14":"SRID=22185;POINT(5676934.81 6134459.62)","COL5383F15":"Descartado","COL5383F16":null,"COL5383F17":null,"COL5383F18":null,"COL5383F19":null,"COL5383F20":null,"COL5383F21":null,"COL5383F22":null,"COL5383F23":null,"COL5383F24":null,"COL5383F25":808474},"id":20},
{"type":"Feature","geometry":{"type":"Polygon","coordinates":[[[-58.009037755678634,-34.90184499581789],[-58.00928109186531,-34.90206482253937],[-58.01038230932813,-34.903058239046594],[-58.011137881014115,-34.903835381013586],[-58.0102809201975,-34.904445021211814],[-58.007985296032444,-34.90226248782386],[-58.00799110232703,-34.902225903838975],[-58.00878012981833,-34.901646202957785],[-58.008820498140935,-34.90164605345228],[-58.009037755678634,-34.90184499581789]]]},"properties":{"fid":21,"id":"5383F8CD090000F3","Name":"Don Luis","descriptio":"<div>2009<br></div>","timestamp":null,"begin":null,"end":null,"altitudeMo":null,"tessellate":-1,"extrude":0,"visibility":-1,"drawOrder":null,"icon":null,"COL53838E7":null,"COL5383F8C":242,"COL5383F_1":241,"COL53838_1":1113,"COL5383F_2":55,"COL5383F_3":"Vivienda","COL5383F_4":null,"COL5383F_5":12577,"COL5383F_6":802,"COL5383F_7":"Don Luis","COL5383F_8":"TC","COL5383F_9":null,"COL5383F10":null,"COL5383F11":"PH","COL5383F12":null,"COL5383F13":"-34.90196,-58.00840","COL5383F14":"SRID=22185;POINT(5682041.44 6136441.4)","COL5383F15":"Registrado","COL5383F16":"6011/02","COL5383F17":null,"COL5383F18":null,"COL5383F19":null,"COL5383F20":null,"COL5383F21":null,"COL5383F22":null,"COL5383F23":null,"COL5383F24":"ok","COL5383F25":42312},"id":21},
{"type":"Feature","geometry":{"type":"Polygon","coordinates":[[[-58.100787999995774,-35.07570299999772],[-58.09235899999565,-35.068086999997654],[-58.09683699999576,-35.0646179999977],[-58.10530099999587,-35.072245999997754],[-58.100787999995774,-35.07570299999772]]]},"properties":{"fid":22,"id":"5383F8CD09000100","Name":"Antigua","descriptio":null,"timestamp":null,"begin":null,"end":null,"altitudeMo":null,"tessellate":-1,"extrude":0,"visibility":-1,"drawOrder":null,"icon":null,"COL53838E7":null,"COL5383F8C":255,"COL5383F_1":254,"COL53838_1":770,"COL5383F_2":55,"COL5383F_3":"Vivienda","COL5383F_4":null,"COL5383F_5":11765,"COL5383F_6":0,"COL5383F_7":"Antigua","COL5383F_8":"TR","COL5383F_9":"Área 60","COL5383F10":1,"COL5383F11":null,"COL5383F12":null,"COL5383F13":"-35.06905,-58.10166","COL5383F14":"SRID=22185;POINT(5673156.54 6118068.13)","COL5383F15":"No Registrado","COL5383F16":null,"COL5383F17":null,"COL5383F18":"En seguimiento","COL5383F19":null,"COL5383F20":null,"COL5383F21":null,"COL5383F22":null,"COL5383F23":null,"COL5383F24":null,"COL5383F25":642709},"id":22},
{"type":"Feature","geometry":{"type":"Polygon","coordinates":[[[-58.169338859958934,-34.908341829212524],[-58.16820780357673,-34.90924070850851],[-58.16707672255653,-34.91013957637822],[-58.164537351526334,-34.90794241826779],[-58.16572210267654,-34.90706015565289],[-58.16688148452593,-34.9061516326963],[-58.168437845227636,-34.90754804886421],[-58.169338859958934,-34.908341829212524]]]},"properties":{"fid":23,"id":"5383F8CD0900010C","Name":"La Arbolada","descriptio":"<div>2009</div>","timestamp":null,"begin":null,"end":null,"altitudeMo":null,"tessellate":-1,"extrude":0,"visibility":-1,"drawOrder":null,"icon":null,"COL53838E7":null,"COL5383F8C":267,"COL5383F_1":266,"COL53838_1":1104,"COL5383F_2":55,"COL5383F_3":"Vivienda","COL5383F_4":"Club de Campo","COL5383F_5":11751,"COL5383F_6":812,"COL5383F_7":"La Arbolada","COL5383F_8":"TC","COL5383F_9":null,"COL5383F10":null,"COL5383F11":null,"COL5383F12":null,"COL5383F13":"-34.90839,-58.16925","COL5383F14":"SRID=22185;POINT(5667319.96 6136004.12)","COL5383F15":"Registrado","COL5383F16":"6011/02","COL5383F17":null,"COL5383F18":null,"COL5383F19":null,"COL5383F20":null,"COL5383F21":null,"COL5383F22":null,"COL5383F23":null,"COL5383F24":"ok","COL5383F25":96287},"id":23},
{"type":"Feature","geometry":{"type":"Polygon","coordinates":[[[-58.016688337263844,-34.89756158199476],[-58.01578713785594,-34.89673334576905],[-58.015677046511044,-34.89663547887063],[-58.016419762840535,-34.89606668541034],[-58.016681218770536,-34.896297337489166],[-58.01779589658174,-34.897332182933155],[-58.01816780775186,-34.89767791600167],[-58.01773393098394,-34.89799437309506],[-58.01752595580313,-34.89814598819677],[-58.01740838347244,-34.89823175762685],[-58.016688337263844,-34.89756158199476]]]},"properties":{"fid":24,"id":"5383F8CD09000122","Name":"Villa Las Marías","descriptio":"<div>2002</div>","timestamp":null,"begin":null,"end":null,"altitudeMo":null,"tessellate":-1,"extrude":0,"visibility":-1,"drawOrder":null,"icon":null,"COL53838E7":null,"COL5383F8C":289,"COL5383F_1":288,"COL53838_1":1271,"COL5383F_2":55,"COL5383F_3":"Vivienda","COL5383F_4":null,"COL5383F_5":11713,"COL5383F_6":402,"COL5383F_7":"Villa Las Marías","COL5383F_8":"TC","COL5383F_9":null,"COL5383F10":null,"COL5383F11":null,"COL5383F12":null,"COL5383F13":"-34.89645,-58.01597","COL5383F14":"SRID=22185;POINT(5681361.78 6137066.71)","COL5383F15":"Registrado","COL5383F16":"6011/02","COL5383F17":null,"COL5383F18":null,"COL5383F19":null,"COL5383F20":null,"COL5383F21":null,"COL5383F22":null,"COL5383F23":null,"COL5383F24":"ok","COL5383F25":22140},"id":24},
{"type":"Feature","geometry":{"type":"Polygon","coordinates":[[[-58.1284309999961,-34.979994999997935],[-58.12838499999609,-34.97999299999794],[-58.12688499999609,-34.978694999997934],[-58.1284899999961,-34.977405999997934],[-58.130000999996085,-34.97871799999795],[-58.1299989999961,-34.97875699999796],[-58.1284309999961,-34.979994999997935]]]},"properties":{"fid":25,"id":"5383F8CD09000138","Name":"Swan","descriptio":"<div>2002</div>","timestamp":null,"begin":null,"end":null,"altitudeMo":null,"tessellate":-1,"extrude":0,"visibility":-1,"drawOrder":null,"icon":null,"COL53838E7":null,"COL5383F8C":311,"COL5383F_1":310,"COL53838_1":773,"COL5383F_2":55,"COL5383F_3":"Vivienda","COL5383F_4":null,"COL5383F_5":11692,"COL5383F_6":998,"COL5383F_7":"Swan","COL5383F_8":"TU","COL5383F_9":null,"COL5383F10":null,"COL5383F11":null,"COL5383F12":null,"COL5383F13":"-34.97822,-58.12937","COL5383F14":"SRID=22185;POINT(5670819.39 6128192.88)","COL5383F15":"No Registrado","COL5383F16":null,"COL5383F17":null,"COL5383F18":"En seguimiento","COL5383F19":null,"COL5383F20":null,"COL5383F21":null,"COL5383F22":null,"COL5383F23":null,"COL5383F24":null,"COL5383F25":41453},"id":25},
{"type":"Feature","geometry":{"type":"Polygon","coordinates":[[[-58.02009558318415,-34.896434580513876],[-58.01930600383803,-34.895717145088476],[-58.019514558313745,-34.89555922768177],[-58.019686016617456,-34.89542927372808],[-58.01985268199675,-34.895303026502084],[-58.02006299999476,-34.89514199999708],[-58.02021499999475,-34.89502599999708],[-58.02036399999475,-34.89491299999709],[-58.020909802942846,-34.894498163642176],[-58.02098312787495,-34.89456487599709],[-58.021056242894744,-34.89463122440569],[-58.02112980402775,-34.89469721955209],[-58.021203472454836,-34.8947633065238],[-58.021282825701455,-34.894834082207],[-58.02171309312795,-34.895218695904084],[-58.021722477256944,-34.895228762017375],[-58.02009558318415,-34.896434580513876]]]},"properties":{"fid":26,"id":"5383F8CD0900013A","Name":"Solares II","descriptio":"<div>2002</div>","timestamp":null,"begin":null,"end":null,"altitudeMo":null,"tessellate":-1,"extrude":0,"visibility":-1,"drawOrder":null,"icon":null,"COL53838E7":null,"COL5383F8C":313,"COL5383F_1":312,"COL53838_1":703,"COL5383F_2":55,"COL5383F_3":"Vivienda","COL5383F_4":null,"COL5383F_5":11687,"COL5383F_6":1016,"COL5383F_7":"Solares II","COL5383F_8":"TU","COL5383F_9":null,"COL5383F10":null,"COL5383F11":null,"COL5383F12":null,"COL5383F13":"-34.89561,-58.02113","COL5383F14":"SRID=22185;POINT(5680886.08 6137163.24)","COL5383F15":"No Registrado","COL5383F16":null,"COL5383F17":null,"COL5383F18":"A notificar","COL5383F19":null,"COL5383F20":null,"COL5383F21":null,"COL5383F22":null,"COL5383F23":null,"COL5383F24":null,"COL5383F25":21702},"id":26},
{"type":"Feature","geometry":{"type":"Polygon","coordinates":[[[-58.095578699995755,-34.84704479999769],[-58.095852699995746,-34.84727179999768],[-58.095823699995734,-34.84786079999768],[-58.09518569999575,-34.848374799997686],[-58.09457669999575,-34.84784379999769],[-58.095578699995755,-34.84704479999769]]]},"properties":{"fid":27,"id":"5383F8CD0900013D","Name":"Solar del Parque","descriptio":"<div>2002</div>","timestamp":null,"begin":null,"end":null,"altitudeMo":null,"tessellate":-1,"extrude":0,"visibility":-1,"drawOrder":null,"icon":null,"COL53838E7":null,"COL5383F8C":316,"COL5383F_1":315,"COL53838_1":1260,"COL5383F_2":55,"COL5383F_3":"Vivienda","COL5383F_4":null,"COL5383F_5":11683,"COL5383F_6":null,"COL5383F_7":"Solar del Parque","COL5383F_8":"TU","COL5383F_9":null,"COL5383F10":null,"COL5383F11":null,"COL5383F12":null,"COL5383F13":"-34.84737,-58.09529","COL5383F14":"SRID=22185;POINT(5674214.68 6142654.23)","COL5383F15":"Descartado","COL5383F16":null,"COL5383F17":null,"COL5383F18":null,"COL5383F19":null,"COL5383F20":null,"COL5383F21":null,"COL5383F22":null,"COL5383F23":null,"COL5383F24":null,"COL5383F25":9300},"id":27},
{"type":"Feature","geometry":{"type":"Polygon","coordinates":[[[-58.0453441272011,-34.90650142563938],[-58.04503124256888,-34.90559751962788],[-58.047128576425685,-34.9051078238837],[-58.04725042315721,-34.9050855396491],[-58.048476264903,-34.90479593875651],[-58.04870022145669,-34.90474861715921],[-58.05005794798179,-34.90443272987131],[-58.050279741282694,-34.90438428914601],[-58.05163613075369,-34.90406430704904],[-58.05167671638199,-34.904082801970034],[-58.0519502155394,-34.90486935318084],[-58.0520155673196,-34.90504812086543],[-58.05224378942849,-34.905704711041636],[-58.05222133921479,-34.905738146735835],[-58.05086492383509,-34.90605813445013],[-58.05063828630639,-34.906116952541616],[-58.04928658226828,-34.90643150056352],[-58.04906178554881,-34.90648178367921],[-58.047841859537,-34.90677004313341],[-58.04776549568968,-34.90689498622701],[-58.04565004630987,-34.907394854822385],[-58.0453441272011,-34.90650142563938]]]},"properties":{"fid":28,"id":"5383F8CD0900015B","Name":"San Joaquín (55)","descriptio":"<div>2003</div>","timestamp":null,"begin":null,"end":null,"altitudeMo":null,"tessellate":-1,"extrude":0,"visibility":-1,"drawOrder":null,"icon":null,"COL53838E7":null,"COL5383F8C":346,"COL5383F_1":345,"COL53838_1":1340,"COL5383F_2":55,"COL5383F_3":"Vivienda","COL5383F_4":null,"COL5383F_5":11641,"COL5383F_6":615,"COL5383F_7":"San Joaquín (55)","COL5383F_8":"TC","COL5383F_9":null,"COL5383F10":null,"COL5383F11":null,"COL5383F12":null,"COL5383F13":"-34.90567,-58.04513","COL5383F14":"SRID=22185;POINT(5678678.27 6136091.61)","COL5383F15":"Registrado","COL5383F16":"6011/02","COL5383F17":null,"COL5383F18":null,"COL5383F19":null,"COL5383F20":null,"COL5383F21":null,"COL5383F22":null,"COL5383F23":null,"COL5383F24":"ok","COL5383F25":124963},"id":28},
{"type":"Feature","geometry":{"type":"Polygon","coordinates":[[[-58.037451999994964,-34.89247799999723],[-58.038660999994974,-34.89219399999722],[-58.039060999994966,-34.892099999997235],[-58.039628999994974,-34.891966999997244],[-58.040101999994974,-34.89185599999725],[-58.04039299999498,-34.89269699999724],[-58.04043799999508,-34.89282699999725],[-58.04122799999507,-34.89511099999726],[-58.041647999995085,-34.896324999997255],[-58.042372999995074,-34.898423999997256],[-58.042182999995084,-34.898468999997256],[-58.042067999995076,-34.89849599999725],[-58.039722999994964,-34.89904599999724],[-58.037451999994964,-34.89247799999723]]]},"properties":{"fid":29,"id":"5383F8CD09000168","Name":"San Facundo","descriptio":"<div>2002</div>","timestamp":null,"begin":null,"end":null,"altitudeMo":null,"tessellate":-1,"extrude":0,"visibility":-1,"drawOrder":null,"icon":null,"COL53838E7":null,"COL5383F8C":359,"COL5383F_1":358,"COL53838_1":1342,"COL5383F_2":55,"COL5383F_3":"Vivienda","COL5383F_4":"Club de Campo","COL5383F_5":11632,"COL5383F_6":217,"COL5383F_7":"San Facundo","COL5383F_8":"TC","COL5383F_9":null,"COL5383F10":null,"COL5383F11":null,"COL5383F12":null,"COL5383F13":"-34.89844,-58.04223","COL5383F14":"SRID=22185;POINT(5678953.35 6136888.42)","COL5383F15":"Registrado","COL5383F16":"6011/02","COL5383F17":null,"COL5383F18":null,"COL5383F19":null,"COL5383F20":null,"COL5383F21":null,"COL5383F22":null,"COL5383F23":null,"COL5383F24":"ok","COL5383F25":190855},"id":29},
{"type":"Feature","geometry":{"type":"Polygon","coordinates":[[[-58.11457599999597,-34.87003999999781],[-58.11604699999597,-34.87129999999781],[-58.114489999995975,-34.8725479999978],[-58.113015999995994,-34.87127499999779],[-58.11457599999597,-34.87003999999781]]]},"properties":{"fid":30,"id":"5383F8CD0A000180","Name":"La Elisa","descriptio":"<div>2003</div>","timestamp":null,"begin":null,"end":null,"altitudeMo":null,"tessellate":-1,"extrude":0,"visibility":-1,"drawOrder":null,"icon":null,"COL53838E7":null,"COL5383F8C":383,"COL5383F_1":382,"COL53838_1":1253,"COL5383F_2":55,"COL5383F_3":"Vivienda","COL5383F_4":null,"COL5383F_5":11357,"COL5383F_6":null,"COL5383F_7":"La Elisa","COL5383F_8":"TU","COL5383F_9":null,"COL5383F10":null,"COL5383F11":null,"COL5383F12":null,"COL5383F13":"-34.87057,-58.11499","COL5383F14":"SRID=22185;POINT(5672350.94 6140119.9)","COL5383F15":"No Registrado","COL5383F16":null,"COL5383F17":null,"COL5383F18":"inspeccion","COL5383F19":null,"COL5383F20":null,"COL5383F21":null,"COL5383F22":null,"COL5383F23":null,"COL5383F24":null,"COL5383F25":38564},"id":30},
{"type":"Feature","geometry":{"type":"Polygon","coordinates":[[[-58.07478410022574,-34.89818361160251],[-58.07453826987243,-34.897482441286506],[-58.07437438725013,-34.89701490407731],[-58.07412845408372,-34.89631373129941],[-58.07396457371222,-34.8958462836931],[-58.07371732030463,-34.89514103365571],[-58.073454408514735,-34.894385156564],[-58.07321399481671,-34.893687133589516],[-58.07281092180242,-34.8925169038546],[-58.07256908228981,-34.8918148014847],[-58.07238899999541,-34.8913049999975],[-58.072324999995416,-34.89108099999749],[-58.07858399999552,-34.88967599999753],[-58.07866999999553,-34.889717999997536],[-58.08002799999553,-34.893855999997555],[-58.08000899999554,-34.89388899999754],[-58.07947999999553,-34.894005999997546],[-58.079285999995534,-34.89405699999754],[-58.077692999995534,-34.894400999997536],[-58.07796860420863,-34.89524773667153],[-58.07794540815302,-34.895280895235736],[-58.07766590438023,-34.89534325434703],[-58.077434176082726,-34.895392580021934],[-58.07679775688743,-34.89553463519223],[-58.07601476240571,-34.895714200240825],[-58.07627899999553,-34.89652299999752],[-58.07625499999552,-34.89655699999752],[-58.075262789981316,-34.89677672791891],[-58.075699917977126,-34.89810709539602],[-58.07566839325393,-34.89815958796831],[-58.074874649232925,-34.89834861795831],[-58.07482588506273,-34.8983242333407],[-58.07478410022574,-34.89818361160251]]]},"properties":{"fid":31,"id":"5383F8CD0A0001F6","Name":"Los Ceibos (55)","descriptio":"<div>2002</div>","timestamp":null,"begin":null,"end":null,"altitudeMo":null,"tessellate":-1,"extrude":0,"visibility":-1,"drawOrder":null,"icon":null,"COL53838E7":null,"COL5383F8C":504,"COL5383F_1":502,"COL53838_1":156,"COL5383F_2":55,"COL5383F_3":"Vivienda","COL5383F_4":"Club de Campo","COL5383F_5":11477,"COL5383F_6":479,"COL5383F_7":"Los Ceibos (55)","COL5383F_8":"TC","COL5383F_9":null,"COL5383F10":null,"COL5383F11":null,"COL5383F12":null,"COL5383F13":"-34.89835,-58.07478","COL5383F14":"SRID=22185;POINT(5675974.25 6136960.74)","COL5383F15":"Registrado","COL5383F16":"6011/02","COL5383F17":null,"COL5383F18":null,"COL5383F19":null,"COL5383F20":null,"COL5383F21":null,"COL5383F22":null,"COL5383F23":null,"COL5383F24":"ok","COL5383F25":357308},"id":31},
{"type":"Feature","geometry":{"type":"Polygon","coordinates":[[[-58.0582939422568,-34.91550035864278],[-58.0575317179321,-34.91325676192406],[-58.060435416779,-34.91258452591929],[-58.06057347201401,-34.912552573848295],[-58.0614906821148,-34.91234037676001],[-58.06213211433359,-34.912191815801705],[-58.06610759597252,-34.91127130588154],[-58.068885040506814,-34.91943356936945],[-58.0603158428124,-34.92141742025258],[-58.058358311863394,-34.915679918406276],[-58.0582939422568,-34.91550035864278]]]},"properties":{"fid":32,"id":"5383F8CD0A00020F","Name":"Lomas de City Bell","descriptio":"<div>2011</div>","timestamp":null,"begin":null,"end":null,"altitudeMo":null,"tessellate":-1,"extrude":0,"visibility":-1,"drawOrder":null,"icon":null,"COL53838E7":null,"COL5383F8C":529,"COL5383F_1":527,"COL53838_1":188,"COL5383F_2":55,"COL5383F_3":"Vivienda","COL5383F_4":"Club de Campo","COL5383F_5":11455,"COL5383F_6":859,"COL5383F_7":"Lomas de City Bell","COL5383F_8":"TC","COL5383F_9":null,"COL5383F10":null,"COL5383F11":null,"COL5383F12":null,"COL5383F13":"-34.9124431292301,-58.0625790578784","COL5383F14":"SRID=22185;POINT(5677076.41 6135414.6)","COL5383F15":"Registrado","COL5383F16":"6011/02","COL5383F17":null,"COL5383F18":null,"COL5383F19":null,"COL5383F20":null,"COL5383F21":null,"COL5383F22":null,"COL5383F23":null,"COL5383F24":"ok","COL5383F25":765268},"id":32},
{"type":"Feature","geometry":{"type":"Polygon","coordinates":[[[-58.100413999995745,-34.8604399999977],[-58.10003399999576,-34.8601229999977],[-58.09995699999576,-34.86005899999771],[-58.099649999995755,-34.85980399999771],[-58.099646999995755,-34.8598009999977],[-58.10041699999577,-34.85917799999771],[-58.10072099999575,-34.85943499999772],[-58.101493999995846,-34.858816999997714],[-58.10149799999584,-34.858820999997725],[-58.10164599999586,-34.85894799999771],[-58.10164999999575,-34.8589509999977],[-58.10179799999585,-34.85907799999771],[-58.101800999995845,-34.85908099999771],[-58.10194799999586,-34.85920799999771],[-58.10194999999585,-34.859209999997724],[-58.10116999999576,-34.85983599999771],[-58.100415999995754,-34.86044199999771],[-58.100413999995745,-34.8604399999977]]]},"properties":{"fid":33,"id":"5383F8CD0A000220","Name":"Las Muñecas","descriptio":"<div>2002</div>","timestamp":null,"begin":null,"end":null,"altitudeMo":null,"tessellate":-1,"extrude":0,"visibility":-1,"drawOrder":null,"icon":null,"COL53838E7":null,"COL5383F8C":546,"COL5383F_1":544,"COL53838_1":74,"COL5383F_2":55,"COL5383F_3":"Vivienda","COL5383F_4":"Barrio Cerrado","COL5383F_5":11433,"COL5383F_6":335,"COL5383F_7":"Las Muñecas","COL5383F_8":"TC","COL5383F_9":null,"COL5383F10":null,"COL5383F11":"PH","COL5383F12":null,"COL5383F13":"-34.86010,-58.09997","COL5383F14":"SRID=22185;POINT(5673751.64 6141250.7)","COL5383F15":"Registrado","COL5383F16":"6011/02","COL5383F17":null,"COL5383F18":null,"COL5383F19":null,"COL5383F20":null,"COL5383F21":null,"COL5383F22":null,"COL5383F23":null,"COL5383F24":"ok","COL5383F25":15780},"id":33},
{"type":"Feature","geometry":{"type":"Polygon","coordinates":[[[-58.12448999999609,-35.06547499999788],[-58.12624799999609,-35.0666189999979],[-58.128609999996094,-35.06814899999791],[-58.1240659999961,-35.07161499999788],[-58.120584999996,-35.068448999997855],[-58.12448999999609,-35.06547499999788]]]},"properties":{"fid":34,"id":"5383F8CD0A00022C","Name":"Prados de La Vega","descriptio":"<div>2004</div>","timestamp":null,"begin":null,"end":null,"altitudeMo":null,"tessellate":-1,"extrude":0,"visibility":-1,"drawOrder":null,"icon":null,"COL53838E7":null,"COL5383F8C":558,"COL5383F_1":556,"COL53838_1":561,"COL5383F_2":55,"COL5383F_3":"Vivienda","COL5383F_4":"Club de Campo","COL5383F_5":11415,"COL5383F_6":null,"COL5383F_7":"Prados de La Vega","COL5383F_8":"TR","COL5383F_9":null,"COL5383F10":null,"COL5383F11":"Geodesia","COL5383F12":null,"COL5383F13":"-35.06703,-58.12710","COL5383F14":"SRID=22185;POINT(5670851.93 6118322.02)","COL5383F15":"No Registrado","COL5383F16":"Tierra Desarrollo 25%","COL5383F17":null,"COL5383F18":"En proceso","COL5383F19":null,"COL5383F20":null,"COL5383F21":null,"COL5383F22":null,"COL5383F23":null,"COL5383F24":null,"COL5383F25":248600},"id":34},
{"type":"Feature","geometry":{"type":"Polygon","coordinates":[[[-58.035906999994964,-34.86578299999722],[-58.036350999994966,-34.866467999997234],[-58.03603099999497,-34.86660999999722],[-58.03605627096488,-34.86665200566932],[-58.03548993180157,-34.86690682087302],[-58.03526867377536,-34.86656447685382],[-58.035085226749565,-34.86628745112993],[-58.035001798674664,-34.86616335657702],[-58.03472035931227,-34.86574487711801],[-58.03444535640896,-34.865327131960406],[-58.03612252265517,-34.864583517875936],[-58.03619354355136,-34.86460404146672],[-58.03672699999496,-34.86541399999722],[-58.035906999994964,-34.86578299999722]]]},"properties":{"fid":35,"id":"5383F8CD0A000232","Name":"Las Araucarias (55)","descriptio":"<div>2002</div>","timestamp":null,"begin":null,"end":null,"altitudeMo":null,"tessellate":-1,"extrude":0,"visibility":-1,"drawOrder":null,"icon":null,"COL53838E7":null,"COL5383F8C":564,"COL5383F_1":562,"COL53838_1":197,"COL5383F_2":55,"COL5383F_3":"Vivienda","COL5383F_4":null,"COL5383F_5":11409,"COL5383F_6":584,"COL5383F_7":"Las Araucarias (55)","COL5383F_8":"TC","COL5383F_9":null,"COL5383F10":null,"COL5383F11":"PH","COL5383F12":null,"COL5383F13":"-34.86500,-58.03642-34.86501,-58.03","COL5383F14":"SRID=22185;POINT(5679554.91 6140590.92)","COL5383F15":"Registrado","COL5383F16":"6011/02","COL5383F17":null,"COL5383F18":null,"COL5383F19":null,"COL5383F20":null,"COL5383F21":null,"COL5383F22":null,"COL5383F23":null,"COL5383F24":"ok","COL5383F25":27518},"id":35},
{"type":"Feature","geometry":{"type":"Polygon","coordinates":[[[-58.09170552288844,-34.96501754363691],[-58.09173275803834,-34.96499499072659],[-58.09351455871865,-34.96358815812652],[-58.09541128279405,-34.965234710265435],[-58.094800027727146,-34.96569546414883],[-58.09645766304255,-34.96713168952893],[-58.09613758500375,-34.967853861721835],[-58.09420299845354,-34.96617509329621],[-58.09360999999565,-34.96665299999771],[-58.09170552288844,-34.96501754363691]]]},"properties":{"fid":36,"id":"5383F8CD0A00023B","Name":"La Torre","descriptio":"<div>2002</div>","timestamp":null,"begin":null,"end":null,"altitudeMo":null,"tessellate":-1,"extrude":0,"visibility":-1,"drawOrder":null,"icon":null,"COL53838E7":null,"COL5383F8C":573,"COL5383F_1":571,"COL53838_1":153,"COL5383F_2":55,"COL5383F_3":"Vivienda","COL5383F_4":null,"COL5383F_5":11399,"COL5383F_6":334,"COL5383F_7":"La Torre","COL5383F_8":"TC","COL5383F_9":null,"COL5383F10":null,"COL5383F11":null,"COL5383F12":null,"COL5383F13":"-34.96761,-58.09610","COL5383F14":"SRID=22185;POINT(5673871.25 6129306.03)","COL5383F15":"Registrado","COL5383F16":"6011/02","COL5383F17":null,"COL5383F18":null,"COL5383F19":null,"COL5383F20":null,"COL5383F21":null,"COL5383F22":null,"COL5383F23":null,"COL5383F24":"ok","COL5383F25":75420},"id":36},
{"type":"Feature","geometry":{"type":"Polygon","coordinates":[[[-58.03747486244457,-34.90595135515553],[-58.03827111276538,-34.905741614877726],[-58.03881358771698,-34.90559518385633],[-58.03912473707077,-34.906486369613134],[-58.03948123113018,-34.90750436610374],[-58.039719604056785,-34.908190160895934],[-58.038354599944476,-34.908518069598315],[-58.03831369803398,-34.908499114533825],[-58.037454040175874,-34.905985084673915],[-58.03747486244457,-34.90595135515553]]]},"properties":{"fid":37,"id":"5383F8CD0B00024D","Name":"La Lula","descriptio":"<div>2002</div>","timestamp":null,"begin":null,"end":null,"altitudeMo":null,"tessellate":-1,"extrude":0,"visibility":-1,"drawOrder":null,"icon":null,"COL53838E7":null,"COL5383F8C":591,"COL5383F_1":589,"COL53838_1":1095,"COL5383F_2":55,"COL5383F_3":"Vivienda","COL5383F_4":null,"COL5383F_5":11375,"COL5383F_6":952,"COL5383F_7":"La Lula","COL5383F_8":"TU","COL5383F_9":null,"COL5383F10":null,"COL5383F11":null,"COL5383F12":null,"COL5383F13":"-34.90587,-58.03815","COL5383F14":"SRID=22185;POINT(5679314.35 6136070.79)","COL5383F15":"Registrado","COL5383F16":"6011/02","COL5383F17":null,"COL5383F18":null,"COL5383F19":null,"COL5383F20":null,"COL5383F21":null,"COL5383F22":null,"COL5383F23":null,"COL5383F24":"ok","COL5383F25":39325},"id":37},
{"type":"Feature","geometry":{"type":"Polygon","coordinates":[[[-58.16406074842392,-34.94391724592618],[-58.16256251057584,-34.94306824751266],[-58.160350111977436,-34.94181493737804],[-58.161948456118644,-34.94066303187387],[-58.162977584784926,-34.93992129814708],[-58.16400669500003,-34.93917955503388],[-58.16487128070782,-34.93855635241018],[-58.16585189954973,-34.93941057365998],[-58.16675029487382,-34.940193340056496],[-58.167630888228835,-34.9409604203135],[-58.16829235732874,-34.941536913473996],[-58.16840473975742,-34.94193632231331],[-58.16753300080932,-34.94471491834209],[-58.167345891313026,-34.945322408981596],[-58.16716741395413,-34.94590091973479],[-58.165233799741834,-34.94458142778718],[-58.16406074842392,-34.94391724592618]]]},"properties":{"fid":38,"id":"5383F8CD0B00026F","Name":"La Candida","descriptio":"<div>2008</div>","timestamp":null,"begin":null,"end":null,"altitudeMo":null,"tessellate":-1,"extrude":0,"visibility":-1,"drawOrder":null,"icon":null,"COL53838E7":null,"COL5383F8C":626,"COL5383F_1":623,"COL53838_1":87,"COL5383F_2":55,"COL5383F_3":"Vivienda","COL5383F_4":"Club de Campo","COL5383F_5":11336,"COL5383F_6":716,"COL5383F_7":"La Candida","COL5383F_8":"TC","COL5383F_9":null,"COL5383F10":null,"COL5383F11":"Geodesia","COL5383F12":null,"COL5383F13":"-34.94488,-58.16732","COL5383F14":"SRID=22185;POINT(5667408.75 6131950.32)","COL5383F15":"Registrado","COL5383F16":"6011/02","COL5383F17":null,"COL5383F18":null,"COL5383F19":null,"COL5383F20":null,"COL5383F21":null,"COL5383F22":null,"COL5383F23":null,"COL5383F24":"ok","COL5383F25":297953},"id":38},
{"type":"Feature","geometry":{"type":"Polygon","coordinates":[[[-58.0478151177741,-35.13394654634078],[-58.047363238357796,-35.133557071076474],[-58.044831324778606,-35.13136123153846],[-58.0439494496358,-35.13059630907626],[-58.0435413675522,-35.130239248797366],[-58.043122288370085,-35.129897239583954],[-58.0425955615655,-35.12941029149266],[-58.043971312157,-35.12819662530856],[-58.045300153305604,-35.12701174467677],[-58.0465084379169,-35.12594034684198],[-58.04794392568471,-35.124672984178396],[-58.0491010083968,-35.12365291274241],[-58.0504271839115,-35.12248613363673],[-58.050712645791,-35.12223505960912],[-58.050864342569604,-35.12212449109462],[-58.051374796204314,-35.12175699641002],[-58.05280901577882,-35.12072548344774],[-58.054198546303496,-35.119726759306744],[-58.0554753461826,-35.118804162294865],[-58.05754521883112,-35.11732219231797],[-58.05824656882242,-35.11682038612609],[-58.05833035177402,-35.11678387872968],[-58.05842499923012,-35.116779447470975],[-58.058513160993726,-35.116807985880875],[-58.05857872857581,-35.11686427934339],[-58.05860966642792,-35.116937861503686],[-58.05860025872533,-35.11701539332129],[-58.05818437995911,-35.11772148025168],[-58.058055520642334,-35.117951922031686],[-58.05736277151351,-35.119139489457886],[-58.056939697794405,-35.119875105299776],[-58.05662599999522,-35.12041499999738],[-58.05640899999522,-35.120785999997366],[-58.056371999995214,-35.12084899999736],[-58.0564339999952,-35.12099099999735],[-58.05617099999522,-35.12149499999737],[-58.05598899999521,-35.12191299999737],[-58.05463299999522,-35.125440999997345],[-58.05455799999519,-35.125608999997354],[-58.05060299999521,-35.13604899999733],[-58.0501819999951,-35.136140999997295],[-58.04802299999511,-35.134285999997296],[-58.0478151177741,-35.13394654634078]]]},"properties":{"fid":39,"id":"5383F8CD0B0002B3","Name":"Haras del Sur I","descriptio":"<div>2004</div>","timestamp":null,"begin":null,"end":null,"altitudeMo":null,"tessellate":-1,"extrude":0,"visibility":-1,"drawOrder":null,"icon":null,"COL53838E7":null,"COL5383F8C":695,"COL5383F_1":691,"COL53838_1":257,"COL5383F_2":55,"COL5383F_3":"Vivienda","COL5383F_4":"Club de Campo","COL5383F_5":11298,"COL5383F_6":213,"COL5383F_7":"Haras del Sur I","COL5383F_8":"TC","COL5383F_9":"Haras del Sur","COL5383F10":18,"COL5383F11":null,"COL5383F12":null,"COL5383F13":"-35.12051,-58.05682","COL5383F14":"SRID=22185;POINT(5677159.15 6112283.27)","COL5383F15":"Registrado","COL5383F16":"6011/02","COL5383F17":null,"COL5383F18":null,"COL5383F19":null,"COL5383F20":null,"COL5383F21":null,"COL5383F22":null,"COL5383F23":null,"COL5383F24":"ok","COL5383F25":1086802},"id":39},
{"type":"Feature","geometry":{"type":"Polygon","coordinates":[[[-58.01979940292735,-34.89351280247829],[-58.02069721420345,-34.892836921585484],[-58.02094545179443,-34.89306698881828],[-58.02108594074156,-34.89319724897109],[-58.02119122573976,-34.89329494265179],[-58.021287311206656,-34.89338401504489],[-58.02157299999476,-34.89364499999709],[-58.02168899999475,-34.893753999997095],[-58.02178099999475,-34.893839999997084],[-58.021529999994755,-34.894026999997095],[-58.021394301083056,-34.8941311497172],[-58.020909802942846,-34.894498163642176],[-58.01979940292735,-34.89351280247829]]]},"properties":{"fid":40,"id":"5383F8CD0B0002B7","Name":"Gonnet I","descriptio":"<div>2002</div>","timestamp":null,"begin":null,"end":null,"altitudeMo":null,"tessellate":-1,"extrude":0,"visibility":-1,"drawOrder":null,"icon":null,"COL53838E7":null,"COL5383F8C":699,"COL5383F_1":695,"COL53838_1":1143,"COL5383F_2":55,"COL5383F_3":"Vivienda","COL5383F_4":null,"COL5383F_5":11285,"COL5383F_6":null,"COL5383F_7":"Gonnet I","COL5383F_8":"TU","COL5383F_9":null,"COL5383F10":null,"COL5383F11":null,"COL5383F12":null,"COL5383F13":"-34.89313,-58.02042","COL5383F14":"SRID=22185;POINT(5680964.01 6137445.02)","COL5383F15":"Descartado","COL5383F16":null,"COL5383F17":null,"COL5383F18":null,"COL5383F19":null,"COL5383F20":null,"COL5383F21":null,"COL5383F22":null,"COL5383F23":null,"COL5383F24":null,"COL5383F25":16332},"id":40},
{"type":"Feature","geometry":{"type":"Polygon","coordinates":[[[-58.060668321810795,-34.909320611037494],[-58.06063341973541,-34.9092230829039],[-58.06063610167551,-34.909067215110504],[-58.0604855441221,-34.9087798467043],[-58.0604700417751,-34.9086203541031],[-58.0602852310234,-34.90852881388879],[-58.060232736649304,-34.90837927488439],[-58.059630283162804,-34.906663559729],[-58.06105133305881,-34.9063248586436],[-58.06035445023981,-34.9043401580295],[-58.063223402963004,-34.903656389277124],[-58.06331298979742,-34.903614739078925],[-58.06965550888362,-34.90211465633457],[-58.069703560550025,-34.90220689357208],[-58.069764281682104,-34.90230933560837],[-58.069837999995414,-34.90242799999747],[-58.07064900488533,-34.904022187374366],[-58.07066219111492,-34.90404772104598],[-58.070626573764514,-34.90419540612258],[-58.07104399999542,-34.904974999997485],[-58.07116299999543,-34.905208999997484],[-58.071277999995424,-34.90546999999747],[-58.07137109954412,-34.905673872123074],[-58.07145248828222,-34.905842340342765],[-58.07313715633673,-34.90933137668479],[-58.0629844399971,-34.91175146545902],[-58.0628202208793,-34.9117888610288],[-58.06064447378782,-34.91230154682789],[-58.0605701145931,-34.912104705549595],[-58.060508390995004,-34.91191022887239],[-58.06054299987181,-34.911750545008495],[-58.060678132360806,-34.911484680303005],[-58.060629002016604,-34.911187395588],[-58.06065109412479,-34.91091332764209],[-58.060708543620805,-34.91059187933589],[-58.060852194828094,-34.91034047968751],[-58.061104373930704,-34.91009829205242],[-58.061190543053506,-34.90994646028979],[-58.06117903714171,-34.90977513548801],[-58.060668321810795,-34.909320611037494]]]},"properties":{"fid":41,"id":"5383F8CD0B0002B8","Name":"Grand Bell","descriptio":"<div>2002</div>","timestamp":null,"begin":null,"end":null,"altitudeMo":null,"tessellate":-1,"extrude":0,"visibility":-1,"drawOrder":null,"icon":null,"COL53838E7":null,"COL5383F8C":700,"COL5383F_1":696,"COL53838_1":262,"COL5383F_2":55,"COL5383F_3":"Vivienda","COL5383F_4":"Club de Campo","COL5383F_5":11286,"COL5383F_6":212,"COL5383F_7":"Grand Bell","COL5383F_8":"TC","COL5383F_9":null,"COL5383F10":null,"COL5383F11":null,"COL5383F12":null,"COL5383F13":"-34.90587,-58.07094","COL5383F14":"SRID=22185;POINT(5676271.76 6136134.24)","COL5383F15":"Registrado","COL5383F16":"6011/02","COL5383F17":null,"COL5383F18":null,"COL5383F19":null,"COL5383F20":null,"COL5383F21":null,"COL5383F22":null,"COL5383F23":null,"COL5383F24":"ok","COL5383F25":888092},"id":41},
{"type":"Feature","geometry":{"type":"Polygon","coordinates":[[[-58.00825799999453,-34.892743999996966],[-58.00821699999453,-34.89277399999698],[-58.00856699999453,-34.893106999996995],[-58.008319999994534,-34.89329199999698],[-58.00794299999453,-34.892936999996984],[-58.00760199999454,-34.893119999996976],[-58.00722899999453,-34.89264999999697],[-58.00727899999451,-34.892611999996966],[-58.00814399999452,-34.89239799999697],[-58.00825799999453,-34.892743999996966]]]},"properties":{"fid":42,"id":"5383F8CD0B0002CF","Name":"Elida IV","descriptio":"<div>2008</div>","timestamp":null,"begin":null,"end":null,"altitudeMo":null,"tessellate":-1,"extrude":0,"visibility":-1,"drawOrder":null,"icon":null,"COL53838E7":null,"COL5383F8C":723,"COL5383F_1":719,"COL53838_1":1224,"COL5383F_2":55,"COL5383F_3":"Vivienda","COL5383F_4":null,"COL5383F_5":12971,"COL5383F_6":0,"COL5383F_7":"Elida IV","COL5383F_8":"TU","COL5383F_9":null,"COL5383F10":null,"COL5383F11":"PH","COL5383F12":null,"COL5383F13":"-34.89314,-58.00839","COL5383F14":"SRID=22185;POINT(5682053.64 6137411.39)","COL5383F15":"Descartado","COL5383F16":null,"COL5383F17":null,"COL5383F18":null,"COL5383F19":null,"COL5383F20":null,"COL5383F21":null,"COL5383F22":null,"COL5383F23":null,"COL5383F24":null,"COL5383F25":5737},"id":42},
{"type":"Feature","geometry":{"type":"Polygon","coordinates":[[[-58.01468229999465,-34.894563399997025],[-58.01427729999463,-34.894867399997025],[-58.01383229999464,-34.89447339999703],[-58.01383329999463,-34.89443339999703],[-58.01421229999465,-34.89415039999703],[-58.01468229999465,-34.894563399997025]]]},"properties":{"fid":43,"id":"5383F8CD0B0002D0","Name":"Elida III","descriptio":"<div>2008</div>","timestamp":null,"begin":null,"end":null,"altitudeMo":null,"tessellate":-1,"extrude":0,"visibility":-1,"drawOrder":null,"icon":null,"COL53838E7":null,"COL5383F8C":724,"COL5383F_1":720,"COL53838_1":1246,"COL5383F_2":55,"COL5383F_3":"Vivienda","COL5383F_4":null,"COL5383F_5":12972,"COL5383F_6":0,"COL5383F_7":"Elida III","COL5383F_8":"TU","COL5383F_9":null,"COL5383F10":null,"COL5383F11":"PH","COL5383F12":null,"COL5383F13":"-34.894253, -58.013991","COL5383F14":"SRID=22185;POINT(5681545.83 6137305.17)","COL5383F15":"Descartado","COL5383F16":null,"COL5383F17":null,"COL5383F18":null,"COL5383F19":null,"COL5383F20":null,"COL5383F21":null,"COL5383F22":null,"COL5383F23":null,"COL5383F24":null,"COL5383F25":3136},"id":43},
{"type":"Feature","geometry":{"type":"Polygon","coordinates":[[[-58.04943359999519,-34.85874569999734],[-58.04732539999509,-34.8558036999973],[-58.04940139999517,-34.85478109999733],[-58.0560905999952,-34.853546999997384],[-58.05758909999529,-34.8542004999974],[-58.058958899995304,-34.85517079999741],[-58.05985319999528,-34.856336799997415],[-58.057478999995304,-34.857929199997415],[-58.0486979999952,-34.86222399999734],[-58.046992699995094,-34.85989159999733],[-58.04943359999519,-34.85874569999734]]]},"properties":{"fid":44,"id":"5383F8CD0B0002DD","Name":"El Quimilar","descriptio":"<div>2002</div>","timestamp":null,"begin":null,"end":null,"altitudeMo":null,"tessellate":-1,"extrude":0,"visibility":-1,"drawOrder":null,"icon":null,"COL53838E7":null,"COL5383F8C":737,"COL5383F_1":733,"COL53838_1":1242,"COL5383F_2":55,"COL5383F_3":"Vivienda","COL5383F_4":null,"COL5383F_5":11242,"COL5383F_6":0,"COL5383F_7":"El Quimilar","COL5383F_8":"TU","COL5383F_9":null,"COL5383F10":null,"COL5383F11":null,"COL5383F12":null,"COL5383F13":"-34.86230,-58.04865","COL5383F14":"SRID=22185;POINT(5678446.09 6140913.4)","COL5383F15":"Descartado","COL5383F16":null,"COL5383F17":null,"COL5383F18":null,"COL5383F19":null,"COL5383F20":null,"COL5383F21":null,"COL5383F22":null,"COL5383F23":null,"COL5383F24":null,"COL5383F25":615347},"id":44},
{"type":"Feature","geometry":{"type":"Polygon","coordinates":[[[-58.02395441136975,-34.898100202667315],[-58.02534908177926,-34.897071792407914],[-58.02644051540535,-34.89840196055453],[-58.02518124356416,-34.89933038630404],[-58.02389361604505,-34.8981449053783],[-58.02395441136975,-34.898100202667315]]]},"properties":{"fid":45,"id":"5383F8CD0B0002F5","Name":"El Cedro","descriptio":"<div>2002</div>","timestamp":null,"begin":null,"end":null,"altitudeMo":null,"tessellate":-1,"extrude":0,"visibility":-1,"drawOrder":null,"icon":null,"COL53838E7":null,"COL5383F8C":761,"COL5383F_1":757,"COL53838_1":245,"COL5383F_2":55,"COL5383F_3":"Vivienda","COL5383F_4":null,"COL5383F_5":11198,"COL5383F_6":18,"COL5383F_7":"El Cedro","COL5383F_8":"TC","COL5383F_9":null,"COL5383F10":null,"COL5383F11":null,"COL5383F12":null,"COL5383F13":"-34.89749,-58.02561","COL5383F14":"SRID=22185;POINT(5680470.37 6136969.34)","COL5383F15":"Registrado","COL5383F16":"6011/02","COL5383F17":null,"COL5383F18":null,"COL5383F19":null,"COL5383F20":null,"COL5383F21":null,"COL5383F22":null,"COL5383F23":null,"COL5383F24":"ok","COL5383F25":29382},"id":45},
{"type":"Feature","geometry":{"type":"Polygon","coordinates":[[[-58.06105599999531,-34.86523499999744],[-58.060915972390696,-34.86480680306943],[-58.06085454240529,-34.864642972087516],[-58.060580677264404,-34.86382669094052],[-58.06050734698152,-34.86365284658621],[-58.0602429024171,-34.86286402204592],[-58.060185238549394,-34.86267961280632],[-58.060009999995295,-34.86217099999742],[-58.06003399999531,-34.86214399999742],[-58.06093169001569,-34.86210239212852],[-58.06186118724141,-34.86205989733263],[-58.06252591127411,-34.86202948787703],[-58.062567539976506,-34.86205403378464],[-58.06274203055291,-34.86256267163124],[-58.0628045303755,-34.86274625559724],[-58.062926185380796,-34.86310688132354],[-58.06299683863731,-34.863278518715134],[-58.06326841628821,-34.86409538926485],[-58.0633681489411,-34.86437455512814],[-58.063554999995304,-34.864932999997436],[-58.0635309999953,-34.86496699999744],[-58.063055532327,-34.86507424102884],[-58.0619637593435,-34.86532080780273],[-58.0617902982325,-34.86535994901271],[-58.061579462933004,-34.865407506221835],[-58.061368625292104,-34.86545515314532],[-58.06117988398901,-34.86549774479414],[-58.06113954381591,-34.86547880653673],[-58.06105599999531,-34.86523499999744]]]},"properties":{"fid":46,"id":"5383F8CD0C000344","Name":"Barrio Parque Ecológico","descriptio":"<div>2002</div>","timestamp":null,"begin":null,"end":null,"altitudeMo":null,"tessellate":-1,"extrude":0,"visibility":-1,"drawOrder":null,"icon":null,"COL53838E7":null,"COL5383F8C":841,"COL5383F_1":836,"COL53838_1":360,"COL5383F_2":55,"COL5383F_3":"Vivienda","COL5383F_4":null,"COL5383F_5":11051,"COL5383F_6":951,"COL5383F_7":"Barrio Parque Ecológico","COL5383F_8":"TU","COL5383F_9":null,"COL5383F10":null,"COL5383F11":null,"COL5383F12":null,"COL5383F13":"-34.86372,-58.06060","COL5383F14":"SRID=22185;POINT(5677354.89 6140773.73)","COL5383F15":"Registrado","COL5383F16":"6011/02","COL5383F17":null,"COL5383F18":null,"COL5383F19":null,"COL5383F20":null,"COL5383F21":null,"COL5383F22":null,"COL5383F23":null,"COL5383F24":"ok","COL5383F25":83015},"id":46},
{"type":"Feature","geometry":{"type":"Polygon","coordinates":[[[-58.113338999995975,-35.008825999997825],[-58.11299799999588,-35.00887099999782],[-58.108459999995866,-35.0047539999978],[-58.108620999995885,-35.0046529999978],[-58.10791199999588,-35.00401599999779],[-58.10776799999586,-35.0041079999978],[-58.10433999999587,-35.00095799999777],[-58.10816499999587,-34.9981279999978],[-58.11679599999598,-35.00610299999784],[-58.11687599999599,-35.00622599999786],[-58.11686799999598,-35.00628499999786],[-58.116842999995974,-35.00633699999787],[-58.11565299999599,-35.007237999997855],[-58.115532999995985,-35.00713299999784],[-58.113338999995975,-35.008825999997825]]]},"properties":{"fid":48,"id":"5383F8CD0C0003AF","Name":"Parque Industrial La Plata","descriptio":null,"timestamp":null,"begin":null,"end":null,"altitudeMo":null,"tessellate":-1,"extrude":0,"visibility":-1,"drawOrder":null,"icon":null,"COL53838E7":null,"COL5383F8C":949,"COL5383F_1":944,"COL53838_1":508,"COL5383F_2":55,"COL5383F_3":"Parque Industrial","COL5383F_4":null,"COL5383F_5":31,"COL5383F_6":null,"COL5383F_7":"Parque Industrial La Plata","COL5383F_8":"TU","COL5383F_9":null,"COL5383F10":null,"COL5383F11":null,"COL5383F12":null,"COL5383F13":"-35.00443,-58.10805","COL5383F14":"SRID=22185;POINT(5672698.41 6125260.19)","COL5383F15":"No Registrado","COL5383F16":null,"COL5383F17":null,"COL5383F18":"A verificar","COL5383F19":null,"COL5383F20":null,"COL5383F21":null,"COL5383F22":null,"COL5383F23":null,"COL5383F24":null,"COL5383F25":558666},"id":48},
{"type":"Feature","geometry":{"type":"Polygon","coordinates":[[[-58.05284099999519,-34.89843599999734],[-58.052087999995194,-34.896250999997335],[-58.0520439999952,-34.896123999997336],[-58.0517809999952,-34.895358999997335],[-58.052634999995206,-34.89515899999734],[-58.05415999999519,-34.894798999997356],[-58.055125999995205,-34.89760299999737],[-58.05515499999521,-34.89767599999737],[-58.05520899999518,-34.89783599999736],[-58.0550439999952,-34.897874999997356],[-58.05317999999519,-34.89835399999735],[-58.05284099999519,-34.89843599999734]]]},"properties":{"fid":49,"id":"5383F8CD0C0003CB","Name":"El Cauce","descriptio":"<div>2013</div>","timestamp":null,"begin":null,"end":null,"altitudeMo":null,"tessellate":-1,"extrude":0,"visibility":-1,"drawOrder":null,"icon":null,"COL53838E7":null,"COL5383F8C":977,"COL5383F_1":972,"COL53838_1":1329,"COL5383F_2":55,"COL5383F_3":"Vivienda","COL5383F_4":null,"COL5383F_5":13121,"COL5383F_6":1003,"COL5383F_7":"El Cauce","COL5383F_8":"TU","COL5383F_9":null,"COL5383F10":null,"COL5383F11":"PH","COL5383F12":null,"COL5383F13":"-34.89605,-58.05213","COL5383F14":"SRID=22185;POINT(5678063.37 6137170.26)","COL5383F15":"Descartado","COL5383F16":null,"COL5383F17":null,"COL5383F18":null,"COL5383F19":null,"COL5383F20":null,"COL5383F21":null,"COL5383F22":null,"COL5383F23":null,"COL5383F24":null,"COL5383F25":79749},"id":49},
{"type":"Feature","geometry":{"type":"Polygon","coordinates":[[[-58.04903759999509,-34.89243759999733],[-58.05023759999519,-34.89213759999732],[-58.0502925999952,-34.89212759999732],[-58.05066139999519,-34.892083599997335],[-58.05107349999518,-34.89315159999733],[-58.0511554999952,-34.893351599997324],[-58.05137249999519,-34.89402559999734],[-58.04973859999519,-34.89441359999732],[-58.04903759999509,-34.89243759999733]]]},"properties":{"fid":50,"id":"5383F8CD0C0003CC","Name":"San Benjamin","descriptio":"<div>2013</div>","timestamp":null,"begin":null,"end":null,"altitudeMo":null,"tessellate":-1,"extrude":0,"visibility":-1,"drawOrder":null,"icon":null,"COL53838E7":null,"COL5383F8C":978,"COL5383F_1":973,"COL53838_1":810,"COL5383F_2":55,"COL5383F_3":"Vivienda","COL5383F_4":"Barrio Cerrado","COL5383F_5":13122,"COL5383F_6":1007,"COL5383F_7":"San Benjamin","COL5383F_8":"TU","COL5383F_9":null,"COL5383F10":null,"COL5383F11":"PH","COL5383F12":null,"COL5383F13":"-34.89254,-58.04926","COL5383F14":"SRID=22185;POINT(5678326.81 6137566.15)","COL5383F15":"No Registrado","COL5383F16":null,"COL5383F17":null,"COL5383F18":"En seguimiento","COL5383F19":null,"COL5383F20":null,"COL5383F21":null,"COL5383F22":null,"COL5383F23":null,"COL5383F24":null,"COL5383F25":35604},"id":50},
{"type":"Feature","geometry":{"type":"Polygon","coordinates":[[[-58.01488299999465,-34.89723999999703],[-58.015676999994625,-34.89663499999704],[-58.01578699999463,-34.89673299999705],[-58.016036999994625,-34.896956999997045],[-58.01628699999474,-34.897187999997044],[-58.016687999994645,-34.897561999997045],[-58.01588599999465,-34.89816299999702],[-58.01488299999465,-34.89723999999703]]]},"properties":{"fid":51,"id":"5383F8CD0C0003CD","Name":"La Juanita","descriptio":"<div>2013</div>","timestamp":null,"begin":null,"end":null,"altitudeMo":null,"tessellate":-1,"extrude":0,"visibility":-1,"drawOrder":null,"icon":null,"COL53838E7":null,"COL5383F8C":979,"COL5383F_1":974,"COL53838_1":1228,"COL5383F_2":55,"COL5383F_3":"Vivienda","COL5383F_4":null,"COL5383F_5":13104,"COL5383F_6":0,"COL5383F_7":"La Juanita","COL5383F_8":"TU","COL5383F_9":null,"COL5383F10":null,"COL5383F11":"PH","COL5383F12":null,"COL5383F13":"-34.89715,-58.01528","COL5383F14":"SRID=22185;POINT(5681432.48 6136997.33)","COL5383F15":"Descartado","COL5383F16":null,"COL5383F17":null,"COL5383F18":null,"COL5383F19":null,"COL5383F20":null,"COL5383F21":null,"COL5383F22":null,"COL5383F23":null,"COL5383F24":null,"COL5383F25":13689},"id":51},
{"type":"Feature","geometry":{"type":"Polygon","coordinates":[[[-58.0490206789777,-34.8925065903811],[-58.0497224585803,-34.89451873864142],[-58.04814586891891,-34.894892032220994],[-58.04744109876709,-34.89288298176229],[-58.0490206789777,-34.8925065903811]]]},"properties":{"fid":52,"id":"5383F8CD0D0003E1","Name":"San Benito (55)","descriptio":"<div>2013</div>","timestamp":null,"begin":null,"end":null,"altitudeMo":null,"tessellate":-1,"extrude":0,"visibility":-1,"drawOrder":null,"icon":null,"COL53838E7":null,"COL5383F8C":999,"COL5383F_1":994,"COL53838_1":1190,"COL5383F_2":55,"COL5383F_3":"Vivienda","COL5383F_4":"999","COL5383F_5":13117,"COL5383F_6":850,"COL5383F_7":"San Benito (55)","COL5383F_8":"TC","COL5383F_9":null,"COL5383F10":null,"COL5383F11":"PH","COL5383F12":null,"COL5383F13":"-34.89292,-58.04766","COL5383F14":"SRID=22185;POINT(5678472.19 6137521.45)","COL5383F15":"Registrado","COL5383F16":"6011/02","COL5383F17":null,"COL5383F18":null,"COL5383F19":null,"COL5383F20":null,"COL5383F21":null,"COL5383F22":null,"COL5383F23":null,"COL5383F24":"ok","COL5383F25":34848},"id":52},
{"type":"Feature","geometry":{"type":"Polygon","coordinates":[[[-58.08803759999564,-34.890223799997614],[-58.087253999995646,-34.8879349999976],[-58.08960399999564,-34.887362999997634],[-58.08955499999564,-34.88764899999761],[-58.08969999999563,-34.88787799999762],[-58.08980199999564,-34.888168999997625],[-58.089657999995644,-34.88907899999761],[-58.08973799999564,-34.88940499999762],[-58.09045909999564,-34.88962039999763],[-58.08803759999564,-34.890223799997614]]]},"properties":{"fid":53,"id":"5383F8CD0D0003E8","Name":"Clementina","descriptio":"<div>2016</div>","timestamp":null,"begin":null,"end":null,"altitudeMo":null,"tessellate":-1,"extrude":0,"visibility":-1,"drawOrder":null,"icon":null,"COL53838E7":null,"COL5383F8C":1009,"COL5383F_1":1003,"COL53838_1":1014,"COL5383F_2":55,"COL5383F_3":"Vivienda","COL5383F_4":"Country Club","COL5383F_5":13178,"COL5383F_6":null,"COL5383F_7":"Clementina","COL5383F_8":"TR","COL5383F_9":null,"COL5383F10":null,"COL5383F11":null,"COL5383F12":null,"COL5383F13":"-34.89014,-58.08797","COL5383F14":"SRID=22185;POINT(5674787.34 6137896.02)","COL5383F15":"Descartado","COL5383F16":null,"COL5383F17":null,"COL5383F18":null,"COL5383F19":null,"COL5383F20":null,"COL5383F21":null,"COL5383F22":null,"COL5383F23":null,"COL5383F24":null,"COL5383F25":53062},"id":53},
{"type":"Feature","geometry":{"type":"Polygon","coordinates":[[[-58.09867257088875,-34.900543539977576],[-58.09907432102584,-34.901817129227474],[-58.09664647401073,-34.90234355817715],[-58.097048401970554,-34.90200135010416],[-58.09708623066976,-34.901637216796864],[-58.096901384474656,-34.90135169752426],[-58.097024579543955,-34.90097628410605],[-58.09697526422845,-34.900880612722254],[-58.09679231082605,-34.900707505705164],[-58.096501052752956,-34.90067698789756],[-58.09644441071866,-34.90069024975896],[-58.09630732844746,-34.90031184061247],[-58.09623212347263,-34.89993034531656],[-58.09620762740105,-34.89967888018365],[-58.09605183343136,-34.89914922234006],[-58.09585236821285,-34.89869656553756],[-58.095671793561145,-34.898330722098954],[-58.09550776347675,-34.89812483482725],[-58.09512372099724,-34.89757005881076],[-58.09496267780815,-34.89733916359066],[-58.094801002419054,-34.89696045731166],[-58.09456647816754,-34.89626923515055],[-58.09853564493036,-34.89534186511068],[-58.09997796568735,-34.90024726927987],[-58.09867257088875,-34.900543539977576]]]},"properties":{"fid":54,"id":"5383F8CD0D0003E9","Name":"San Efren","descriptio":"<div>2014</div>","timestamp":null,"begin":null,"end":null,"altitudeMo":null,"tessellate":-1,"extrude":0,"visibility":-1,"drawOrder":null,"icon":null,"COL53838E7":null,"COL5383F8C":1010,"COL5383F_1":1004,"COL53838_1":564,"COL5383F_2":55,"COL5383F_3":"Vivienda","COL5383F_4":"Country Club","COL5383F_5":13177,"COL5383F_6":null,"COL5383F_7":"San Efren","COL5383F_8":"TR","COL5383F_9":null,"COL5383F10":null,"COL5383F11":null,"COL5383F12":null,"COL5383F13":"-34.89813,-58.09579","COL5383F14":"SRID=22185;POINT(5674073.64 6137014.04)","COL5383F15":"No Registrado","COL5383F16":null,"COL5383F17":null,"COL5383F18":"verificar tramites","COL5383F19":null,"COL5383F20":null,"COL5383F21":null,"COL5383F22":null,"COL5383F23":null,"COL5383F24":null,"COL5383F25":215582},"id":54},
{"type":"Feature","geometry":{"type":"Polygon","coordinates":[[[-58.01706961484166,-34.95216789152463],[-58.014973463364655,-34.95366784932],[-58.01492711675835,-34.953665199083005],[-58.01207999999464,-34.95097499999698],[-58.01247790242974,-34.95068558917318],[-58.014182312076244,-34.949465940159],[-58.01420236010065,-34.94945157841211],[-58.01424859272005,-34.9494543171426],[-58.01707283270524,-34.952129733043144],[-58.01706961484166,-34.95216789152463]]]},"properties":{"fid":55,"id":"5383F8CD0D0003EB","Name":"Fincas de Victoria I","descriptio":"<div>2014</div>","timestamp":null,"begin":null,"end":null,"altitudeMo":null,"tessellate":-1,"extrude":0,"visibility":-1,"drawOrder":null,"icon":null,"COL53838E7":null,"COL5383F8C":1012,"COL5383F_1":1006,"COL53838_1":431,"COL5383F_2":55,"COL5383F_3":"Vivienda","COL5383F_4":"Barrio Cerrado","COL5383F_5":13175,"COL5383F_6":844,"COL5383F_7":"Fincas de Victoria I","COL5383F_8":"TC","COL5383F_9":null,"COL5383F10":null,"COL5383F11":null,"COL5383F12":null,"COL5383F13":"-34.95211,-58.01322","COL5383F14":"SRID=22185;POINT(5681482.63 6130887.43)","COL5383F15":"Registrado","COL5383F16":"6011/02","COL5383F17":null,"COL5383F18":null,"COL5383F19":null,"COL5383F20":null,"COL5383F21":null,"COL5383F22":null,"COL5383F23":null,"COL5383F24":"ok","COL5383F25":103751},"id":55},
{"type":"Feature","geometry":{"type":"Polygon","coordinates":[[[-58.022838104014546,-34.898936571868],[-58.02163676646935,-34.897844575537],[-58.02261534030065,-34.897109254705],[-58.02382240855636,-34.89820872464771],[-58.022838104014546,-34.898936571868]]]},"properties":{"fid":56,"id":"5383F8CD0D0003EC","Name":"Los Cardales (55)","descriptio":"<div>2011</div>","timestamp":null,"begin":null,"end":null,"altitudeMo":null,"tessellate":-1,"extrude":0,"visibility":-1,"drawOrder":null,"icon":null,"COL53838E7":null,"COL5383F8C":1013,"COL5383F_1":1007,"COL53838_1":424,"COL5383F_2":55,"COL5383F_3":"Vivienda","COL5383F_4":"Country Club","COL5383F_5":13182,"COL5383F_6":923,"COL5383F_7":"Los Cardales (55)","COL5383F_8":"TU","COL5383F_9":null,"COL5383F10":null,"COL5383F11":"PH","COL5383F12":null,"COL5383F13":"-34.89708,-58.02270","COL5383F14":"SRID=22185;POINT(5680741.6 6137005.32)","COL5383F15":"Registrado","COL5383F16":"6011/02","COL5383F17":null,"COL5383F18":null,"COL5383F19":null,"COL5383F20":null,"COL5383F21":null,"COL5383F22":null,"COL5383F23":null,"COL5383F24":"ok","COL5383F25":19837},"id":56},
{"type":"Feature","geometry":{"type":"Polygon","coordinates":[[[-58.10932899999587,-34.89769699999784],[-58.10791299999587,-34.89883199999774],[-58.10336399999586,-34.89999799999771],[-58.10135199999587,-34.896811999997695],[-58.099248999995744,-34.897265999997686],[-58.09869099999575,-34.89524999999769],[-58.11095299999587,-34.89244099999777],[-58.11236999999597,-34.893659999997745],[-58.10932899999587,-34.89769699999784]]]},"properties":{"fid":57,"id":"5383F8CD0D0003EF","Name":"Santa Martha","descriptio":null,"timestamp":null,"begin":null,"end":null,"altitudeMo":null,"tessellate":-1,"extrude":0,"visibility":-1,"drawOrder":null,"icon":null,"COL53838E7":null,"COL5383F8C":1016,"COL5383F_1":1010,"COL53838_1":1019,"COL5383F_2":55,"COL5383F_3":"Vivienda","COL5383F_4":"Country Club","COL5383F_5":13179,"COL5383F_6":null,"COL5383F_7":"Santa Martha","COL5383F_8":"TR","COL5383F_9":null,"COL5383F10":null,"COL5383F11":null,"COL5383F12":null,"COL5383F13":"-34.89348,-58.11228","COL5383F14":"SRID=22185;POINT(5672565.96 6137558.08)","COL5383F15":"Descartado","COL5383F16":null,"COL5383F17":null,"COL5383F18":null,"COL5383F19":null,"COL5383F20":null,"COL5383F21":null,"COL5383F22":null,"COL5383F23":null,"COL5383F24":null,"COL5383F25":563066},"id":57},
{"type":"Feature","geometry":{"type":"Polygon","coordinates":[[[-58.04955836181111,-34.90069962382332],[-58.05089950647008,-34.90036958081972],[-58.05160216955459,-34.90245058494613],[-58.0502826401587,-34.90276728346482],[-58.04955836181111,-34.90069962382332]]]},"properties":{"fid":58,"id":"5383F8CD0D0003F0","Name":"Don Santiago","descriptio":"<div>2022</div>","timestamp":null,"begin":null,"end":null,"altitudeMo":null,"tessellate":-1,"extrude":0,"visibility":-1,"drawOrder":null,"icon":null,"COL53838E7":null,"COL5383F8C":1017,"COL5383F_1":1011,"COL53838_1":702,"COL5383F_2":55,"COL5383F_3":"Vivienda","COL5383F_4":"Barrio Cerrado","COL5383F_5":13184,"COL5383F_6":0,"COL5383F_7":"Don Santiago","COL5383F_8":"TR","COL5383F_9":null,"COL5383F10":null,"COL5383F11":null,"COL5383F12":null,"COL5383F13":"-34.90252,-58.05145","COL5383F14":"SRID=22185;POINT(5678103.26 6136457.32)","COL5383F15":"No Registrado","COL5383F16":null,"COL5383F17":null,"COL5383F18":"en analisis","COL5383F19":null,"COL5383F20":null,"COL5383F21":null,"COL5383F22":null,"COL5383F23":null,"COL5383F24":null,"COL5383F25":30320},"id":58},
{"type":"Feature","geometry":{"type":"Polygon","coordinates":[[[-58.03198353351217,-34.90403045264337],[-58.03167312749296,-34.903927462419276],[-58.03151689278917,-34.90396043898248],[-58.02934633451066,-34.90161598560184],[-58.02935808040217,-34.90158679658425],[-58.03356198953745,-34.900579182847586],[-58.03455147708946,-34.903427718710596],[-58.03217277367815,-34.90398503259648],[-58.03198353351217,-34.90403045264337]]]},"properties":{"fid":59,"id":"5383F8CD0D0003F3","Name":"La Cantera","descriptio":"<div>2012</div>","timestamp":null,"begin":null,"end":null,"altitudeMo":null,"tessellate":-1,"extrude":0,"visibility":-1,"drawOrder":null,"icon":null,"COL53838E7":null,"COL5383F8C":1020,"COL5383F_1":1014,"COL53838_1":1006,"COL5383F_2":55,"COL5383F_3":"Vivienda","COL5383F_4":"Country Club","COL5383F_5":13172,"COL5383F_6":null,"COL5383F_7":"La Cantera","COL5383F_8":"TU","COL5383F_9":null,"COL5383F10":null,"COL5383F11":null,"COL5383F12":null,"COL5383F13":"-34.90234,-58.02991","COL5383F14":"SRID=22185;POINT(5680069.5 6136437.1)","COL5383F15":"No Registrado","COL5383F16":null,"COL5383F17":null,"COL5383F18":"en seguimiento","COL5383F19":null,"COL5383F20":null,"COL5383F21":null,"COL5383F22":null,"COL5383F23":null,"COL5383F24":null,"COL5383F25":110763},"id":59},
{"type":"Feature","geometry":{"type":"Polygon","coordinates":[[[-58.12498699999608,-34.87877299999785],[-58.12350099999608,-34.87749799999785],[-58.12476699999608,-34.87649899999785],[-58.12626899999607,-34.877798999997864],[-58.12498699999608,-34.87877299999785]]]},"properties":{"fid":60,"id":"5383F8CD0D0003FE","Name":"Buona Terra","descriptio":"<div>2015</div>","timestamp":null,"begin":null,"end":null,"altitudeMo":null,"tessellate":-1,"extrude":0,"visibility":-1,"drawOrder":null,"icon":null,"COL53838E7":null,"COL5383F8C":1031,"COL5383F_1":1025,"COL53838_1":823,"COL5383F_2":55,"COL5383F_3":"Vivienda","COL5383F_4":"Barrio Cerrado","COL5383F_5":13188,"COL5383F_6":null,"COL5383F_7":"Buona Terra","COL5383F_8":"TU","COL5383F_9":null,"COL5383F10":null,"COL5383F11":"PH","COL5383F12":null,"COL5383F13":"-34.87792,-58.12401","COL5383F14":"SRID=22185;POINT(5671521.11 6139309.53)","COL5383F15":"No Registrado","COL5383F16":null,"COL5383F17":null,"COL5383F18":"En seguimiento","COL5383F19":null,"COL5383F20":null,"COL5383F21":null,"COL5383F22":null,"COL5383F23":null,"COL5383F24":null,"COL5383F25":31585},"id":60},
{"type":"Feature","geometry":{"type":"Polygon","coordinates":[[[-58.00806600710443,-34.94351109556026],[-58.00801985484704,-34.94350970765455],[-58.00707887009502,-34.94267219100535],[-58.00915276317303,-34.94110891576405],[-58.01008111408864,-34.94195765483127],[-58.010079120969536,-34.94199484187987],[-58.00806600710443,-34.94351109556026]]]},"properties":{"fid":61,"id":"5383F8CD0D0003FF","Name":"Altos del Plata","descriptio":"<div>2013</div>","timestamp":null,"begin":null,"end":null,"altitudeMo":null,"tessellate":-1,"extrude":0,"visibility":-1,"drawOrder":null,"icon":null,"COL53838E7":null,"COL5383F8C":1032,"COL5383F_1":1026,"COL53838_1":423,"COL5383F_2":55,"COL5383F_3":"Vivienda","COL5383F_4":"Barrio Cerrado","COL5383F_5":13187,"COL5383F_6":926,"COL5383F_7":"Altos del Plata","COL5383F_8":"TU","COL5383F_9":null,"COL5383F10":null,"COL5383F11":"Geodesia","COL5383F12":null,"COL5383F13":"-34.94277,-58.00907","COL5383F14":"SRID=22185;POINT(5681893.12 6131917.37)","COL5383F15":"Registrado","COL5383F16":"6011/02","COL5383F17":null,"COL5383F18":null,"COL5383F19":null,"COL5383F20":null,"COL5383F21":null,"COL5383F22":null,"COL5383F23":null,"COL5383F24":"ok","COL5383F25":33163},"id":61},
{"type":"Feature","geometry":{"type":"Polygon","coordinates":[[[-58.06653022326041,-34.90078838580245],[-58.068633145127514,-34.90028794858686],[-58.06940341803452,-34.90185524525307],[-58.06734521306522,-34.902341175795954],[-58.0652464508002,-34.90283426576883],[-58.0650700237244,-34.90287525546984],[-58.0646175527256,-34.90161778769543],[-58.06364395348941,-34.899773792128435],[-58.0657485076704,-34.89928262313443],[-58.06653022326041,-34.90078838580245]]]},"properties":{"fid":62,"id":"5383F8CD0D000405","Name":"Las Carolinas","descriptio":"<div>2012</div>","timestamp":null,"begin":null,"end":null,"altitudeMo":null,"tessellate":-1,"extrude":0,"visibility":-1,"drawOrder":null,"icon":null,"COL53838E7":null,"COL5383F8C":1038,"COL5383F_1":1032,"COL53838_1":1087,"COL5383F_2":55,"COL5383F_3":"Vivienda","COL5383F_4":null,"COL5383F_5":13209,"COL5383F_6":5059,"COL5383F_7":"Las Carolinas","COL5383F_8":"TD","COL5383F_9":null,"COL5383F10":null,"COL5383F11":null,"COL5383F12":null,"COL5383F13":"-34.90105,-58.06902","COL5383F14":"SRID=22185;POINT(5676525.64 6136640.2)","COL5383F15":"Registrado","COL5383F16":"Tierra Desarrollo 25%","COL5383F17":null,"COL5383F18":null,"COL5383F19":null,"COL5383F20":null,"COL5383F21":null,"COL5383F22":null,"COL5383F23":null,"COL5383F24":"ok","COL5383F25":111080},"id":62},
{"type":"Feature","geometry":{"type":"Polygon","coordinates":[[[-58.083812725998726,-34.92668803103567],[-58.08166169553852,-34.927189401771436],[-58.08144065963545,-34.92724097508134],[-58.07992498778972,-34.92759418483764],[-58.079704063436914,-34.92764557646402],[-58.07660886142013,-34.92836696334101],[-58.07638771231582,-34.92841843541592],[-58.074958920466926,-34.9287513290488],[-58.074908968501525,-34.9287629741418],[-58.07139756213551,-34.92958117890157],[-58.0646015436271,-34.931306699476224],[-58.0629784267441,-34.92634566144851],[-58.062850027053514,-34.926325924978805],[-58.07128837598063,-34.92439636596777],[-58.07211023516451,-34.924204746611785],[-58.073183044495835,-34.92395473839488],[-58.07473046732613,-34.92359427469789],[-58.07495204384592,-34.923542722059594],[-58.07804729798603,-34.92282119472943],[-58.07826754966872,-34.922769975486126],[-58.07964748703763,-34.922448434750635],[-58.07969028632753,-34.92246650489793],[-58.07981891599263,-34.92275494576622],[-58.079958441473025,-34.92306888298654],[-58.080094553647626,-34.92337438476243],[-58.08023056370143,-34.92367961440913],[-58.08068724899923,-34.92399117303104],[-58.08313066620574,-34.92607264108916],[-58.08382156048104,-34.92666104370476],[-58.083812725998726,-34.92668803103567]]]},"properties":{"fid":63,"id":"5383F8CD0D000438","Name":"La Cañada","descriptio":"<div>2012</div>","timestamp":null,"begin":null,"end":null,"altitudeMo":null,"tessellate":-1,"extrude":0,"visibility":-1,"drawOrder":null,"icon":null,"COL53838E7":null,"COL5383F8C":1091,"COL5383F_1":1084,"COL53838_1":1021,"COL5383F_2":55,"COL5383F_3":"Vivienda","COL5383F_4":"Club de Chacras","COL5383F_5":13269,"COL5383F_6":null,"COL5383F_7":"La Cañada","COL5383F_8":"TR","COL5383F_9":null,"COL5383F10":null,"COL5383F11":null,"COL5383F12":null,"COL5383F13":"-34.92390,-58.08056","COL5383F14":"SRID=22185;POINT(5675393.99 6134134.69)","COL5383F15":"Descartado","COL5383F16":null,"COL5383F17":null,"COL5383F18":null,"COL5383F19":null,"COL5383F20":null,"COL5383F21":null,"COL5383F22":null,"COL5383F23":null,"COL5383F24":"ok","COL5383F25":943816},"id":63},
{"type":"Feature","geometry":{"type":"Polygon","coordinates":[[[-58.05690099999518,-34.93406299999736],[-58.05366499999519,-34.930980999997345],[-58.056212499995205,-34.92927509999735],[-58.059557999995306,-34.93221199999738],[-58.05690099999518,-34.93406299999736]]]},"properties":{"fid":64,"id":"5383F8CD0D000439","Name":"Senderos","descriptio":"<div>2021</div>","timestamp":null,"begin":null,"end":null,"altitudeMo":null,"tessellate":-1,"extrude":0,"visibility":-1,"drawOrder":null,"icon":null,"COL53838E7":null,"COL5383F8C":1092,"COL5383F_1":1085,"COL53838_1":1029,"COL5383F_2":55,"COL5383F_3":"Vivienda","COL5383F_4":null,"COL5383F_5":13268,"COL5383F_6":null,"COL5383F_7":"Senderos","COL5383F_8":"TR","COL5383F_9":null,"COL5383F10":null,"COL5383F11":null,"COL5383F12":null,"COL5383F13":"-34.93033,-58.05746","COL5383F14":"SRID=22185;POINT(5677492.58 6133379.13)","COL5383F15":"Descartado","COL5383F16":null,"COL5383F17":null,"COL5383F18":null,"COL5383F19":null,"COL5383F20":null,"COL5383F21":null,"COL5383F22":null,"COL5383F23":null,"COL5383F24":null,"COL5383F25":138697},"id":64},
{"type":"Feature","geometry":{"type":"Polygon","coordinates":[[[-58.04247641320218,-34.904593254966464],[-58.042487398445274,-34.90443004175027],[-58.04245516340688,-34.904258021240565],[-58.04242495921498,-34.90412487579306],[-58.042395540287984,-34.903963264606254],[-58.04235288278518,-34.90382478156196],[-58.04231614867918,-34.90359807490644],[-58.04225544193478,-34.90323841327096],[-58.04225421670138,-34.90307806742556],[-58.042295113163966,-34.903069534008445],[-58.04313711756118,-34.90287536830136],[-58.04348271544418,-34.90279576921376],[-58.04382244928209,-34.903793387154266],[-58.043774940215975,-34.90380397752827],[-58.04392781092309,-34.904235417116176],[-58.04247641320218,-34.904593254966464]]]},"properties":{"fid":65,"id":"5383F8CD0D00043A","Name":"Quintas de Mitre","descriptio":"<div>2016</div>","timestamp":null,"begin":null,"end":null,"altitudeMo":null,"tessellate":-1,"extrude":0,"visibility":-1,"drawOrder":null,"icon":null,"COL53838E7":null,"COL5383F8C":1093,"COL5383F_1":1086,"COL53838_1":583,"COL5383F_2":55,"COL5383F_3":"Vivienda","COL5383F_4":"Barrio Privado","COL5383F_5":13267,"COL5383F_6":1008,"COL5383F_7":"Quintas de Mitre","COL5383F_8":"TU","COL5383F_9":null,"COL5383F10":null,"COL5383F11":"PH","COL5383F12":null,"COL5383F13":"-34.90437,-58.04346","COL5383F14":"SRID=22185;POINT(5678828.61 6136234.47)","COL5383F15":"No Registrado","COL5383F16":null,"COL5383F17":null,"COL5383F18":"En seguimiento","COL5383F19":null,"COL5383F20":null,"COL5383F21":null,"COL5383F22":null,"COL5383F23":null,"COL5383F24":null,"COL5383F25":21242},"id":65},
{"type":"Feature","geometry":{"type":"Polygon","coordinates":[[[-57.89181799999263,-34.954769999995776],[-57.89135599999264,-34.95432199999576],[-57.89298199999264,-34.95310799999578],[-57.89348099999263,-34.95358599999578],[-57.89181799999263,-34.954769999995776]]]},"properties":{"fid":66,"id":"5383F8CD0D00043B","Name":"Barrio 609 y 5 bis","descriptio":"<div>2014</div>","timestamp":null,"begin":null,"end":null,"altitudeMo":null,"tessellate":-1,"extrude":0,"visibility":-1,"drawOrder":null,"icon":null,"COL53838E7":null,"COL5383F8C":1094,"COL5383F_1":1087,"COL53838_1":1010,"COL5383F_2":55,"COL5383F_3":"Vivienda","COL5383F_4":null,"COL5383F_5":13266,"COL5383F_6":null,"COL5383F_7":"Barrio 609 y 5 bis","COL5383F_8":"TU","COL5383F_9":null,"COL5383F10":null,"COL5383F11":"PH","COL5383F12":null,"COL5383F13":"-34.95447,-57.89164","COL5383F14":"SRID=22185;POINT(5692596.79 6130387.2)","COL5383F15":"Descartado","COL5383F16":null,"COL5383F17":null,"COL5383F18":null,"COL5383F19":null,"COL5383F20":null,"COL5383F21":null,"COL5383F22":null,"COL5383F23":null,"COL5383F24":null,"COL5383F25":13553},"id":66},
{"type":"Feature","geometry":{"type":"Polygon","coordinates":[[[-58.04978653650468,-34.91928679548601],[-58.04645169600478,-34.92006295714619],[-58.045796996787374,-34.91937381276278],[-58.04951919005309,-34.918507549094095],[-58.04978653650468,-34.91928679548601]]]},"properties":{"fid":67,"id":"5383F8CD0D00043C","Name":"Las Huertas","descriptio":"<div>2015</div>","timestamp":null,"begin":null,"end":null,"altitudeMo":null,"tessellate":-1,"extrude":0,"visibility":-1,"drawOrder":null,"icon":null,"COL53838E7":null,"COL5383F8C":1095,"COL5383F_1":1088,"COL53838_1":422,"COL5383F_2":55,"COL5383F_3":"Vivienda","COL5383F_4":"Barrio Privado","COL5383F_5":13265,"COL5383F_6":941,"COL5383F_7":"Las Huertas","COL5383F_8":"TU","COL5383F_9":null,"COL5383F10":null,"COL5383F11":"PH","COL5383F12":null,"COL5383F13":"-34.91972,-58.04614","COL5383F14":"SRID=22185;POINT(5678552.11 6134534.63)","COL5383F15":"Registrado","COL5383F16":"6011/02","COL5383F17":null,"COL5383F18":null,"COL5383F19":null,"COL5383F20":null,"COL5383F21":null,"COL5383F22":null,"COL5383F23":null,"COL5383F24":"ok","COL5383F25":30100},"id":67},
{"type":"Feature","geometry":{"type":"Polygon","coordinates":[[[-58.11200799999597,-34.887460999997764],[-58.111353999995885,-34.88692699999777],[-58.115088999995976,-34.884376999997784],[-58.11568499999598,-34.8848999999978],[-58.11200799999597,-34.887460999997764]]]},"properties":{"fid":68,"id":"5383F8CD0D00043E","Name":"Los Ciruelos","descriptio":"<div>2014</div>","timestamp":null,"begin":null,"end":null,"altitudeMo":null,"tessellate":-1,"extrude":0,"visibility":-1,"drawOrder":null,"icon":null,"COL53838E7":null,"COL5383F8C":1097,"COL5383F_1":1090,"COL53838_1":822,"COL5383F_2":55,"COL5383F_3":"Vivienda","COL5383F_4":null,"COL5383F_5":13263,"COL5383F_6":null,"COL5383F_7":"Los Ciruelos","COL5383F_8":"TU","COL5383F_9":null,"COL5383F10":null,"COL5383F11":"PH","COL5383F12":null,"COL5383F13":"-34.88469,-58.11538","COL5383F14":"SRID=22185;POINT(5672292.2 6138547.36)","COL5383F15":"No Registrado","COL5383F16":null,"COL5383F17":null,"COL5383F18":"En seguimiento","COL5383F19":null,"COL5383F20":null,"COL5383F21":null,"COL5383F22":null,"COL5383F23":null,"COL5383F24":null,"COL5383F25":36061},"id":68},
{"type":"Feature","geometry":{"type":"Polygon","coordinates":[[[-58.08157999999555,-34.97368999999753],[-58.08272299999554,-34.97472599999763],[-58.07874599999554,-34.97770499999759],[-58.07758299999554,-34.97664199999759],[-58.08157999999555,-34.97368999999753]]]},"properties":{"fid":69,"id":"5383F8CD0D000440","Name":"Área Productiva La Plata","descriptio":null,"timestamp":null,"begin":null,"end":null,"altitudeMo":null,"tessellate":-1,"extrude":0,"visibility":-1,"drawOrder":null,"icon":null,"COL53838E7":null,"COL5383F8C":1099,"COL5383F_1":1092,"COL53838_1":482,"COL5383F_2":55,"COL5383F_3":"Parque Industrial","COL5383F_4":null,"COL5383F_5":13270,"COL5383F_6":0,"COL5383F_7":"Área Productiva La Plata","COL5383F_8":"TU","COL5383F_9":null,"COL5383F10":null,"COL5383F11":"PH","COL5383F12":null,"COL5383F13":"-34.97708,-58.07811","COL5383F14":"SRID=22185;POINT(5675508.46 6128225.63)","COL5383F15":"No Registrado","COL5383F16":null,"COL5383F17":null,"COL5383F18":"A verificar","COL5383F19":null,"COL5383F20":null,"COL5383F21":null,"COL5383F22":null,"COL5383F23":null,"COL5383F24":null,"COL5383F25":77028},"id":69},
{"type":"Feature","geometry":{"type":"Polygon","coordinates":[[[-58.10270585049636,-34.859850401913725],[-58.10344202891715,-34.86047815133683],[-58.10344082183595,-34.860516434850226],[-58.102107536737655,-34.86157404046181],[-58.10210336722885,-34.86156991982622],[-58.10202919515015,-34.86162878381882],[-58.10203239131605,-34.86163243864472],[-58.10194360691974,-34.86170387192652],[-58.10189815702206,-34.86170235117843],[-58.10116505309535,-34.86107409980621],[-58.101924248445755,-34.860471856864926],[-58.10270585049636,-34.859850401913725]]]},"properties":{"fid":70,"id":"5383F8CD0D000445","Name":"Las Muñecas II","descriptio":"<div>2004</div>","timestamp":null,"begin":null,"end":null,"altitudeMo":null,"tessellate":-1,"extrude":0,"visibility":-1,"drawOrder":null,"icon":null,"COL53838E7":null,"COL5383F8C":1104,"COL5383F_1":1097,"COL53838_1":1196,"COL5383F_2":55,"COL5383F_3":"Vivienda","COL5383F_4":"Barrio Cerrado","COL5383F_5":11434,"COL5383F_6":336,"COL5383F_7":"Las Muñecas II","COL5383F_8":"TC","COL5383F_9":null,"COL5383F10":null,"COL5383F11":"PH","COL5383F12":null,"COL5383F13":"-34.86140,-58.10154","COL5383F14":"SRID=22185;POINT(5673609.77 6141104.62)","COL5383F15":"Registrado","COL5383F16":"6011/02","COL5383F17":null,"COL5383F18":null,"COL5383F19":null,"COL5383F20":null,"COL5383F21":null,"COL5383F22":null,"COL5383F23":null,"COL5383F24":"ok","COL5383F25":19515},"id":70},
{"type":"Feature","geometry":{"type":"Polygon","coordinates":[[[-57.99682450011592,-34.89764397043748],[-57.994607961803695,-34.895587352792965],[-57.995778505938596,-34.89528340320916],[-57.995819178419715,-34.895320122357056],[-57.9959413632024,-34.89528834237938],[-57.997712837351315,-34.896962340130884],[-57.99682450011592,-34.89764397043748]]]},"properties":{"fid":71,"id":"5383F8CD0D000446","Name":"El Cauquen","descriptio":"<div>2015</div>","timestamp":null,"begin":null,"end":null,"altitudeMo":null,"tessellate":-1,"extrude":0,"visibility":-1,"drawOrder":null,"icon":null,"COL53838E7":null,"COL5383F8C":1105,"COL5383F_1":1098,"COL53838_1":1067,"COL5383F_2":55,"COL5383F_3":"Vivienda","COL5383F_4":null,"COL5383F_5":13281,"COL5383F_6":5079,"COL5383F_7":"El Cauquen","COL5383F_8":"TD","COL5383F_9":null,"COL5383F10":null,"COL5383F11":null,"COL5383F12":null,"COL5383F13":"-34.89626,-57.99524","COL5383F14":"SRID=22185;POINT(5683251.99 6137049.57)","COL5383F15":"Registrado","COL5383F16":"Tierra Desarrollo 25%","COL5383F17":null,"COL5383F18":null,"COL5383F19":null,"COL5383F20":null,"COL5383F21":null,"COL5383F22":null,"COL5383F23":null,"COL5383F24":"ok","COL5383F25":31177},"id":71},
{"type":"Feature","geometry":{"type":"Polygon","coordinates":[[[-58.11013680894447,-35.07601294552208],[-58.100309359874956,-35.067107590740115],[-58.09181183226806,-35.05960997917567],[-58.09218288952055,-35.05615041985097],[-58.09382283265065,-35.05467786719837],[-58.10434592267258,-35.064122441999444],[-58.11412050505598,-35.073005023211],[-58.11013680894447,-35.07601294552208]]]},"properties":{"fid":72,"id":"5383F8CD0D00044D","Name":"La Florida I","descriptio":"<div>2013</div>","timestamp":null,"begin":null,"end":null,"altitudeMo":null,"tessellate":-1,"extrude":0,"visibility":-1,"drawOrder":null,"icon":null,"COL53838E7":null,"COL5383F8C":1112,"COL5383F_1":1105,"COL53838_1":825,"COL5383F_2":55,"COL5383F_3":"Vivienda","COL5383F_4":"Club de Campo","COL5383F_5":13285,"COL5383F_6":null,"COL5383F_7":"La Florida I","COL5383F_8":"TR","COL5383F_9":null,"COL5383F10":null,"COL5383F11":"Geodesia","COL5383F12":null,"COL5383F13":"-35.057259,-58.091934","COL5383F14":"SRID=22185;POINT(5674091.1 6119355.66)","COL5383F15":"No Registrado","COL5383F16":null,"COL5383F17":null,"COL5383F18":"En seguimiento","COL5383F19":null,"COL5383F20":0,"COL5383F21":null,"COL5383F22":null,"COL5383F23":null,"COL5383F24":null,"COL5383F25":1324248},"id":72},
{"type":"Feature","geometry":{"type":"Polygon","coordinates":[[[-58.069964574558014,-35.01801007180723],[-58.069437628546716,-35.01842137886922],[-58.06875775022192,-35.01780801294461],[-58.06928745483873,-35.017391165223614],[-58.069964574558014,-35.01801007180723]]]},"properties":{"fid":73,"id":"5383F8CD0D00044E","Name":"Las Moras (55)","descriptio":"<div>2014</div>","timestamp":null,"begin":null,"end":null,"altitudeMo":null,"tessellate":-1,"extrude":0,"visibility":-1,"drawOrder":null,"icon":null,"COL53838E7":null,"COL5383F8C":1113,"COL5383F_1":1106,"COL53838_1":1376,"COL5383F_2":55,"COL5383F_3":"Vivienda","COL5383F_4":"Barrio Privado","COL5383F_5":13284,"COL5383F_6":0,"COL5383F_7":"Las Moras (55)","COL5383F_8":"TU","COL5383F_9":null,"COL5383F10":null,"COL5383F11":"PH","COL5383F12":null,"COL5383F13":"-35.017601,-58.069602","COL5383F14":"SRID=22185;POINT(5676200.45 6123712.61)","COL5383F15":"Descartado","COL5383F16":null,"COL5383F17":null,"COL5383F18":null,"COL5383F19":null,"COL5383F20":null,"COL5383F21":null,"COL5383F22":null,"COL5383F23":null,"COL5383F24":null,"COL5383F25":6141},"id":73},
{"type":"Feature","geometry":{"type":"Polygon","coordinates":[[[-58.01182499999464,-34.96411699999697],[-58.01217399999463,-34.96445999999697],[-58.01111699999463,-34.96525099999696],[-58.01039799999463,-34.964573999996965],[-58.012479999994646,-34.96301799999697],[-58.01285499999464,-34.96337899999699],[-58.01182499999464,-34.96411699999697]]]},"properties":{"fid":74,"id":"5383F8CD0D00044F","Name":"Nuevos Aires","descriptio":"<div>2015</div>","timestamp":null,"begin":null,"end":null,"altitudeMo":null,"tessellate":-1,"extrude":0,"visibility":-1,"drawOrder":null,"icon":null,"COL53838E7":null,"COL5383F8C":1114,"COL5383F_1":1107,"COL53838_1":827,"COL5383F_2":55,"COL5383F_3":"Vivienda","COL5383F_4":"Barrio Cerrado","COL5383F_5":13283,"COL5383F_6":997,"COL5383F_7":"Nuevos Aires","COL5383F_8":"TU","COL5383F_9":null,"COL5383F10":null,"COL5383F11":"PH","COL5383F12":null,"COL5383F13":"-34.96328,-58.01284","COL5383F14":"SRID=22185;POINT(5681502.34 6129638.45)","COL5383F15":"No Registrado","COL5383F16":null,"COL5383F17":null,"COL5383F18":"A notificar","COL5383F19":null,"COL5383F20":null,"COL5383F21":null,"COL5383F22":null,"COL5383F23":null,"COL5383F24":null,"COL5383F25":19508},"id":74},
{"type":"Feature","geometry":{"type":"Polygon","coordinates":[[[-58.108405097138466,-34.857974618265864],[-58.107534254631155,-34.85725873452256],[-58.10918289927487,-34.85593019409327],[-58.10981085934576,-34.85646222371448],[-58.110050598502546,-34.85665448888727],[-58.108405097138466,-34.857974618265864]]]},"properties":{"fid":75,"id":"5383F8CD0D000470","Name":"Villalba II","descriptio":"<div>2018</div>","timestamp":null,"begin":null,"end":null,"altitudeMo":null,"tessellate":-1,"extrude":0,"visibility":-1,"drawOrder":null,"icon":null,"COL53838E7":null,"COL5383F8C":1147,"COL5383F_1":1140,"COL53838_1":840,"COL5383F_2":55,"COL5383F_3":"Vivienda","COL5383F_4":null,"COL5383F_5":13319,"COL5383F_6":1012,"COL5383F_7":"Villalba II","COL5383F_8":null,"COL5383F_9":null,"COL5383F10":null,"COL5383F11":null,"COL5383F12":null,"COL5383F13":null,"COL5383F14":null,"COL5383F15":"No Registrado","COL5383F16":null,"COL5383F17":null,"COL5383F18":"En seguimiento","COL5383F19":null,"COL5383F20":null,"COL5383F21":null,"COL5383F22":null,"COL5383F23":null,"COL5383F24":null,"COL5383F25":23677},"id":75},
{"type":"Feature","geometry":{"type":"Polygon","coordinates":[[[-58.106724259350564,-34.85663634891024],[-58.10630537586437,-34.85629438605146],[-58.10588908148696,-34.85595886087845],[-58.10594536871857,-34.855911972479646],[-58.10590575263446,-34.85588026275045],[-58.105867422904076,-34.855911659338844],[-58.10516179888504,-34.855349289536136],[-58.104326205569855,-34.854671964829635],[-58.105011384485465,-34.85415191057544],[-58.105994466594545,-34.85339847788864],[-58.10602405576426,-34.85337631788995],[-58.10679422523895,-34.85399367164616],[-58.10753249992345,-34.854595924203956],[-58.10836198509078,-34.855273763105856],[-58.106724259350564,-34.85663634891024]]]},"properties":{"fid":76,"id":"5383F8CD0D000471","Name":"Villalba I","descriptio":"<div>2017</div>","timestamp":null,"begin":null,"end":null,"altitudeMo":null,"tessellate":-1,"extrude":0,"visibility":-1,"drawOrder":null,"icon":null,"COL53838E7":null,"COL5383F8C":1148,"COL5383F_1":1141,"COL53838_1":571,"COL5383F_2":55,"COL5383F_3":"Vivienda","COL5383F_4":null,"COL5383F_5":13320,"COL5383F_6":1013,"COL5383F_7":"Villalba I","COL5383F_8":null,"COL5383F_9":null,"COL5383F10":null,"COL5383F11":null,"COL5383F12":null,"COL5383F13":null,"COL5383F14":null,"COL5383F15":"No Registrado","COL5383F16":null,"COL5383F17":null,"COL5383F18":"En seguimiento","COL5383F19":null,"COL5383F20":67,"COL5383F21":null,"COL5383F22":null,"COL5383F23":null,"COL5383F24":null,"COL5383F25":64524},"id":76},
{"type":"Feature","geometry":{"type":"Polygon","coordinates":[[[-57.87954529999242,-34.94703539999555],[-57.87882109999241,-34.947584999995534],[-57.876133599992315,-34.94508739999551],[-57.8768523999923,-34.94455979999551],[-57.87954529999242,-34.94703539999555]]]},"properties":{"fid":77,"id":"5383F8CD0D000475","Name":"Quintas del Oasis","descriptio":"<div>2015</div>","timestamp":null,"begin":null,"end":null,"altitudeMo":null,"tessellate":-1,"extrude":0,"visibility":-1,"drawOrder":null,"icon":null,"COL53838E7":null,"COL5383F8C":1152,"COL5383F_1":1145,"COL53838_1":37,"COL5383F_2":55,"COL5383F_3":"Vivienda","COL5383F_4":null,"COL5383F_5":13325,"COL5383F_6":5100,"COL5383F_7":"Quintas del Oasis","COL5383F_8":null,"COL5383F_9":null,"COL5383F10":null,"COL5383F11":null,"COL5383F12":null,"COL5383F13":null,"COL5383F14":null,"COL5383F15":"No Registrado","COL5383F16":null,"COL5383F17":null,"COL5383F18":"A notificar","COL5383F19":null,"COL5383F20":null,"COL5383F21":null,"COL5383F22":null,"COL5383F23":null,"COL5383F24":null,"COL5383F25":32865},"id":77},
{"type":"Feature","geometry":{"type":"Polygon","coordinates":[[[-58.10029149050105,-34.86177089217431],[-58.09952118319114,-34.86238457655141],[-58.09876142982526,-34.861736607970506],[-58.099531736278436,-34.8611229283347],[-58.10030214059335,-34.860509245095315],[-58.10106178844586,-34.86115711239501],[-58.10029149050105,-34.86177089217431]]]},"properties":{"fid":78,"id":"5383F8CD0D000476","Name":"Las Garzas","descriptio":"<div>2017</div>","timestamp":null,"begin":null,"end":null,"altitudeMo":null,"tessellate":-1,"extrude":0,"visibility":-1,"drawOrder":null,"icon":null,"COL53838E7":null,"COL5383F8C":1153,"COL5383F_1":1146,"COL53838_1":99,"COL5383F_2":55,"COL5383F_3":"Vivienda","COL5383F_4":null,"COL5383F_5":13326,"COL5383F_6":1006,"COL5383F_7":"Las Garzas","COL5383F_8":null,"COL5383F_9":null,"COL5383F10":null,"COL5383F11":null,"COL5383F12":null,"COL5383F13":null,"COL5383F14":null,"COL5383F15":"No Registrado","COL5383F16":null,"COL5383F17":null,"COL5383F18":"A notificar","COL5383F19":null,"COL5383F20":null,"COL5383F21":null,"COL5383F22":null,"COL5383F23":null,"COL5383F24":null,"COL5383F25":19586},"id":78},
{"type":"Feature","geometry":{"type":"Polygon","coordinates":[[[-58.021722477256944,-34.895228762017375],[-58.02183447753615,-34.89532935825669],[-58.02215853561715,-34.8956229311916],[-58.022203507608154,-34.89566331653509],[-58.02169968116134,-34.8960378593711],[-58.02155502577755,-34.89614491122669],[-58.021148126296254,-34.89644568852789],[-58.02106168974715,-34.896510519858595],[-58.02098239782134,-34.896569339252295],[-58.02057679545266,-34.89687058627927],[-58.02009558318415,-34.896434580513876],[-58.021722477256944,-34.895228762017375]]]},"properties":{"fid":79,"id":"5383F8CD0E00048E","Name":"Sin Nombre 021","descriptio":"<div>2002</div>","timestamp":null,"begin":null,"end":null,"altitudeMo":null,"tessellate":-1,"extrude":0,"visibility":-1,"drawOrder":null,"icon":null,"COL53838E7":null,"COL5383F8C":1177,"COL5383F_1":1170,"COL53838_1":485,"COL5383F_2":55,"COL5383F_3":"Vivienda","COL5383F_4":null,"COL5383F_5":13350,"COL5383F_6":null,"COL5383F_7":"Sin Nombre 021","COL5383F_8":null,"COL5383F_9":null,"COL5383F10":null,"COL5383F11":null,"COL5383F12":null,"COL5383F13":null,"COL5383F14":null,"COL5383F15":"No Registrado","COL5383F16":null,"COL5383F17":null,"COL5383F18":"A notificar","COL5383F19":null,"COL5383F20":null,"COL5383F21":null,"COL5383F22":null,"COL5383F23":null,"COL5383F24":null,"COL5383F25":13068},"id":79},
{"type":"Feature","geometry":{"type":"Polygon","coordinates":[[[-57.981603979103795,-34.99736264062187],[-57.9800188421269,-34.998552061169676],[-57.97803660246989,-34.99678831245964],[-57.9796469676315,-34.99557915078356],[-57.9809855565753,-34.99458064981837],[-57.98193158208159,-34.995443505328986],[-57.9829426407448,-34.9963659219827],[-57.981603979103795,-34.99736264062187]]]},"properties":{"fid":80,"id":"5383F8CD0E0004AE","Name":"Haras de ACLHO","descriptio":"<div>2017</div>","timestamp":null,"begin":null,"end":null,"altitudeMo":null,"tessellate":-1,"extrude":0,"visibility":-1,"drawOrder":null,"icon":null,"COL53838E7":null,"COL5383F8C":1209,"COL5383F_1":1202,"COL53838_1":493,"COL5383F_2":55,"COL5383F_3":"Vivienda","COL5383F_4":"Semi Cerrado","COL5383F_5":13383,"COL5383F_6":null,"COL5383F_7":"Haras de ACLHO","COL5383F_8":null,"COL5383F_9":null,"COL5383F10":null,"COL5383F11":null,"COL5383F12":null,"COL5383F13":null,"COL5383F14":null,"COL5383F15":"No Registrado","COL5383F16":null,"COL5383F17":null,"COL5383F18":"en analisis","COL5383F19":null,"COL5383F20":null,"COL5383F21":null,"COL5383F22":null,"COL5383F23":null,"COL5383F24":null,"COL5383F25":96591},"id":80},
{"type":"Feature","geometry":{"type":"Polygon","coordinates":[[[-57.906262399992855,-34.95653449999593],[-57.90518409999286,-34.95551879999593],[-57.90647159999286,-34.95458229999594],[-57.907539099992874,-34.95558479999596],[-57.906262399992855,-34.95653449999593]]]},"properties":{"fid":81,"id":"5383F8CD0E0004BE","Name":"La Elvira Barrio Cerrado","descriptio":"<div>2015</div>","timestamp":null,"begin":null,"end":null,"altitudeMo":null,"tessellate":-1,"extrude":0,"visibility":-1,"drawOrder":null,"icon":null,"COL53838E7":null,"COL5383F8C":1225,"COL5383F_1":1218,"COL53838_1":1362,"COL5383F_2":55,"COL5383F_3":"Vivienda","COL5383F_4":null,"COL5383F_5":13399,"COL5383F_6":null,"COL5383F_7":"La Elvira Barrio Cerrado","COL5383F_8":null,"COL5383F_9":null,"COL5383F10":null,"COL5383F11":null,"COL5383F12":null,"COL5383F13":null,"COL5383F14":null,"COL5383F15":"No Registrado","COL5383F16":null,"COL5383F17":null,"COL5383F18":"En seguimiento","COL5383F19":null,"COL5383F20":null,"COL5383F21":null,"COL5383F22":null,"COL5383F23":null,"COL5383F24":null,"COL5383F25":23363},"id":81},
{"type":"Feature","geometry":{"type":"Polygon","coordinates":[[[-58.04069569999506,-34.88211889999725],[-58.03968179999497,-34.88084709999726],[-58.03929549999498,-34.880723899997236],[-58.03875369999498,-34.88084269999724],[-58.038233399994965,-34.88084269999724],[-58.03785789999497,-34.880671099997244],[-58.03769689999497,-34.88040259999723],[-58.03776669999498,-34.88005939999724],[-58.041060399995075,-34.87935529999727],[-58.04190799999508,-34.88182839999726],[-58.04069569999506,-34.88211889999725]]]},"properties":{"fid":82,"id":"5383F8CD0E0004BF","Name":"City Bell Chico","descriptio":"<div>2012</div>","timestamp":null,"begin":null,"end":null,"altitudeMo":null,"tessellate":-1,"extrude":0,"visibility":-1,"drawOrder":null,"icon":null,"COL53838E7":null,"COL5383F8C":1226,"COL5383F_1":1219,"COL53838_1":666,"COL5383F_2":55,"COL5383F_3":"Vivienda","COL5383F_4":null,"COL5383F_5":13400,"COL5383F_6":1009,"COL5383F_7":"City Bell Chico","COL5383F_8":null,"COL5383F_9":null,"COL5383F10":null,"COL5383F11":null,"COL5383F12":null,"COL5383F13":null,"COL5383F14":null,"COL5383F15":"No Registrado","COL5383F16":null,"COL5383F17":null,"COL5383F18":"A notificar","COL5383F19":null,"COL5383F20":null,"COL5383F21":null,"COL5383F22":null,"COL5383F23":null,"COL5383F24":null,"COL5383F25":59628},"id":82},
{"type":"Feature","geometry":{"type":"Polygon","coordinates":[[[-58.15281997956561,-34.97719277119189],[-58.153333538872815,-34.97763975189179],[-58.153315272668316,-34.978082606325295],[-58.152996218276925,-34.978350192380695],[-58.150303264815804,-34.98044031210138],[-58.148951915039405,-34.98152199902447],[-58.1440459188631,-34.97735517127254],[-58.145411220749416,-34.976280781000234],[-58.144607285599825,-34.975598526204436],[-58.143923326082,-34.97496649641194],[-58.14219488132581,-34.973504227063636],[-58.14207287069202,-34.97330246837573],[-58.140492518516105,-34.97196608976062],[-58.138868794169106,-34.97057945890741],[-58.135597058131616,-34.96776430452689],[-58.139707830343504,-34.96456367159903],[-58.1413912022631,-34.965985450455136],[-58.14300054890761,-34.967342628103445],[-58.144614735148316,-34.968710853882044],[-58.146186945099004,-34.970044531727545],[-58.146304727853924,-34.97029326583265],[-58.1479920064053,-34.97177053068348],[-58.14874529590882,-34.97248443505268],[-58.14947890763182,-34.97307105232326],[-58.153552133219414,-34.97663316428591],[-58.15281997956561,-34.97719277119189]]]},"properties":{"fid":83,"id":"5383F8CD0E0004CF","Name":"Parque Industrial II","descriptio":null,"timestamp":null,"begin":null,"end":null,"altitudeMo":null,"tessellate":-1,"extrude":0,"visibility":-1,"drawOrder":null,"icon":null,"COL53838E7":null,"COL5383F8C":1245,"COL5383F_1":1235,"COL53838_1":833,"COL5383F_2":55,"COL5383F_3":"Parque Industrial","COL5383F_4":null,"COL5383F_5":13419,"COL5383F_6":null,"COL5383F_7":"Parque Industrial II","COL5383F_8":null,"COL5383F_9":null,"COL5383F10":null,"COL5383F11":null,"COL5383F12":null,"COL5383F13":null,"COL5383F14":null,"COL5383F15":"No Registrado","COL5383F16":null,"COL5383F17":null,"COL5383F18":"A verificar","COL5383F19":null,"COL5383F20":null,"COL5383F21":null,"COL5383F22":null,"COL5383F23":null,"COL5383F24":null,"COL5383F25":1103150},"id":83},
{"type":"Feature","geometry":{"type":"Polygon","coordinates":[[[-58.02556878892795,-34.86976668014164],[-58.02558223797126,-34.86973012899384],[-58.02661735809337,-34.86927109671035],[-58.02666182033427,-34.86928200229845],[-58.02720032884866,-34.870106795052045],[-58.02734278050077,-34.870144614959145],[-58.02615548414405,-34.870670395502536],[-58.02556878892795,-34.86976668014164]]]},"properties":{"fid":84,"id":"5383F8CD0E000505","Name":"POTREROS DE CASTELLS","descriptio":"<div>2015</div>","timestamp":null,"begin":null,"end":null,"altitudeMo":null,"tessellate":-1,"extrude":0,"visibility":-1,"drawOrder":null,"icon":null,"COL53838E7":null,"COL5383F8C":1330,"COL5383F_1":1289,"COL53838_1":887,"COL5383F_2":55,"COL5383F_3":"Vivienda","COL5383F_4":null,"COL5383F_5":13505,"COL5383F_6":null,"COL5383F_7":"POTREROS DE CASTELLS","COL5383F_8":null,"COL5383F_9":null,"COL5383F10":null,"COL5383F11":null,"COL5383F12":null,"COL5383F13":null,"COL5383F14":null,"COL5383F15":"No Registrado","COL5383F16":null,"COL5383F17":null,"COL5383F18":"A notificar","COL5383F19":null,"COL5383F20":null,"COL5383F21":null,"COL5383F22":null,"COL5383F23":null,"COL5383F24":null,"COL5383F25":13300},"id":84},
{"type":"Feature","geometry":{"type":"Polygon","coordinates":[[[-58.08702219142384,-34.84480074729602],[-58.08717715920125,-34.845208739117226],[-58.08734789494905,-34.84565816502121],[-58.085473952794324,-34.8458718246235],[-58.08526088347584,-34.84536269903531],[-58.08582097013943,-34.84521389252563],[-58.08577284693673,-34.845087503393906],[-58.08630646679383,-34.844948551944825],[-58.086223937269544,-34.84473122803072],[-58.08692688362932,-34.844549787125814],[-58.08702219142384,-34.84480074729602]]]},"properties":{"fid":85,"id":"5383F8CD0E000506","Name":"Village El Molino","descriptio":"<div>2013</div>","timestamp":null,"begin":null,"end":null,"altitudeMo":null,"tessellate":-1,"extrude":0,"visibility":-1,"drawOrder":null,"icon":null,"COL53838E7":null,"COL5383F8C":1331,"COL5383F_1":1290,"COL53838_1":681,"COL5383F_2":55,"COL5383F_3":"Vivienda","COL5383F_4":null,"COL5383F_5":13506,"COL5383F_6":963,"COL5383F_7":"Village El Molino","COL5383F_8":"TC","COL5383F_9":null,"COL5383F10":null,"COL5383F11":null,"COL5383F12":null,"COL5383F13":null,"COL5383F14":null,"COL5383F15":"No Registrado","COL5383F16":"6011/02","COL5383F17":"oficio","COL5383F18":"En proceso","COL5383F19":null,"COL5383F20":null,"COL5383F21":null,"COL5383F22":null,"COL5383F23":null,"COL5383F24":null,"COL5383F25":16203},"id":85},
{"type":"Feature","geometry":{"type":"Polygon","coordinates":[[[-58.052803986734105,-34.94453834254151],[-58.05208517891881,-34.94384721103193],[-58.0545851937081,-34.94209468689814],[-58.055345533951396,-34.942825581556356],[-58.052803986734105,-34.94453834254151]]]},"properties":{"fid":86,"id":"5383F8CD0E000517","Name":"Campos de Romero","descriptio":"<div>2018</div>","timestamp":null,"begin":null,"end":null,"altitudeMo":null,"tessellate":-1,"extrude":0,"visibility":-1,"drawOrder":null,"icon":null,"COL53838E7":null,"COL5383F8C":1351,"COL5383F_1":1307,"COL53838_1":1401,"COL5383F_2":55,"COL5383F_3":"Vivienda","COL5383F_4":null,"COL5383F_5":13616,"COL5383F_6":5189,"COL5383F_7":"Campos de Romero","COL5383F_8":null,"COL5383F_9":null,"COL5383F10":null,"COL5383F11":null,"COL5383F12":null,"COL5383F13":null,"COL5383F14":null,"COL5383F15":"No Registrado","COL5383F16":null,"COL5383F17":null,"COL5383F18":"verificar tramites","COL5383F19":null,"COL5383F20":null,"COL5383F21":null,"COL5383F22":null,"COL5383F23":null,"COL5383F24":null,"COL5383F25":31151},"id":86},
{"type":"Feature","geometry":{"type":"Polygon","coordinates":[[[-58.05882944524409,-34.912729114885686],[-58.05734136916301,-34.91307960319528],[-58.05475840262381,-34.905638114060764],[-58.0602367866784,-34.9043475620717],[-58.060881113979505,-34.90620381206508],[-58.060034395135595,-34.9064032527111],[-58.0594589474858,-34.90653888848209],[-58.06009887462771,-34.90838209421549],[-58.060143954898706,-34.90851195847509],[-58.06019712567091,-34.9086652934265],[-58.0603267155644,-34.9086348285356],[-58.060345304268594,-34.908797975295094],[-58.060430916706004,-34.90896741915239],[-58.0605327345643,-34.90908512141478],[-58.06053078114721,-34.909340224861104],[-58.0606644949407,-34.909446089526],[-58.060869197758905,-34.90964086572089],[-58.0610675408658,-34.9097804757008],[-58.0610991943282,-34.9099510405958],[-58.06068172038421,-34.910369481358],[-58.0605495817123,-34.910908102243994],[-58.0605443623553,-34.911474073374094],[-58.060390829676905,-34.911782632202694],[-58.06040847602421,-34.912018401933096],[-58.06053930104629,-34.9123262734847],[-58.05903968534761,-34.91267957267617],[-58.05882944524409,-34.912729114885686]]]},"properties":{"fid":87,"id":"5383F8CD0E00051C","Name":"Grand Bell II","descriptio":"<div>2002</div>","timestamp":null,"begin":null,"end":null,"altitudeMo":null,"tessellate":-1,"extrude":0,"visibility":-1,"drawOrder":null,"icon":null,"COL53838E7":null,"COL5383F8C":1356,"COL5383F_1":1312,"COL53838_1":460,"COL5383F_2":55,"COL5383F_3":"Vivienda","COL5383F_4":null,"COL5383F_5":13526,"COL5383F_6":910,"COL5383F_7":"Grand Bell II","COL5383F_8":null,"COL5383F_9":null,"COL5383F10":null,"COL5383F11":null,"COL5383F12":null,"COL5383F13":null,"COL5383F14":null,"COL5383F15":"Registrado","COL5383F16":"6011/02","COL5383F17":"con interdiccion","COL5383F18":null,"COL5383F19":null,"COL5383F20":null,"COL5383F21":null,"COL5383F22":null,"COL5383F23":null,"COL5383F24":"ok","COL5383F25":352733},"id":87},
{"type":"Feature","geometry":{"type":"Polygon","coordinates":[[[-58.10334662556387,-34.85727152199203],[-58.103220705889456,-34.85737013494082],[-58.10309400637627,-34.85746936644713],[-58.10296741792206,-34.857568509424425],[-58.10284071987044,-34.857667650553026],[-58.102714128740054,-34.85776688333472],[-58.10258743008126,-34.85786602417643],[-58.10246874518666,-34.85795898133942],[-58.10233970522065,-34.85806006807583],[-58.10221144656087,-34.85816044587962],[-58.10208329481464,-34.85826091533351],[-58.10195503553236,-34.85836129284342],[-58.101826773868666,-34.85846176029711],[-58.10169862325906,-34.858562139219615],[-58.10156802435945,-34.85866437235401],[-58.10135434457396,-34.858480608797215],[-58.10124101901985,-34.85838312807271],[-58.10090812069545,-34.85809674398411],[-58.10101489343875,-34.85801315536331],[-58.10111454272726,-34.857935043014514],[-58.10121429905096,-34.85785702237492],[-58.10131394796315,-34.85777890984862],[-58.10141370598125,-34.85770079894041],[-58.10151335244645,-34.85762277632732],[-58.10161311008806,-34.85754466524132],[-58.10171275617724,-34.85746664245072],[-58.10181184525926,-34.857389061493116],[-58.10193053001305,-34.857296104960916],[-58.10202939802986,-34.85721861048891],[-58.10212837515466,-34.85714111763572],[-58.10222724073116,-34.857063713079725],[-58.102326108192266,-34.85698621834553],[-58.10242508269165,-34.85690881532072],[-58.102523949782366,-34.856831320411715],[-58.10262281461866,-34.856753915506225],[-58.102721790631854,-34.856676422128125],[-58.10282065509785,-34.85659901704782],[-58.10291428745696,-34.85652567590653],[-58.10325575969735,-34.85680533897612],[-58.10337075606585,-34.85690149206433],[-58.103475028147855,-34.85698855555113],[-58.103587775367856,-34.85708269064243],[-58.10334662556387,-34.85727152199203]]]},"properties":{"fid":88,"id":"5383F8CD0E00051E","Name":"Las Alondras","descriptio":"<div>2013</div>","timestamp":null,"begin":null,"end":null,"altitudeMo":null,"tessellate":-1,"extrude":0,"visibility":-1,"drawOrder":null,"icon":null,"COL53838E7":null,"COL5383F8C":1358,"COL5383F_1":1314,"COL53838_1":1430,"COL5383F_2":55,"COL5383F_3":"Vivienda","COL5383F_4":"Barrio Cerrado","COL5383F_5":13608,"COL5383F_6":1014,"COL5383F_7":"Las Alondras","COL5383F_8":null,"COL5383F_9":null,"COL5383F10":null,"COL5383F11":null,"COL5383F12":null,"COL5383F13":null,"COL5383F14":null,"COL5383F15":"Registrado","COL5383F16":"6011/02","COL5383F17":null,"COL5383F18":"Finalizado","COL5383F19":null,"COL5383F20":34,"COL5383F21":null,"COL5383F22":null,"COL5383F23":null,"COL5383F24":"ok","COL5383F25":22154},"id":88},
{"type":"Feature","geometry":{"type":"Polygon","coordinates":[[[-58.02407881671446,-34.99802428097196],[-58.02303659805616,-34.99881360883965],[-58.02197584573305,-34.99961677402314],[-58.02096192713904,-34.99869291625893],[-58.022010594168755,-34.99789578109074],[-58.02305087431777,-34.997104988411465],[-58.02414756319045,-34.99627202749757],[-58.02516684935027,-34.99720072274457],[-58.02407881671446,-34.99802428097196]]]},"properties":{"fid":89,"id":"5383F8CD0E000524","Name":"La Escondida","descriptio":"<div>2012</div>","timestamp":null,"begin":null,"end":null,"altitudeMo":null,"tessellate":-1,"extrude":0,"visibility":-1,"drawOrder":null,"icon":null,"COL53838E7":null,"COL5383F8C":1364,"COL5383F_1":1320,"COL53838_1":1409,"COL5383F_2":55,"COL5383F_3":"Vivienda","COL5383F_4":null,"COL5383F_5":13628,"COL5383F_6":null,"COL5383F_7":"La Escondida","COL5383F_8":null,"COL5383F_9":null,"COL5383F10":null,"COL5383F11":null,"COL5383F12":null,"COL5383F13":null,"COL5383F14":null,"COL5383F15":"No Registrado","COL5383F16":null,"COL5383F17":null,"COL5383F18":"inspeccion","COL5383F19":null,"COL5383F20":null,"COL5383F21":null,"COL5383F22":null,"COL5383F23":null,"COL5383F24":null,"COL5383F25":54815},"id":89},
{"type":"Feature","geometry":{"type":"Polygon","coordinates":[[[-58.07240991889321,-34.885364392069995],[-58.07195215413834,-34.88546969311369],[-58.07156243755801,-34.885564716843184],[-58.07145734212952,-34.885587742594],[-58.07041730701711,-34.88582330537987],[-58.07041290856641,-34.88582431700828],[-58.07009939112442,-34.88487305521928],[-58.070918310059824,-34.88468733761259],[-58.07170766289332,-34.88450303785909],[-58.07209801747262,-34.88441325077409],[-58.07240991889321,-34.885364392069995]]]},"properties":{"fid":90,"id":"5383F8CD0E00052C","Name":"Terranova 28 bis (55)","descriptio":"<div>2014</div>","timestamp":null,"begin":null,"end":null,"altitudeMo":null,"tessellate":-1,"extrude":0,"visibility":-1,"drawOrder":null,"icon":null,"COL53838E7":null,"COL5383F8C":1372,"COL5383F_1":1328,"COL53838_1":1280,"COL5383F_2":55,"COL5383F_3":"Vivienda","COL5383F_4":null,"COL5383F_5":13925,"COL5383F_6":null,"COL5383F_7":"Terranova 28 bis (55)","COL5383F_8":null,"COL5383F_9":null,"COL5383F10":null,"COL5383F11":null,"COL5383F12":null,"COL5383F13":null,"COL5383F14":null,"COL5383F15":"No Registrado","COL5383F16":null,"COL5383F17":null,"COL5383F18":"A Notificar","COL5383F19":null,"COL5383F20":null,"COL5383F21":null,"COL5383F22":null,"COL5383F23":null,"COL5383F24":null,"COL5383F25":20744},"id":90},
{"type":"Feature","geometry":{"type":"Polygon","coordinates":[[[-58.05436265581811,-34.98406196242611],[-58.05114190573359,-34.98645102592449],[-58.0501337753491,-34.98552488704039],[-58.053350753762174,-34.983137501685604],[-58.05436265581811,-34.98406196242611]]]},"properties":{"fid":91,"id":"5383F8CD0E000540","Name":"Aldea del Bosque","descriptio":"<div>2019</div>","timestamp":null,"begin":null,"end":null,"altitudeMo":null,"tessellate":-1,"extrude":0,"visibility":-1,"drawOrder":null,"icon":null,"COL53838E7":null,"COL5383F8C":1393,"COL5383F_1":1348,"COL53838_1":1393,"COL5383F_2":55,"COL5383F_3":"Vivienda","COL5383F_4":"Semi Cerrado","COL5383F_5":13600,"COL5383F_6":null,"COL5383F_7":"Aldea del Bosque","COL5383F_8":null,"COL5383F_9":null,"COL5383F10":null,"COL5383F11":null,"COL5383F12":null,"COL5383F13":null,"COL5383F14":null,"COL5383F15":"No Registrado","COL5383F16":null,"COL5383F17":null,"COL5383F18":"en analisis","COL5383F19":null,"COL5383F20":null,"COL5383F21":null,"COL5383F22":null,"COL5383F23":null,"COL5383F24":null,"COL5383F25":54603},"id":91},
{"type":"Feature","geometry":{"type":"Polygon","coordinates":[[[-58.000968689781324,-35.01419539317656],[-58.000106070196935,-35.014852024564455],[-57.999227699286514,-35.01552064596395],[-57.99843751965131,-35.01479062411723],[-57.997674456564724,-35.01408564734742],[-57.99691162111572,-35.01338084992302],[-57.997790312573116,-35.01271234044444],[-57.99864166584213,-35.01206383039744],[-57.99949311519413,-35.01141531566064],[-58.000258540322434,-35.01211743620744],[-58.00102397629273,-35.012819642371355],[-58.001818355336304,-35.01354836500296],[-58.000968689781324,-35.01419539317656]]]},"properties":{"fid":92,"id":"5383F8CD0E000543","Name":"El Remanso","descriptio":"<div>2010</div>","timestamp":null,"begin":null,"end":null,"altitudeMo":null,"tessellate":-1,"extrude":0,"visibility":-1,"drawOrder":null,"icon":null,"COL53838E7":null,"COL5383F8C":1396,"COL5383F_1":1351,"COL53838_1":1407,"COL5383F_2":55,"COL5383F_3":"Vivienda","COL5383F_4":null,"COL5383F_5":13623,"COL5383F_6":null,"COL5383F_7":"El Remanso","COL5383F_8":null,"COL5383F_9":null,"COL5383F10":null,"COL5383F11":null,"COL5383F12":null,"COL5383F13":null,"COL5383F14":null,"COL5383F15":"No Registrado","COL5383F16":null,"COL5383F17":null,"COL5383F18":"A Notificar","COL5383F19":null,"COL5383F20":null,"COL5383F21":null,"COL5383F22":null,"COL5383F23":null,"COL5383F24":null,"COL5383F25":102209},"id":92},
{"type":"Feature","geometry":{"type":"Polygon","coordinates":[[[-58.07942275879424,-34.899392080353536],[-58.07640403359572,-34.90004190578152],[-58.07535578401112,-34.89683847423322],[-58.07837627875922,-34.89610792841723],[-58.07942275879424,-34.899392080353536]]]},"properties":{"fid":93,"id":"5383F8CD0F000561","Name":"La Casona I","descriptio":"<div>2021</div>","timestamp":null,"begin":null,"end":null,"altitudeMo":null,"tessellate":-1,"extrude":0,"visibility":-1,"drawOrder":null,"icon":null,"COL53838E7":null,"COL5383F8C":1433,"COL5383F_1":1381,"COL53838_1":null,"COL5383F_2":55,"COL5383F_3":"Vivienda","COL5383F_4":null,"COL5383F_5":13666,"COL5383F_6":null,"COL5383F_7":"La Casona I","COL5383F_8":null,"COL5383F_9":null,"COL5383F10":null,"COL5383F11":null,"COL5383F12":null,"COL5383F13":null,"COL5383F14":null,"COL5383F15":"No Registrado","COL5383F16":null,"COL5383F17":null,"COL5383F18":"inspeccion","COL5383F19":null,"COL5383F20":null,"COL5383F21":null,"COL5383F22":null,"COL5383F23":null,"COL5383F24":null,"COL5383F25":106650},"id":93},
{"type":"Feature","geometry":{"type":"Polygon","coordinates":[[[-58.093284712473135,-34.89623847176975],[-58.08724582290905,-34.897599616202896],[-58.08660923282274,-34.89578474997649],[-58.092692328961945,-34.894540591802745],[-58.093284712473135,-34.89623847176975]]]},"properties":{"fid":94,"id":"5383F8CD0F000597","Name":"Northbell","descriptio":"<div>2023</div>","timestamp":null,"begin":null,"end":null,"altitudeMo":null,"tessellate":-1,"extrude":0,"visibility":-1,"drawOrder":null,"icon":null,"COL53838E7":null,"COL5383F8C":1506,"COL5383F_1":1435,"COL53838_1":null,"COL5383F_2":55,"COL5383F_3":"Vivienda","COL5383F_4":null,"COL5383F_5":13859,"COL5383F_6":null,"COL5383F_7":"Northbell","COL5383F_8":null,"COL5383F_9":null,"COL5383F10":null,"COL5383F11":null,"COL5383F12":null,"COL5383F13":null,"COL5383F14":null,"COL5383F15":"No Registrado","COL5383F16":null,"COL5383F17":null,"COL5383F18":"A Notificar","COL5383F19":null,"COL5383F20":null,"COL5383F21":null,"COL5383F22":null,"COL5383F23":null,"COL5383F24":null,"COL5383F25":116063},"id":94},
{"type":"Feature","geometry":{"type":"Polygon","coordinates":[[[-58.08098192830713,-34.918534627189246],[-58.08078150576313,-34.91858165045205],[-58.078300625843234,-34.91916976809723],[-58.07648003326453,-34.91544009647021],[-58.08080654881653,-34.91440498097605],[-58.081447831337734,-34.91630217570106],[-58.082118273593224,-34.918268680601045],[-58.08098192830713,-34.918534627189246]]]},"properties":{"fid":95,"id":"5383F8CD0F000598","Name":"Sin nombre 006","descriptio":"<div>2022</div>","timestamp":null,"begin":null,"end":null,"altitudeMo":null,"tessellate":-1,"extrude":0,"visibility":-1,"drawOrder":null,"icon":null,"COL53838E7":null,"COL5383F8C":1507,"COL5383F_1":1436,"COL53838_1":null,"COL5383F_2":55,"COL5383F_3":"Vivienda","COL5383F_4":null,"COL5383F_5":13851,"COL5383F_6":null,"COL5383F_7":"Sin nombre 006","COL5383F_8":null,"COL5383F_9":null,"COL5383F10":null,"COL5383F11":null,"COL5383F12":null,"COL5383F13":null,"COL5383F14":null,"COL5383F15":"No Registrado","COL5383F16":null,"COL5383F17":null,"COL5383F18":"En seguimiento","COL5383F19":null,"COL5383F20":null,"COL5383F21":null,"COL5383F22":null,"COL5383F23":null,"COL5383F24":"ok","COL5383F25":171998},"id":95},
{"type":"Feature","geometry":{"type":"Polygon","coordinates":[[[-58.082118273593224,-34.918268680601045],[-58.08535240934733,-34.91751085268379],[-58.086066484653145,-34.91962411273568],[-58.08283034983395,-34.92035164563396],[-58.08351781796933,-34.92234148268376],[-58.08286942139484,-34.92248653529075],[-58.08274438059423,-34.92233967813955],[-58.08251189687385,-34.92203575626006],[-58.08234774645273,-34.92187874952305],[-58.08206455770644,-34.921642146332445],[-58.08185107434174,-34.92144006954246],[-58.08176418674874,-34.92124520162295],[-58.08167243513874,-34.92115987270816],[-58.08149716673365,-34.92103319108645],[-58.08146083251063,-34.92095350315994],[-58.08143398704715,-34.92071478377065],[-58.081431767715024,-34.92046215559765],[-58.08147376487773,-34.92039800255085],[-58.081534271099336,-34.920334141808446],[-58.08162605226863,-34.920219303138154],[-58.08163281228933,-34.920177469901844],[-58.081449484632735,-34.91960171237454],[-58.08133415856263,-34.91958463996924],[-58.08098192830713,-34.918534627189246],[-58.082118273593224,-34.918268680601045]]]},"properties":{"fid":96,"id":"5383F8CD0F000599","Name":"Ribera","descriptio":"<div>2022</div>","timestamp":null,"begin":null,"end":null,"altitudeMo":null,"tessellate":-1,"extrude":0,"visibility":-1,"drawOrder":null,"icon":null,"COL53838E7":null,"COL5383F8C":1508,"COL5383F_1":1437,"COL53838_1":null,"COL5383F_2":55,"COL5383F_3":"Vivienda","COL5383F_4":null,"COL5383F_5":13849,"COL5383F_6":null,"COL5383F_7":"Ribera","COL5383F_8":null,"COL5383F_9":null,"COL5383F10":null,"COL5383F11":"Ribera","COL5383F12":null,"COL5383F13":null,"COL5383F14":null,"COL5383F15":"No Registrado","COL5383F16":null,"COL5383F17":null,"COL5383F18":"En seguimiento","COL5383F19":null,"COL5383F20":null,"COL5383F21":null,"COL5383F22":null,"COL5383F23":null,"COL5383F24":"ok","COL5383F25":124051},"id":96},
{"type":"Feature","geometry":{"type":"Polygon","coordinates":[[[-58.08939688560935,-34.9313258966812],[-58.089389602391336,-34.93140400798259],[-58.078520049049125,-34.93998921139451],[-58.07057284639271,-34.933036681960566],[-58.06810425655232,-34.93053144369855],[-58.08164228256664,-34.92736050699385],[-58.084216246496936,-34.92947706106237],[-58.08572306363594,-34.92827491979949],[-58.08939688560935,-34.9313258966812]]]},"properties":{"fid":97,"id":"5383F8CD0F00059A","Name":"Ampliacion La Cañada","descriptio":null,"timestamp":null,"begin":null,"end":null,"altitudeMo":null,"tessellate":-1,"extrude":0,"visibility":-1,"drawOrder":null,"icon":null,"COL53838E7":null,"COL5383F8C":1509,"COL5383F_1":1438,"COL53838_1":null,"COL5383F_2":55,"COL5383F_3":"Vivienda","COL5383F_4":null,"COL5383F_5":13852,"COL5383F_6":null,"COL5383F_7":"Ampliacion La Cañada","COL5383F_8":null,"COL5383F_9":null,"COL5383F10":null,"COL5383F11":null,"COL5383F12":null,"COL5383F13":null,"COL5383F14":null,"COL5383F15":"No Registrado","COL5383F16":null,"COL5383F17":null,"COL5383F18":"En seguimiento","COL5383F19":null,"COL5383F20":null,"COL5383F21":null,"COL5383F22":null,"COL5383F23":null,"COL5383F24":"ok","COL5383F25":1407460},"id":97},
{"type":"Feature","geometry":{"type":"Polygon","coordinates":[[[-58.07957887469532,-34.90691271858654],[-58.07851482894663,-34.907196279957944],[-58.077841428777624,-34.905425371268024],[-58.07891947340113,-34.90516606754762],[-58.07957887469532,-34.90691271858654]]]},"properties":{"fid":98,"id":"5383F8CD0F00059B","Name":"Chelsea","descriptio":"<div>2023</div>","timestamp":null,"begin":null,"end":null,"altitudeMo":null,"tessellate":-1,"extrude":0,"visibility":-1,"drawOrder":null,"icon":null,"COL53838E7":null,"COL5383F8C":1510,"COL5383F_1":1439,"COL53838_1":null,"COL5383F_2":55,"COL5383F_3":"Vivienda","COL5383F_4":null,"COL5383F_5":13972,"COL5383F_6":null,"COL5383F_7":"Chelsea","COL5383F_8":null,"COL5383F_9":null,"COL5383F10":null,"COL5383F11":null,"COL5383F12":null,"COL5383F13":null,"COL5383F14":null,"COL5383F15":"No Registrado","COL5383F16":null,"COL5383F17":null,"COL5383F18":"En seguimiento","COL5383F19":null,"COL5383F20":null,"COL5383F21":null,"COL5383F22":null,"COL5383F23":null,"COL5383F24":null,"COL5383F25":20933},"id":98},
{"type":"Feature","geometry":{"type":"Polygon","coordinates":[[[-58.083902219024125,-34.905866549462466],[-58.08284282242833,-34.906108168665284],[-58.082241535267144,-34.90436845911626],[-58.08333721997584,-34.90413342492408],[-58.083902219024125,-34.905866549462466]]]},"properties":{"fid":99,"id":"5383F8CD0F00059C","Name":"Sin Nombre 047","descriptio":"<div>2013</div>","timestamp":null,"begin":null,"end":null,"altitudeMo":null,"tessellate":-1,"extrude":0,"visibility":-1,"drawOrder":null,"icon":null,"COL53838E7":null,"COL5383F8C":1511,"COL5383F_1":1440,"COL53838_1":null,"COL5383F_2":55,"COL5383F_3":"Vivienda","COL5383F_4":null,"COL5383F_5":13665,"COL5383F_6":null,"COL5383F_7":"Sin Nombre 047","COL5383F_8":null,"COL5383F_9":null,"COL5383F10":null,"COL5383F11":null,"COL5383F12":null,"COL5383F13":null,"COL5383F14":null,"COL5383F15":"No Registrado","COL5383F16":null,"COL5383F17":null,"COL5383F18":"verificar tramites","COL5383F19":null,"COL5383F20":null,"COL5383F21":null,"COL5383F22":null,"COL5383F23":null,"COL5383F24":null,"COL5383F25":20380},"id":99},
{"type":"Feature","geometry":{"type":"Polygon","coordinates":[[[-58.08500906389514,-34.9056226649196],[-58.08392016470094,-34.905878847899785],[-58.083344439941136,-34.904136542675474],[-58.084381173114124,-34.90392760366908],[-58.08500906389514,-34.9056226649196]]]},"properties":{"fid":100,"id":"5383F8CD0F00059D","Name":"Sin Nombre 048","descriptio":"<div>2015</div>","timestamp":null,"begin":null,"end":null,"altitudeMo":null,"tessellate":-1,"extrude":0,"visibility":-1,"drawOrder":null,"icon":null,"COL53838E7":null,"COL5383F8C":1512,"COL5383F_1":1441,"COL53838_1":null,"COL5383F_2":55,"COL5383F_3":"Vivienda","COL5383F_4":null,"COL5383F_5":13971,"COL5383F_6":null,"COL5383F_7":"Sin Nombre 048","COL5383F_8":null,"COL5383F_9":null,"COL5383F10":null,"COL5383F11":null,"COL5383F12":null,"COL5383F13":null,"COL5383F14":null,"COL5383F15":"No Registrado","COL5383F16":null,"COL5383F17":null,"COL5383F18":"En seguimiento","COL5383F19":null,"COL5383F20":null,"COL5383F21":null,"COL5383F22":null,"COL5383F23":null,"COL5383F24":null,"COL5383F25":19940},"id":100},
{"type":"Feature","geometry":{"type":"Polygon","coordinates":[[[-58.07845325257642,-34.90373637089114],[-58.07738679027963,-34.903968819430034],[-58.07694622429023,-34.902691217775725],[-58.07800229643303,-34.902434577627126],[-58.07845325257642,-34.90373637089114]]]},"properties":{"fid":101,"id":"5383F8CD0F00059E","Name":"Sin Nombre 049","descriptio":"<div>2022</div>","timestamp":null,"begin":null,"end":null,"altitudeMo":null,"tessellate":-1,"extrude":0,"visibility":-1,"drawOrder":null,"icon":null,"COL53838E7":null,"COL5383F8C":1513,"COL5383F_1":1442,"COL53838_1":null,"COL5383F_2":55,"COL5383F_3":"Vivienda","COL5383F_4":null,"COL5383F_5":13973,"COL5383F_6":null,"COL5383F_7":"Sin Nombre 049","COL5383F_8":null,"COL5383F_9":null,"COL5383F10":null,"COL5383F11":null,"COL5383F12":null,"COL5383F13":null,"COL5383F14":null,"COL5383F15":"No Registrado","COL5383F16":null,"COL5383F17":null,"COL5383F18":"En seguimiento","COL5383F19":null,"COL5383F20":null,"COL5383F21":null,"COL5383F22":null,"COL5383F23":null,"COL5383F24":null,"COL5383F25":14983},"id":101},
{"type":"Feature","geometry":{"type":"Polygon","coordinates":[[[-58.08233487453485,-34.90129548658527],[-58.08173874667263,-34.89941729575146],[-58.08228464679644,-34.89924044606066],[-58.08269122039192,-34.899022641182256],[-58.08334626992063,-34.90107714430237],[-58.08233487453485,-34.90129548658527]]]},"properties":{"fid":102,"id":"5383F8CD0F00059F","Name":"Midtown","descriptio":"<div>2022</div>","timestamp":null,"begin":null,"end":null,"altitudeMo":null,"tessellate":-1,"extrude":0,"visibility":-1,"drawOrder":null,"icon":null,"COL53838E7":null,"COL5383F8C":1514,"COL5383F_1":1443,"COL53838_1":null,"COL5383F_2":55,"COL5383F_3":"Vivienda","COL5383F_4":null,"COL5383F_5":13970,"COL5383F_6":null,"COL5383F_7":"Midtown","COL5383F_8":null,"COL5383F_9":null,"COL5383F10":null,"COL5383F11":null,"COL5383F12":null,"COL5383F13":null,"COL5383F14":null,"COL5383F15":"No Registrado","COL5383F16":null,"COL5383F17":null,"COL5383F18":"En seguimiento","COL5383F19":null,"COL5383F20":null,"COL5383F21":null,"COL5383F22":null,"COL5383F23":null,"COL5383F24":null,"COL5383F25":21284},"id":102},
{"type":"Feature","geometry":{"type":"Polygon","coordinates":[[[-58.08651470164035,-34.90029201072549],[-58.08553485553903,-34.90052906912908],[-58.08480680281293,-34.898530054590175],[-58.08581359284795,-34.89829124834199],[-58.08651470164035,-34.90029201072549]]]},"properties":{"fid":103,"id":"5383F8CD0F0005A0","Name":"Tribeca","descriptio":"<div>2022</div>","timestamp":null,"begin":null,"end":null,"altitudeMo":null,"tessellate":-1,"extrude":0,"visibility":-1,"drawOrder":null,"icon":null,"COL53838E7":null,"COL5383F8C":1515,"COL5383F_1":1444,"COL53838_1":null,"COL5383F_2":55,"COL5383F_3":"Vivienda","COL5383F_4":"Barrio Privado","COL5383F_5":13969,"COL5383F_6":null,"COL5383F_7":"Tribeca","COL5383F_8":null,"COL5383F_9":null,"COL5383F10":null,"COL5383F11":null,"COL5383F12":null,"COL5383F13":null,"COL5383F14":null,"COL5383F15":"No Registrado","COL5383F16":null,"COL5383F17":null,"COL5383F18":"En seguimiento","COL5383F19":null,"COL5383F20":null,"COL5383F21":null,"COL5383F22":null,"COL5383F23":null,"COL5383F24":null,"COL5383F25":21867},"id":103},
{"type":"Feature","geometry":{"type":"Polygon","coordinates":[[[-58.055397140747196,-34.984957812913926],[-58.053338466097,-34.9831165232342],[-58.056681708232794,-34.98064089362943],[-58.05874082658111,-34.982464111681544],[-58.055397140747196,-34.984957812913926]]]},"properties":{"fid":104,"id":"5383F8CD0F0005A1","Name":"Aldea del Bosque II","descriptio":"<div>2022</div>","timestamp":null,"begin":null,"end":null,"altitudeMo":null,"tessellate":-1,"extrude":0,"visibility":-1,"drawOrder":null,"icon":null,"COL53838E7":null,"COL5383F8C":1516,"COL5383F_1":1445,"COL53838_1":null,"COL5383F_2":55,"COL5383F_3":"Vivienda","COL5383F_4":"Semi Cerrado","COL5383F_5":13968,"COL5383F_6":null,"COL5383F_7":"Aldea del Bosque II","COL5383F_8":null,"COL5383F_9":null,"COL5383F10":null,"COL5383F11":null,"COL5383F12":null,"COL5383F13":null,"COL5383F14":null,"COL5383F15":"No Registrado","COL5383F16":null,"COL5383F17":null,"COL5383F18":"En seguimiento","COL5383F19":null,"COL5383F20":null,"COL5383F21":null,"COL5383F22":null,"COL5383F23":null,"COL5383F24":null,"COL5383F25":113875},"id":104},
{"type":"Feature","geometry":{"type":"Polygon","coordinates":[[[-58.056836278211804,-34.988924854720025],[-58.05576386393799,-34.98797049389252],[-58.05469885245072,-34.98704872240511],[-58.056342895618705,-34.985845933229236],[-58.058413205642296,-34.98768248727574],[-58.056836278211804,-34.988924854720025]]]},"properties":{"fid":105,"id":"5383F8CD0F0005A2","Name":"Sin Nombre 052","descriptio":"<div>2021</div>","timestamp":null,"begin":null,"end":null,"altitudeMo":null,"tessellate":-1,"extrude":0,"visibility":-1,"drawOrder":null,"icon":null,"COL53838E7":null,"COL5383F8C":1517,"COL5383F_1":1446,"COL53838_1":null,"COL5383F_2":55,"COL5383F_3":"Vivienda","COL5383F_4":null,"COL5383F_5":13967,"COL5383F_6":null,"COL5383F_7":"Sin Nombre 052","COL5383F_8":null,"COL5383F_9":null,"COL5383F10":null,"COL5383F11":null,"COL5383F12":null,"COL5383F13":null,"COL5383F14":null,"COL5383F15":"No Registrado","COL5383F16":null,"COL5383F17":null,"COL5383F18":"En seguimiento","COL5383F19":null,"COL5383F20":null,"COL5383F21":null,"COL5383F22":null,"COL5383F23":null,"COL5383F24":null,"COL5383F25":56194},"id":105},
{"type":"Feature","geometry":{"type":"Polygon","coordinates":[[[-58.11190247207576,-34.96274141568123],[-58.11113699615027,-34.96207166663842],[-58.113094348976865,-34.96057014020736],[-58.113856731186374,-34.96121579822687],[-58.11190247207576,-34.96274141568123]]]},"properties":{"fid":106,"id":"5383F8CD0F0005A3","Name":"Las Victorias (55)","descriptio":"<div>2022</div>","timestamp":null,"begin":null,"end":null,"altitudeMo":null,"tessellate":-1,"extrude":0,"visibility":-1,"drawOrder":null,"icon":null,"COL53838E7":null,"COL5383F8C":1518,"COL5383F_1":1447,"COL53838_1":null,"COL5383F_2":55,"COL5383F_3":"Vivienda","COL5383F_4":null,"COL5383F_5":13863,"COL5383F_6":null,"COL5383F_7":"Las Victorias (55)","COL5383F_8":null,"COL5383F_9":null,"COL5383F10":null,"COL5383F11":null,"COL5383F12":null,"COL5383F13":null,"COL5383F14":null,"COL5383F15":"No Registrado","COL5383F16":null,"COL5383F17":null,"COL5383F18":"A Notificar","COL5383F19":null,"COL5383F20":null,"COL5383F21":null,"COL5383F22":null,"COL5383F23":null,"COL5383F24":null,"COL5383F25":24749},"id":106},
{"type":"Feature","geometry":{"type":"Polygon","coordinates":[[[-58.090987916281655,-35.01756753829258],[-58.08956261601063,-35.016211411830554],[-58.093039970891255,-35.013634777642906],[-58.09441158576675,-35.01494496356281],[-58.090987916281655,-35.01756753829258]]]},"properties":{"fid":107,"id":"5383F8CD0F0005A6","Name":"Barrio San Jose","descriptio":"<div>2022</div>","timestamp":null,"begin":null,"end":null,"altitudeMo":null,"tessellate":-1,"extrude":0,"visibility":-1,"drawOrder":null,"icon":null,"COL53838E7":null,"COL5383F8C":1521,"COL5383F_1":1450,"COL53838_1":null,"COL5383F_2":55,"COL5383F_3":"Vivienda","COL5383F_4":null,"COL5383F_5":13858,"COL5383F_6":null,"COL5383F_7":"Barrio San Jose","COL5383F_8":null,"COL5383F_9":null,"COL5383F10":null,"COL5383F11":null,"COL5383F12":null,"COL5383F13":null,"COL5383F14":null,"COL5383F15":"No Registrado","COL5383F16":null,"COL5383F17":null,"COL5383F18":"A Notificar","COL5383F19":null,"COL5383F20":null,"COL5383F21":null,"COL5383F22":null,"COL5383F23":null,"COL5383F24":null,"COL5383F25":83390},"id":107},
{"type":"Feature","geometry":{"type":"Polygon","coordinates":[[[-58.046769386411505,-34.93867853875178],[-58.04501044687329,-34.93694256627347],[-58.047529716965386,-34.93522586012138],[-58.049278271124386,-34.936939101319496],[-58.046769386411505,-34.93867853875178]]]},"properties":{"fid":108,"id":"5383F8CD0F0005A8","Name":"La Colina","descriptio":"<div>2021</div>","timestamp":null,"begin":null,"end":null,"altitudeMo":null,"tessellate":-1,"extrude":0,"visibility":-1,"drawOrder":null,"icon":null,"COL53838E7":null,"COL5383F8C":1523,"COL5383F_1":1452,"COL53838_1":null,"COL5383F_2":55,"COL5383F_3":"Vivienda","COL5383F_4":null,"COL5383F_5":13862,"COL5383F_6":null,"COL5383F_7":"La Colina","COL5383F_8":null,"COL5383F_9":null,"COL5383F10":null,"COL5383F11":null,"COL5383F12":null,"COL5383F13":null,"COL5383F14":null,"COL5383F15":"No Registrado","COL5383F16":null,"COL5383F17":null,"COL5383F18":"A Notificar","COL5383F19":null,"COL5383F20":null,"COL5383F21":null,"COL5383F22":null,"COL5383F23":null,"COL5383F24":null,"COL5383F25":74660},"id":108},
{"type":"Feature","geometry":{"type":"Polygon","coordinates":[[[-58.053492682864295,-34.94521391092413],[-58.05281097628119,-34.94453838680473],[-58.0553547862678,-34.94282867329744],[-58.0559856540059,-34.943456059375656],[-58.053492682864295,-34.94521391092413]]]},"properties":{"fid":109,"id":"5383F8CD0F0005A9","Name":"Las Orianas","descriptio":"<div>2022</div>","timestamp":null,"begin":null,"end":null,"altitudeMo":null,"tessellate":-1,"extrude":0,"visibility":-1,"drawOrder":null,"icon":null,"COL53838E7":null,"COL5383F8C":1524,"COL5383F_1":1453,"COL53838_1":null,"COL5383F_2":55,"COL5383F_3":"Vivienda","COL5383F_4":null,"COL5383F_5":13966,"COL5383F_6":null,"COL5383F_7":"Las Orianas","COL5383F_8":null,"COL5383F_9":null,"COL5383F10":null,"COL5383F11":null,"COL5383F12":null,"COL5383F13":null,"COL5383F14":null,"COL5383F15":"No Registrado","COL5383F16":null,"COL5383F17":null,"COL5383F18":"En seguimiento","COL5383F19":null,"COL5383F20":null,"COL5383F21":null,"COL5383F22":null,"COL5383F23":null,"COL5383F24":null,"COL5383F25":28158},"id":109},
{"type":"Feature","geometry":{"type":"Polygon","coordinates":[[[-58.01793813079695,-34.95650114583323],[-58.01506085327304,-34.953777763477206],[-58.017141398629256,-34.95226067466323],[-58.020032224454155,-34.95493354044245],[-58.01793813079695,-34.95650114583323]]]},"properties":{"fid":110,"id":"5383F8CD0F0005AB","Name":"Fincas de Victoria II","descriptio":"<div>2021</div>","timestamp":null,"begin":null,"end":null,"altitudeMo":null,"tessellate":-1,"extrude":0,"visibility":-1,"drawOrder":null,"icon":null,"COL53838E7":null,"COL5383F8C":1526,"COL5383F_1":1455,"COL53838_1":null,"COL5383F_2":55,"COL5383F_3":"Vivienda","COL5383F_4":null,"COL5383F_5":13861,"COL5383F_6":null,"COL5383F_7":"Fincas de Victoria II","COL5383F_8":null,"COL5383F_9":null,"COL5383F10":null,"COL5383F11":null,"COL5383F12":null,"COL5383F13":null,"COL5383F14":null,"COL5383F15":"No Registrado","COL5383F16":null,"COL5383F17":null,"COL5383F18":"A Notificar","COL5383F19":null,"COL5383F20":null,"COL5383F21":null,"COL5383F22":null,"COL5383F23":null,"COL5383F24":null,"COL5383F25":102142},"id":110},
{"type":"Feature","geometry":{"type":"Polygon","coordinates":[[[-58.04951817254349,-34.91845297328971],[-58.04575188068238,-34.91933023946608],[-58.0452108690443,-34.91872602005638],[-58.04928225086409,-34.91779541879911],[-58.04951817254349,-34.91845297328971]]]},"properties":{"fid":111,"id":"5383F8CD0F0005AC","Name":"Sin Nombre 053","descriptio":"<div>2022</div>","timestamp":null,"begin":null,"end":null,"altitudeMo":null,"tessellate":-1,"extrude":0,"visibility":-1,"drawOrder":null,"icon":null,"COL53838E7":null,"COL5383F8C":1527,"COL5383F_1":1456,"COL53838_1":null,"COL5383F_2":55,"COL5383F_3":"Vivienda","COL5383F_4":null,"COL5383F_5":13964,"COL5383F_6":null,"COL5383F_7":"Sin Nombre 053","COL5383F_8":null,"COL5383F_9":null,"COL5383F10":null,"COL5383F11":null,"COL5383F12":null,"COL5383F13":null,"COL5383F14":null,"COL5383F15":"No Registrado","COL5383F16":null,"COL5383F17":null,"COL5383F18":"En seguimiento","COL5383F19":null,"COL5383F20":null,"COL5383F21":null,"COL5383F22":null,"COL5383F23":null,"COL5383F24":null,"COL5383F25":28623},"id":111},
{"type":"Feature","geometry":{"type":"Polygon","coordinates":[[[-57.95964877087095,-34.98855402723788],[-57.95811056071136,-34.98725081655458],[-57.96036687808496,-34.985304315766776],[-57.96219193054988,-34.9865895051034],[-57.95964877087095,-34.98855402723788]]]},"properties":{"fid":112,"id":"5383F8CD0F0005AE","Name":"Sin Nombre 054","descriptio":"<div>2014</div>","timestamp":null,"begin":null,"end":null,"altitudeMo":null,"tessellate":-1,"extrude":0,"visibility":-1,"drawOrder":null,"icon":null,"COL53838E7":null,"COL5383F8C":1529,"COL5383F_1":1458,"COL53838_1":null,"COL5383F_2":55,"COL5383F_3":"Vivienda","COL5383F_4":null,"COL5383F_5":13962,"COL5383F_6":null,"COL5383F_7":"Sin Nombre 054","COL5383F_8":null,"COL5383F_9":null,"COL5383F10":null,"COL5383F11":null,"COL5383F12":null,"COL5383F13":null,"COL5383F14":null,"COL5383F15":"No Registrado","COL5383F16":null,"COL5383F17":null,"COL5383F18":"en analisis","COL5383F19":null,"COL5383F20":null,"COL5383F21":null,"COL5383F22":null,"COL5383F23":null,"COL5383F24":null,"COL5383F25":64768},"id":112},
{"type":"Feature","geometry":{"type":"Polygon","coordinates":[[[-57.964668731234475,-34.99252356705933],[-57.96349054723828,-34.99159901810712],[-57.96577231481538,-34.98974408357204],[-57.96690394831216,-34.990683037196355],[-57.964668731234475,-34.99252356705933]]]},"properties":{"fid":113,"id":"5383F8CD0F0005AF","Name":"La Nativa","descriptio":"<div>2016</div>","timestamp":null,"begin":null,"end":null,"altitudeMo":null,"tessellate":-1,"extrude":0,"visibility":-1,"drawOrder":null,"icon":null,"COL53838E7":null,"COL5383F8C":1530,"COL5383F_1":1459,"COL53838_1":null,"COL5383F_2":55,"COL5383F_3":"Vivienda","COL5383F_4":null,"COL5383F_5":13958,"COL5383F_6":null,"COL5383F_7":"La Nativa","COL5383F_8":null,"COL5383F_9":null,"COL5383F10":null,"COL5383F11":null,"COL5383F12":null,"COL5383F13":null,"COL5383F14":null,"COL5383F15":"No Registrado","COL5383F16":null,"COL5383F17":null,"COL5383F18":"en analisis","COL5383F19":null,"COL5383F20":null,"COL5383F21":null,"COL5383F22":null,"COL5383F23":null,"COL5383F24":null,"COL5383F25":42928},"id":113},
{"type":"Feature","geometry":{"type":"Polygon","coordinates":[[[-57.97353193914018,-34.99315849951652],[-57.971148397168065,-34.9961447604114],[-57.96907738741288,-34.99470352097686],[-57.97221037699398,-34.992049161595595],[-57.97353193914018,-34.99315849951652]]]},"properties":{"fid":114,"id":"5383F8CD0F0005B0","Name":"Sin Nombre 055","descriptio":"<div>2022</div>","timestamp":null,"begin":null,"end":null,"altitudeMo":null,"tessellate":-1,"extrude":0,"visibility":-1,"drawOrder":null,"icon":null,"COL53838E7":null,"COL5383F8C":1531,"COL5383F_1":1460,"COL53838_1":null,"COL5383F_2":55,"COL5383F_3":"Vivienda","COL5383F_4":null,"COL5383F_5":13959,"COL5383F_6":null,"COL5383F_7":"Sin Nombre 055","COL5383F_8":null,"COL5383F_9":null,"COL5383F10":null,"COL5383F11":null,"COL5383F12":null,"COL5383F13":null,"COL5383F14":null,"COL5383F15":"No Registrado","COL5383F16":null,"COL5383F17":null,"COL5383F18":"En seguimiento","COL5383F19":null,"COL5383F20":null,"COL5383F21":null,"COL5383F22":null,"COL5383F23":null,"COL5383F24":null,"COL5383F25":84081},"id":114},
{"type":"Feature","geometry":{"type":"Polygon","coordinates":[[[-58.09051367947044,-34.90852996875382],[-58.08950190047863,-34.90877638364061],[-58.08911518451585,-34.90774002578701],[-58.09018665989764,-34.90750595757642],[-58.09051367947044,-34.90852996875382]]]},"properties":{"fid":115,"id":"5383F8CD0F0005B5","Name":"Azaleas Barrio Boutique","descriptio":"<div>2022</div>","timestamp":null,"begin":null,"end":null,"altitudeMo":null,"tessellate":-1,"extrude":0,"visibility":-1,"drawOrder":null,"icon":null,"COL53838E7":null,"COL5383F8C":1536,"COL5383F_1":1465,"COL53838_1":null,"COL5383F_2":55,"COL5383F_3":"Vivienda","COL5383F_4":null,"COL5383F_5":13860,"COL5383F_6":null,"COL5383F_7":"Azaleas Barrio Boutique","COL5383F_8":null,"COL5383F_9":null,"COL5383F10":null,"COL5383F11":null,"COL5383F12":null,"COL5383F13":null,"COL5383F14":null,"COL5383F15":"No Registrado","COL5383F16":null,"COL5383F17":null,"COL5383F18":"A Notificar","COL5383F19":null,"COL5383F20":null,"COL5383F21":null,"COL5383F22":null,"COL5383F23":null,"COL5383F24":null,"COL5383F25":11749},"id":115},
{"type":"Feature","geometry":{"type":"Polygon","coordinates":[[[-58.08597972902523,-34.859435782007715],[-58.084416120461135,-34.86063152505899],[-58.08308014231953,-34.85946993236808],[-58.08469814724994,-34.85831498198511],[-58.08597972902523,-34.859435782007715]]]},"properties":{"fid":116,"id":"5383F8CD0F0005B6","Name":"Fincas Don Victor","descriptio":"<div>2021</div>","timestamp":null,"begin":null,"end":null,"altitudeMo":null,"tessellate":-1,"extrude":0,"visibility":-1,"drawOrder":null,"icon":null,"COL53838E7":null,"COL5383F8C":1537,"COL5383F_1":1466,"COL53838_1":null,"COL5383F_2":55,"COL5383F_3":"Vivienda","COL5383F_4":null,"COL5383F_5":13727,"COL5383F_6":null,"COL5383F_7":"Fincas Don Victor","COL5383F_8":null,"COL5383F_9":null,"COL5383F10":null,"COL5383F11":null,"COL5383F12":null,"COL5383F13":null,"COL5383F14":null,"COL5383F15":"No Registrado","COL5383F16":null,"COL5383F17":null,"COL5383F18":"En seguimiento","COL5383F19":null,"COL5383F20":null,"COL5383F21":null,"COL5383F22":null,"COL5383F23":null,"COL5383F24":null,"COL5383F25":34022},"id":116},
{"type":"Feature","geometry":{"type":"Polygon","coordinates":[[[-58.08286942139484,-34.92248653529075],[-58.08191712578373,-34.92270374182745],[-58.08024808946985,-34.923096442147326],[-58.079020452264714,-34.92062535740512],[-58.08068955236544,-34.920232674098756],[-58.08129322404323,-34.92009062559905],[-58.081552334323234,-34.92020231254725],[-58.08146944840174,-34.920289793892664],[-58.08141772393905,-34.92036947517104],[-58.081371394418234,-34.92052029929474],[-58.08138671062933,-34.92066029690635],[-58.08141083165313,-34.92076493667014],[-58.081406797591335,-34.92098791743525],[-58.08145739085133,-34.92105162650016],[-58.081616885019734,-34.92115994861115],[-58.081700538737245,-34.92124514968444],[-58.081781276227225,-34.92136575264295],[-58.08184429211823,-34.921482855614265],[-58.08196316522143,-34.92159625492086],[-58.082136010973436,-34.921727663548545],[-58.082351154295125,-34.92193122830927],[-58.082481020719136,-34.92206958339485],[-58.08274438059423,-34.92233967813955],[-58.08286942139484,-34.92248653529075]]]},"properties":{"fid":117,"id":"5383F8CD0F0005C0","Name":"Sin Nombre 074","descriptio":null,"timestamp":null,"begin":null,"end":null,"altitudeMo":null,"tessellate":-1,"extrude":0,"visibility":-1,"drawOrder":null,"icon":null,"COL53838E7":null,"COL5383F8C":1566,"COL5383F_1":1566,"COL53838_1":null,"COL5383F_2":55,"COL5383F_3":"Vivienda","COL5383F_4":null,"COL5383F_5":14013,"COL5383F_6":null,"COL5383F_7":"Sin Nombre 074","COL5383F_8":null,"COL5383F_9":null,"COL5383F10":null,"COL5383F11":null,"COL5383F12":null,"COL5383F13":null,"COL5383F14":null,"COL5383F15":"No Registrado","COL5383F16":null,"COL5383F17":null,"COL5383F18":"En seguimiento","COL5383F19":null,"COL5383F20":null,"COL5383F21":null,"COL5383F22":null,"COL5383F23":null,"COL5383F24":"ok","COL5383F25":63359},"id":117},
{"type":"Feature","geometry":{"type":"Polygon","coordinates":[[[-58.01499496534895,-34.91751373604562],[-58.01455612214594,-34.917112452453814],[-58.01423293555014,-34.917334402549834],[-58.01394059066945,-34.91706319935491],[-58.013003247700745,-34.91620659345971],[-58.01406125751243,-34.91542452348071],[-58.01500484031104,-34.91628563921702],[-58.015299872198334,-34.916557350647125],[-58.01505001643474,-34.91674263480393],[-58.01548961884624,-34.91713040556683],[-58.01499496534895,-34.91751373604562]]]},"properties":{"fid":119,"id":"5383F8CD0F0005F0","Name":"Altos de Don Francesco","descriptio":"<div>2014</div>","timestamp":null,"begin":null,"end":null,"altitudeMo":null,"tessellate":-1,"extrude":0,"visibility":-1,"drawOrder":null,"icon":null,"COL53838E7":null,"COL5383F8C":1620,"COL5383F_1":1523,"COL53838_1":null,"COL5383F_2":55,"COL5383F_3":"Vivienda","COL5383F_4":null,"COL5383F_5":13700,"COL5383F_6":null,"COL5383F_7":"Altos de Don Francesco","COL5383F_8":null,"COL5383F_9":null,"COL5383F10":null,"COL5383F11":null,"COL5383F12":null,"COL5383F13":null,"COL5383F14":null,"COL5383F15":"En Analisis","COL5383F16":null,"COL5383F17":null,"COL5383F18":null,"COL5383F19":null,"COL5383F20":null,"COL5383F21":null,"COL5383F22":null,"COL5383F23":null,"COL5383F24":"ok","COL5383F25":25642},"id":119},
{"type":"Feature","geometry":{"type":"Polygon","coordinates":[[[-57.86127584394439,-34.970255087344285],[-57.85878994391508,-34.972035850235265],[-57.856355005552466,-34.969844394662644],[-57.85889500998929,-34.967999856925765],[-57.86127584394439,-34.970255087344285]]]},"properties":{"fid":120,"id":"5383F8CD0F0005F1","Name":"Las Carquejas","descriptio":"<div>2012</div>","timestamp":null,"begin":null,"end":null,"altitudeMo":null,"tessellate":-1,"extrude":0,"visibility":-1,"drawOrder":null,"icon":null,"COL53838E7":null,"COL5383F8C":1621,"COL5383F_1":1524,"COL53838_1":null,"COL5383F_2":55,"COL5383F_3":"Vivienda","COL5383F_4":null,"COL5383F_5":13698,"COL5383F_6":null,"COL5383F_7":"Las Carquejas","COL5383F_8":null,"COL5383F_9":null,"COL5383F10":null,"COL5383F11":null,"COL5383F12":null,"COL5383F13":null,"COL5383F14":null,"COL5383F15":"No Registrado","COL5383F16":null,"COL5383F17":null,"COL5383F18":"verificar tramites","COL5383F19":null,"COL5383F20":null,"COL5383F21":null,"COL5383F22":null,"COL5383F23":null,"COL5383F24":null,"COL5383F25":100824},"id":120},
{"type":"Feature","geometry":{"type":"Polygon","coordinates":[[[-57.87209726199001,-34.98793598557152],[-57.8705061426324,-34.986546213989996],[-57.87240619193141,-34.985194901858534],[-57.87328078848572,-34.98561560189533],[-57.87416245283471,-34.986405352573435],[-57.87209726199001,-34.98793598557152]]]},"properties":{"fid":121,"id":"5383F8CD0F0005FB","Name":"Condominio del Sol","descriptio":"<div>2011</div>","timestamp":null,"begin":null,"end":null,"altitudeMo":null,"tessellate":-1,"extrude":0,"visibility":-1,"drawOrder":null,"icon":null,"COL53838E7":null,"COL5383F8C":1632,"COL5383F_1":1534,"COL53838_1":null,"COL5383F_2":55,"COL5383F_3":"Vivienda","COL5383F_4":null,"COL5383F_5":13677,"COL5383F_6":5191,"COL5383F_7":"Condominio del Sol","COL5383F_8":null,"COL5383F_9":null,"COL5383F10":null,"COL5383F11":null,"COL5383F12":null,"COL5383F13":null,"COL5383F14":null,"COL5383F15":"No Registrado","COL5383F16":null,"COL5383F17":null,"COL5383F18":"A Notificar","COL5383F19":null,"COL5383F20":null,"COL5383F21":null,"COL5383F22":null,"COL5383F23":null,"COL5383F24":null,"COL5383F25":52158},"id":121},
{"type":"Feature","geometry":{"type":"Polygon","coordinates":[[[-57.9245218158829,-34.99121538787972],[-57.923698452946304,-34.99182075306851],[-57.920153963132584,-34.98862865190177],[-57.92097772077339,-34.988007375461486],[-57.9245218158829,-34.99121538787972]]]},"properties":{"fid":122,"id":"5383F8CD0F0005FF","Name":"Eco Arana","descriptio":"<div>2021</div>","timestamp":null,"begin":null,"end":null,"altitudeMo":null,"tessellate":-1,"extrude":0,"visibility":-1,"drawOrder":null,"icon":null,"COL53838E7":null,"COL5383F8C":1636,"COL5383F_1":1538,"COL53838_1":null,"COL5383F_2":55,"COL5383F_3":"Vivienda","COL5383F_4":null,"COL5383F_5":13832,"COL5383F_6":null,"COL5383F_7":"Eco Arana","COL5383F_8":null,"COL5383F_9":null,"COL5383F10":null,"COL5383F11":null,"COL5383F12":null,"COL5383F13":null,"COL5383F14":null,"COL5383F15":"No Registrado","COL5383F16":null,"COL5383F17":null,"COL5383F18":"A Notificar","COL5383F19":null,"COL5383F20":null,"COL5383F21":null,"COL5383F22":null,"COL5383F23":null,"COL5383F24":null,"COL5383F25":48712},"id":122},
{"type":"Feature","geometry":{"type":"Polygon","coordinates":[[[-57.90465529244517,-34.99196258441329],[-57.90162671150427,-34.98918651158916],[-57.90483324947868,-34.9867185763281],[-57.90789273156807,-34.98958619823543],[-57.90465529244517,-34.99196258441329]]]},"properties":{"fid":123,"id":"5383F8CD0F000600","Name":"Terranova 137 (55)","descriptio":"<div>2018</div>","timestamp":null,"begin":null,"end":null,"altitudeMo":null,"tessellate":-1,"extrude":0,"visibility":-1,"drawOrder":null,"icon":null,"COL53838E7":null,"COL5383F8C":1637,"COL5383F_1":1539,"COL53838_1":null,"COL5383F_2":55,"COL5383F_3":"Vivienda","COL5383F_4":null,"COL5383F_5":13655,"COL5383F_6":null,"COL5383F_7":"Terranova 137 (55)","COL5383F_8":null,"COL5383F_9":null,"COL5383F10":null,"COL5383F11":null,"COL5383F12":null,"COL5383F13":null,"COL5383F14":null,"COL5383F15":"No Registrado","COL5383F16":null,"COL5383F17":null,"COL5383F18":"A Notificar","COL5383F19":null,"COL5383F20":null,"COL5383F21":null,"COL5383F22":null,"COL5383F23":null,"COL5383F24":null,"COL5383F25":166772},"id":123},
{"type":"Feature","geometry":{"type":"Polygon","coordinates":[[[-57.8666487521498,-34.970325891512566],[-57.865524354355294,-34.96930408434474],[-57.8699269260846,-34.965956257811605],[-57.8710840489725,-34.96699681767103],[-57.8666487521498,-34.970325891512566]]]},"properties":{"fid":124,"id":"5383F8CD0F000601","Name":"Sin Nombre 063","descriptio":"<div>2011</div>","timestamp":null,"begin":null,"end":null,"altitudeMo":null,"tessellate":-1,"extrude":0,"visibility":-1,"drawOrder":null,"icon":null,"COL53838E7":null,"COL5383F8C":1638,"COL5383F_1":1540,"COL53838_1":null,"COL5383F_2":55,"COL5383F_3":"Vivienda","COL5383F_4":null,"COL5383F_5":13833,"COL5383F_6":null,"COL5383F_7":"Sin Nombre 063","COL5383F_8":null,"COL5383F_9":null,"COL5383F10":null,"COL5383F11":null,"COL5383F12":null,"COL5383F13":null,"COL5383F14":null,"COL5383F15":"No Registrado","COL5383F16":null,"COL5383F17":null,"COL5383F18":"A Notificar","COL5383F19":null,"COL5383F20":null,"COL5383F21":null,"COL5383F22":null,"COL5383F23":null,"COL5383F24":null,"COL5383F25":84750},"id":124},
{"type":"Feature","geometry":{"type":"Polygon","coordinates":[[[-57.87415667842781,-34.98638565660444],[-57.873299167997715,-34.98559817950963],[-57.872413062490494,-34.98519450040914],[-57.8724844654504,-34.98514194941713],[-57.87243868615931,-34.985106559428836],[-57.874236838555326,-34.98382758750586],[-57.8757518526165,-34.985191497095364],[-57.87415667842781,-34.98638565660444]]]},"properties":{"fid":125,"id":"5383F8CD0F000603","Name":"Camino al Sol","descriptio":"<div>2010</div>","timestamp":null,"begin":null,"end":null,"altitudeMo":null,"tessellate":-1,"extrude":0,"visibility":-1,"drawOrder":null,"icon":null,"COL53838E7":null,"COL5383F8C":1641,"COL5383F_1":1542,"COL53838_1":null,"COL5383F_2":55,"COL5383F_3":"Vivienda","COL5383F_4":null,"COL5383F_5":13667,"COL5383F_6":5190,"COL5383F_7":"Camino al Sol","COL5383F_8":null,"COL5383F_9":null,"COL5383F10":null,"COL5383F11":null,"COL5383F12":null,"COL5383F13":null,"COL5383F14":null,"COL5383F15":"No Registrado","COL5383F16":null,"COL5383F17":null,"COL5383F18":"verificar tramites","COL5383F19":null,"COL5383F20":null,"COL5383F21":null,"COL5383F22":null,"COL5383F23":null,"COL5383F24":null,"COL5383F25":42084},"id":125},
{"type":"Feature","geometry":{"type":"Polygon","coordinates":[[[-58.107838292283766,-34.88603982045044],[-58.10671090664976,-34.886794764815036],[-58.10555572533727,-34.88571216933343],[-58.106659793745365,-34.88495687224353],[-58.107838292283766,-34.88603982045044]]]},"properties":{"fid":126,"id":"5383F8CD10000604","Name":"La Candelaria (55)","descriptio":"<div>2015</div>","timestamp":null,"begin":null,"end":null,"altitudeMo":null,"tessellate":-1,"extrude":0,"visibility":-1,"drawOrder":null,"icon":null,"COL53838E7":null,"COL5383F8C":1642,"COL5383F_1":1543,"COL53838_1":null,"COL5383F_2":55,"COL5383F_3":"Vivienda","COL5383F_4":null,"COL5383F_5":13664,"COL5383F_6":null,"COL5383F_7":"La Candelaria (55)","COL5383F_8":null,"COL5383F_9":null,"COL5383F10":null,"COL5383F11":null,"COL5383F12":null,"COL5383F13":null,"COL5383F14":null,"COL5383F15":"No Registrado","COL5383F16":"6011/02","COL5383F17":null,"COL5383F18":"A Notificar","COL5383F19":null,"COL5383F20":null,"COL5383F21":null,"COL5383F22":null,"COL5383F23":null,"COL5383F24":null,"COL5383F25":21187},"id":126},
{"type":"Feature","geometry":{"type":"Polygon","coordinates":[[[-58.033221258695676,-34.894290280857405],[-58.03137341714287,-34.89471001600338],[-58.031174440781164,-34.89386128080806],[-58.03295597873056,-34.893482750615085],[-58.033221258695676,-34.894290280857405]]]},"properties":{"fid":127,"id":"5383F8CD10000605","Name":"La Trinidad","descriptio":"<div>2018</div>","timestamp":null,"begin":null,"end":null,"altitudeMo":null,"tessellate":-1,"extrude":0,"visibility":-1,"drawOrder":null,"icon":null,"COL53838E7":null,"COL5383F8C":1643,"COL5383F_1":1544,"COL53838_1":null,"COL5383F_2":55,"COL5383F_3":"Vivienda","COL5383F_4":"Barrio Privado","COL5383F_5":13663,"COL5383F_6":null,"COL5383F_7":"La Trinidad","COL5383F_8":null,"COL5383F_9":null,"COL5383F10":null,"COL5383F11":null,"COL5383F12":null,"COL5383F13":null,"COL5383F14":null,"COL5383F15":"No Registrado","COL5383F16":null,"COL5383F17":null,"COL5383F18":"A Notificar","COL5383F19":null,"COL5383F20":null,"COL5383F21":null,"COL5383F22":null,"COL5383F23":null,"COL5383F24":null,"COL5383F25":16179},"id":127},
{"type":"Feature","geometry":{"type":"Polygon","coordinates":[[[-58.09202889098183,-34.87420224193372],[-58.09082827188314,-34.873033283937644],[-58.091976212928046,-34.872244217859944],[-58.09319881390674,-34.873370272509256],[-58.09202889098183,-34.87420224193372]]]},"properties":{"fid":128,"id":"5383F8CD10000606","Name":"Velisa Barrio Residencial","descriptio":"<div>2014</div>","timestamp":null,"begin":null,"end":null,"altitudeMo":null,"tessellate":-1,"extrude":0,"visibility":-1,"drawOrder":null,"icon":null,"COL53838E7":null,"COL5383F8C":1644,"COL5383F_1":1545,"COL53838_1":null,"COL5383F_2":55,"COL5383F_3":"Vivienda","COL5383F_4":null,"COL5383F_5":13658,"COL5383F_6":null,"COL5383F_7":"Velisa Barrio Residencial","COL5383F_8":null,"COL5383F_9":null,"COL5383F10":null,"COL5383F11":null,"COL5383F12":null,"COL5383F13":null,"COL5383F14":null,"COL5383F15":"No Registrado","COL5383F16":null,"COL5383F17":null,"COL5383F18":"A Notificar","COL5383F19":null,"COL5383F20":null,"COL5383F21":null,"COL5383F22":null,"COL5383F23":null,"COL5383F24":null,"COL5383F25":23450},"id":128},
{"type":"Feature","geometry":{"type":"Polygon","coordinates":[[[-58.08548515325222,-34.86555676887209],[-58.084575171461644,-34.864715525150395],[-58.08706549335245,-34.86293675629781],[-58.08804964580834,-34.863760907631026],[-58.08548515325222,-34.86555676887209]]]},"properties":{"fid":129,"id":"5383F8CD10000611","Name":"Sin nombre 014","descriptio":"<div>2022</div>","timestamp":null,"begin":null,"end":null,"altitudeMo":null,"tessellate":-1,"extrude":0,"visibility":-1,"drawOrder":null,"icon":null,"COL53838E7":null,"COL5383F8C":1657,"COL5383F_1":1556,"COL53838_1":null,"COL5383F_2":55,"COL5383F_3":"Vivienda","COL5383F_4":null,"COL5383F_5":13646,"COL5383F_6":null,"COL5383F_7":"Sin nombre 014","COL5383F_8":null,"COL5383F_9":null,"COL5383F10":null,"COL5383F11":null,"COL5383F12":null,"COL5383F13":null,"COL5383F14":null,"COL5383F15":"No Registrado","COL5383F16":null,"COL5383F17":null,"COL5383F18":"A Notificar","COL5383F19":null,"COL5383F20":null,"COL5383F21":null,"COL5383F22":null,"COL5383F23":null,"COL5383F24":null,"COL5383F25":38520},"id":129},
{"type":"Feature","geometry":{"type":"Polygon","coordinates":[[[-58.130228677767306,-34.930222321646575],[-58.1284147634956,-34.93132961228437],[-58.12629108800447,-34.92942242437666],[-58.127896370200396,-34.92818522637835],[-58.130228677767306,-34.930222321646575]]]},"properties":{"fid":130,"id":"5383F8CD10000620","Name":"Sin Nombre 065","descriptio":"<div>2022</div>","timestamp":null,"begin":null,"end":null,"altitudeMo":null,"tessellate":-1,"extrude":0,"visibility":-1,"drawOrder":null,"icon":null,"COL53838E7":null,"COL5383F8C":1675,"COL5383F_1":1572,"COL53838_1":null,"COL5383F_2":55,"COL5383F_3":"Vivienda","COL5383F_4":null,"COL5383F_5":13897,"COL5383F_6":null,"COL5383F_7":"Sin Nombre 065","COL5383F_8":null,"COL5383F_9":null,"COL5383F10":null,"COL5383F11":null,"COL5383F12":null,"COL5383F13":null,"COL5383F14":null,"COL5383F15":"No Registrado","COL5383F16":null,"COL5383F17":null,"COL5383F18":"A Notificar","COL5383F19":null,"COL5383F20":null,"COL5383F21":null,"COL5383F22":null,"COL5383F23":null,"COL5383F24":null,"COL5383F25":60647},"id":130},
{"type":"Feature","geometry":{"type":"Polygon","coordinates":[[[-57.950399575810046,-34.98491987716988],[-57.94921186181343,-34.98386026672697],[-57.951585184768845,-34.982135532109],[-57.95282304623506,-34.983147614445116],[-57.950399575810046,-34.98491987716988]]]},"properties":{"fid":131,"id":"5383F8CD10000636","Name":"Latitud 34","descriptio":"<div>2021</div>","timestamp":null,"begin":null,"end":null,"altitudeMo":null,"tessellate":-1,"extrude":0,"visibility":-1,"drawOrder":null,"icon":null,"COL53838E7":null,"COL5383F8C":1713,"COL5383F_1":1594,"COL53838_1":null,"COL5383F_2":55,"COL5383F_3":"Vivienda","COL5383F_4":null,"COL5383F_5":13961,"COL5383F_6":null,"COL5383F_7":"Latitud 34","COL5383F_8":null,"COL5383F_9":null,"COL5383F10":null,"COL5383F11":null,"COL5383F12":null,"COL5383F13":null,"COL5383F14":null,"COL5383F15":"No Registrado","COL5383F16":null,"COL5383F17":null,"COL5383F18":"en analisis","COL5383F19":null,"COL5383F20":null,"COL5383F21":null,"COL5383F22":null,"COL5383F23":null,"COL5383F24":null,"COL5383F25":46646},"id":131},
{"type":"Feature","geometry":{"type":"Polygon","coordinates":[[[-58.11816001068768,-34.890181947791724],[-58.11781659569877,-34.890458804516804],[-58.11521406090408,-34.89106762306119],[-58.11502634950477,-34.890924840650385],[-58.11741672078448,-34.88900604562992],[-58.11851534644947,-34.889895451199415],[-58.11816001068768,-34.890181947791724]]]},"properties":{"fid":132,"id":"5383F8CD10000638","Name":"La Arboleda (55)","descriptio":"<div>2022</div>","timestamp":null,"begin":null,"end":null,"altitudeMo":null,"tessellate":-1,"extrude":0,"visibility":-1,"drawOrder":null,"icon":null,"COL53838E7":null,"COL5383F8C":1715,"COL5383F_1":1596,"COL53838_1":null,"COL5383F_2":55,"COL5383F_3":"Vivienda","COL5383F_4":null,"COL5383F_5":13998,"COL5383F_6":null,"COL5383F_7":"La Arboleda (55)","COL5383F_8":null,"COL5383F_9":null,"COL5383F10":null,"COL5383F11":null,"COL5383F12":null,"COL5383F13":null,"COL5383F14":null,"COL5383F15":"En Analisis","COL5383F16":null,"COL5383F17":null,"COL5383F18":null,"COL5383F19":null,"COL5383F20":null,"COL5383F21":null,"COL5383F22":null,"COL5383F23":null,"COL5383F24":"ok","COL5383F25":30251},"id":132},
{"type":"Feature","geometry":{"type":"Polygon","coordinates":[[[-58.10250712478045,-34.958582180230884],[-58.10353849772107,-34.95943841024988],[-58.103668211042184,-34.95953371239619],[-58.10384682626407,-34.959720620965406],[-58.103689531216055,-34.96030440699179],[-58.10355699108336,-34.960540709094495],[-58.10340431359266,-34.961104469578295],[-58.10337974472115,-34.96128225664049],[-58.10322785282187,-34.961864053434084],[-58.10315534304727,-34.96206046762878],[-58.103006852638764,-34.96262753719669],[-58.102977866272774,-34.96281643019697],[-58.10295235848036,-34.96288767846579],[-58.102806257345165,-34.963042387677774],[-58.09997215015415,-34.96067004203845],[-58.09811870504426,-34.95905055385904],[-58.09713119975864,-34.95821244984744],[-58.09552936122396,-34.95682703721334],[-58.09492168222214,-34.95630858662424],[-58.095158145860935,-34.95612322111973],[-58.09541304965845,-34.95616741413153],[-58.09648116184725,-34.95533602787854],[-58.09675174725746,-34.955109107184825],[-58.09718046598265,-34.95477967220684],[-58.09722824611265,-34.95478204316414],[-58.09771076357804,-34.95519370986565],[-58.09784271549696,-34.95524840821625],[-58.097975882634756,-34.95513685071774],[-58.09801952159076,-34.95513843552195],[-58.09936346103245,-34.95625418997455],[-58.09936458390796,-34.95629088713385],[-58.09922965420925,-34.95639818282067],[-58.099187198649155,-34.956587044367645],[-58.10013935574116,-34.95737744504726],[-58.100446846047156,-34.95730150691497],[-58.10051219443657,-34.957287388793866],[-58.10216350344495,-34.958658279742984],[-58.102459042327474,-34.95858332134289],[-58.10250712478045,-34.958582180230884]]]},"properties":{"fid":133,"id":"5383F8CD10000639","Name":"Estancia Chica","descriptio":"<div>2023</div>","timestamp":null,"begin":null,"end":null,"altitudeMo":null,"tessellate":-1,"extrude":0,"visibility":-1,"drawOrder":null,"icon":null,"COL53838E7":null,"COL5383F8C":1716,"COL5383F_1":1597,"COL53838_1":null,"COL5383F_2":55,"COL5383F_3":"Vivienda","COL5383F_4":null,"COL5383F_5":14002,"COL5383F_6":null,"COL5383F_7":"Estancia Chica","COL5383F_8":null,"COL5383F_9":null,"COL5383F10":null,"COL5383F11":null,"COL5383F12":null,"COL5383F13":null,"COL5383F14":null,"COL5383F15":"En Analisis","COL5383F16":null,"COL5383F17":null,"COL5383F18":null,"COL5383F19":null,"COL5383F20":null,"COL5383F21":null,"COL5383F22":null,"COL5383F23":null,"COL5383F24":"ok","COL5383F25":274960},"id":133},
{"type":"Feature","geometry":{"type":"Polygon","coordinates":[[[-57.977186423679676,-34.98352906841116],[-57.97503652596869,-34.98512581675253],[-57.97309645632788,-34.98335629645682],[-57.975246341972486,-34.98175958176453],[-57.977186423679676,-34.98352906841116]]]},"properties":{"fid":134,"id":"5383F8CD1000063A","Name":"Finca Los Cerezos","descriptio":"<div>2021</div>","timestamp":null,"begin":null,"end":null,"altitudeMo":null,"tessellate":-1,"extrude":0,"visibility":-1,"drawOrder":null,"icon":null,"COL53838E7":null,"COL5383F8C":1717,"COL5383F_1":1598,"COL53838_1":null,"COL5383F_2":55,"COL5383F_3":"Vivienda","COL5383F_4":null,"COL5383F_5":13999,"COL5383F_6":null,"COL5383F_7":"Finca Los Cerezos","COL5383F_8":null,"COL5383F_9":null,"COL5383F10":null,"COL5383F11":null,"COL5383F12":null,"COL5383F13":null,"COL5383F14":null,"COL5383F15":"En Analisis","COL5383F16":null,"COL5383F17":null,"COL5383F18":null,"COL5383F19":null,"COL5383F20":null,"COL5383F21":null,"COL5383F22":null,"COL5383F23":null,"COL5383F24":"ok","COL5383F25":69915},"id":134},
{"type":"Feature","geometry":{"type":"Polygon","coordinates":[[[-58.12681052688938,-34.89872661045075],[-58.12927183380618,-34.89707886608109],[-58.1300074085319,-34.896781786919696],[-58.1309408941614,-34.89757400219339],[-58.13000069276329,-34.897806564096676],[-58.12762412925029,-34.899397589569666],[-58.12681052688938,-34.89872661045075]]]},"properties":{"fid":135,"id":"5383F8CD1000063B","Name":"Araucarias","descriptio":"<div>2022</div>","timestamp":null,"begin":null,"end":null,"altitudeMo":null,"tessellate":-1,"extrude":0,"visibility":-1,"drawOrder":null,"icon":null,"COL53838E7":null,"COL5383F8C":1718,"COL5383F_1":1599,"COL53838_1":null,"COL5383F_2":55,"COL5383F_3":"Vivienda","COL5383F_4":null,"COL5383F_5":14000,"COL5383F_6":null,"COL5383F_7":"Araucarias","COL5383F_8":null,"COL5383F_9":null,"COL5383F10":null,"COL5383F11":null,"COL5383F12":null,"COL5383F13":null,"COL5383F14":null,"COL5383F15":"No Registrado","COL5383F16":null,"COL5383F17":null,"COL5383F18":"En seguimiento","COL5383F19":null,"COL5383F20":null,"COL5383F21":null,"COL5383F22":null,"COL5383F23":null,"COL5383F24":null,"COL5383F25":38506},"id":135},
{"type":"Feature","geometry":{"type":"Polygon","coordinates":[[[-58.096309470843856,-34.91721901605696],[-58.09310091006526,-34.91799204906454],[-58.092415411245256,-34.91604077490503],[-58.095628933450655,-34.915248820617656],[-58.096309470843856,-34.91721901605696]]]},"properties":{"fid":136,"id":"5383F8CD10000649","Name":"sin nombre 111","descriptio":"<div>2022</div>","timestamp":null,"begin":null,"end":null,"altitudeMo":null,"tessellate":-1,"extrude":0,"visibility":-1,"drawOrder":null,"icon":null,"COL53838E7":null,"COL5383F8C":1732,"COL5383F_1":1613,"COL53838_1":null,"COL5383F_2":55,"COL5383F_3":null,"COL5383F_4":null,"COL5383F_5":13850,"COL5383F_6":null,"COL5383F_7":null,"COL5383F_8":null,"COL5383F_9":null,"COL5383F10":null,"COL5383F11":null,"COL5383F12":null,"COL5383F13":null,"COL5383F14":null,"COL5383F15":"En Analisis","COL5383F16":null,"COL5383F17":null,"COL5383F18":null,"COL5383F19":null,"COL5383F20":null,"COL5383F21":null,"COL5383F22":null,"COL5383F23":null,"COL5383F24":"ok","COL5383F25":69245},"id":136},
{"type":"Feature","geometry":{"type":"Polygon","coordinates":[[[-58.006318425123624,-34.95160396044204],[-58.00528781064553,-34.95237089885483],[-58.00432358990712,-34.95150927731512],[-58.005367343939426,-34.95073751608714],[-58.00643548065433,-34.94995695351374],[-58.00739048474813,-34.95080615092814],[-58.006318425123624,-34.95160396044204]]]},"properties":{"fid":137,"id":"5383F8CD10000674","Name":"ZON Barrio Boutique","descriptio":"<div>2022</div>","timestamp":null,"begin":null,"end":null,"altitudeMo":null,"tessellate":-1,"extrude":0,"visibility":-1,"drawOrder":null,"icon":null,"COL53838E7":null,"COL5383F8C":1775,"COL5383F_1":1657,"COL53838_1":null,"COL5383F_2":55,"COL5383F_3":"Vivienda","COL5383F_4":"Barrio Cerrado","COL5383F_5":14149,"COL5383F_6":null,"COL5383F_7":"ZON Barrio Boutique","COL5383F_8":null,"COL5383F_9":null,"COL5383F10":null,"COL5383F11":null,"COL5383F12":null,"COL5383F13":null,"COL5383F14":null,"COL5383F15":"En Analisis","COL5383F16":null,"COL5383F17":null,"COL5383F18":null,"COL5383F19":null,"COL5383F20":null,"COL5383F21":null,"COL5383F22":null,"COL5383F23":null,"COL5383F24":"ok","COL5383F25":33471},"id":137},
{"type":"Feature","geometry":{"type":"Polygon","coordinates":[[[-58.00222071417722,-34.94960668696249],[-58.00126620965472,-34.9487397044178],[-58.00232868336393,-34.9479854899982],[-58.00328096348812,-34.9488495438953],[-58.00222071417722,-34.94960668696249]]]},"properties":{"fid":138,"id":"5383F8CD10000675","Name":"Liquidambar","descriptio":"<div>2021</div>","timestamp":null,"begin":null,"end":null,"altitudeMo":null,"tessellate":-1,"extrude":0,"visibility":-1,"drawOrder":null,"icon":null,"COL53838E7":null,"COL5383F8C":1776,"COL5383F_1":1658,"COL53838_1":null,"COL5383F_2":55,"COL5383F_3":"Vivienda","COL5383F_4":"Barrio Cerrado","COL5383F_5":14150,"COL5383F_6":null,"COL5383F_7":"Liquidambar","COL5383F_8":null,"COL5383F_9":null,"COL5383F10":null,"COL5383F11":null,"COL5383F12":null,"COL5383F13":null,"COL5383F14":null,"COL5383F15":"En Analisis","COL5383F16":null,"COL5383F17":null,"COL5383F18":null,"COL5383F19":null,"COL5383F20":null,"COL5383F21":null,"COL5383F22":null,"COL5383F23":null,"COL5383F24":"ok","COL5383F25":16610},"id":138},
{"type":"Feature","geometry":{"type":"Polygon","coordinates":[[[-57.881702047759525,-34.96602052201583],[-57.88097396364743,-34.96536122152673],[-57.881251876675115,-34.96515853169203],[-57.881414051879624,-34.96504186622825],[-57.882058460260325,-34.96458017379514],[-57.88276665428401,-34.965251016495856],[-57.881702047759525,-34.96602052201583]]]},"properties":{"fid":139,"id":"5383F8CD1000068E","Name":"El Centeno","descriptio":"<div>2021</div>","timestamp":null,"begin":null,"end":null,"altitudeMo":null,"tessellate":-1,"extrude":0,"visibility":-1,"drawOrder":null,"icon":null,"COL53838E7":null,"COL5383F8C":1801,"COL5383F_1":1684,"COL53838_1":null,"COL5383F_2":55,"COL5383F_3":"Vivienda","COL5383F_4":"Barrio Cerrado","COL5383F_5":14175,"COL5383F_6":null,"COL5383F_7":"El Centeno","COL5383F_8":null,"COL5383F_9":null,"COL5383F10":null,"COL5383F11":null,"COL5383F12":null,"COL5383F13":null,"COL5383F14":null,"COL5383F15":"En Analisis","COL5383F16":null,"COL5383F17":null,"COL5383F18":null,"COL5383F19":null,"COL5383F20":null,"COL5383F21":null,"COL5383F22":null,"COL5383F23":null,"COL5383F24":"ok","COL5383F25":12897},"id":139},
{"type":"Feature","geometry":{"type":"Polygon","coordinates":[[[-58.10045151342197,-34.974894239597766],[-58.101017212317764,-34.97538397936427],[-58.09980817929138,-34.976329090054556],[-58.09867682818108,-34.97534797537864],[-58.099885711803864,-34.97440449565975],[-58.10045151342197,-34.974894239597766]]]},"properties":{"fid":140,"id":"5383F8CD1000069B","Name":"Barrio Cerrado Lotes en Condominio - Zona Estancia Chica","descriptio":"<div>2021</div>","timestamp":null,"begin":null,"end":null,"altitudeMo":null,"tessellate":-1,"extrude":0,"visibility":-1,"drawOrder":null,"icon":null,"COL53838E7":null,"COL5383F8C":1814,"COL5383F_1":1697,"COL53838_1":null,"COL5383F_2":55,"COL5383F_3":"Vivienda","COL5383F_4":"Condominio","COL5383F_5":14076,"COL5383F_6":null,"COL5383F_7":"Barrio Cerrado Lotes en Condominio - Zona Estancia Chica","COL5383F_8":null,"COL5383F_9":null,"COL5383F10":null,"COL5383F11":null,"COL5383F12":null,"COL5383F13":null,"COL5383F14":null,"COL5383F15":"En Analisis","COL5383F16":null,"COL5383F17":null,"COL5383F18":null,"COL5383F19":null,"COL5383F20":null,"COL5383F21":null,"COL5383F22":null,"COL5383F23":null,"COL5383F24":"ok","COL5383F25":22830},"id":140},
{"type":"Feature","geometry":{"type":"Polygon","coordinates":[[[-58.099885711803864,-34.97440449565975],[-58.10116508010657,-34.97340397739967],[-58.10173020554296,-34.973894606094575],[-58.10045151342197,-34.974894239597766],[-58.099885711803864,-34.97440449565975]]]},"properties":{"fid":141,"id":"5383F8CD1000069C","Name":"Rincón de Abasto II","descriptio":"<div>2020</div>","timestamp":null,"begin":null,"end":null,"altitudeMo":null,"tessellate":-1,"extrude":0,"visibility":-1,"drawOrder":null,"icon":null,"COL53838E7":null,"COL5383F8C":1815,"COL5383F_1":1698,"COL53838_1":null,"COL5383F_2":55,"COL5383F_3":"Vivienda","COL5383F_4":"Semi Cerrado","COL5383F_5":14077,"COL5383F_6":null,"COL5383F_7":"Rincón de Abasto II","COL5383F_8":null,"COL5383F_9":null,"COL5383F10":null,"COL5383F11":null,"COL5383F12":null,"COL5383F13":null,"COL5383F14":null,"COL5383F15":"En Analisis","COL5383F16":null,"COL5383F17":null,"COL5383F18":null,"COL5383F19":null,"COL5383F20":null,"COL5383F21":null,"COL5383F22":null,"COL5383F23":null,"COL5383F24":"ok","COL5383F25":12081},"id":141},
{"type":"Feature","geometry":{"type":"Polygon","coordinates":[[[-58.051065454773685,-34.91238869594081],[-58.0494504447097,-34.91276228461652],[-58.0490888476,-34.91178280575221],[-58.05070717369769,-34.91137926427701],[-58.051065454773685,-34.91238869594081]]]},"properties":{"fid":142,"id":"5383F8CD100006A3","Name":"Quintas de Gorina","descriptio":"<div>2022</div>","timestamp":null,"begin":null,"end":null,"altitudeMo":null,"tessellate":-1,"extrude":0,"visibility":-1,"drawOrder":null,"icon":null,"COL53838E7":null,"COL5383F8C":1822,"COL5383F_1":1721,"COL53838_1":null,"COL5383F_2":55,"COL5383F_3":"Vivienda","COL5383F_4":"Barrio Privado","COL5383F_5":14196,"COL5383F_6":null,"COL5383F_7":"Quintas de Gorina","COL5383F_8":null,"COL5383F_9":null,"COL5383F10":null,"COL5383F11":null,"COL5383F12":null,"COL5383F13":null,"COL5383F14":null,"COL5383F15":"En Analisis","COL5383F16":null,"COL5383F17":null,"COL5383F18":null,"COL5383F19":null,"COL5383F20":null,"COL5383F21":null,"COL5383F22":null,"COL5383F23":null,"COL5383F24":"ok","COL5383F25":17717},"id":142},
{"type":"Feature","geometry":{"type":"Polygon","coordinates":[[[-58.0567564719629,-34.91457455842707],[-58.055726617371306,-34.91481573781085],[-58.05533579313719,-34.913698913985854],[-58.0563609149063,-34.913458382913554],[-58.0567564719629,-34.91457455842707]]]},"properties":{"fid":143,"id":"5383F8CD100006A4","Name":"La Constancia","descriptio":"<div>2022</div>","timestamp":null,"begin":null,"end":null,"altitudeMo":null,"tessellate":-1,"extrude":0,"visibility":-1,"drawOrder":null,"icon":null,"COL53838E7":null,"COL5383F8C":1823,"COL5383F_1":1722,"COL53838_1":null,"COL5383F_2":55,"COL5383F_3":"Vivienda","COL5383F_4":"Barrio Cerrado","COL5383F_5":14195,"COL5383F_6":null,"COL5383F_7":"La Constancia","COL5383F_8":null,"COL5383F_9":null,"COL5383F10":null,"COL5383F11":null,"COL5383F12":null,"COL5383F13":null,"COL5383F14":null,"COL5383F15":"En Analisis","COL5383F16":null,"COL5383F17":null,"COL5383F18":null,"COL5383F19":null,"COL5383F20":null,"COL5383F21":null,"COL5383F22":null,"COL5383F23":null,"COL5383F24":"ok","COL5383F25":12590},"id":143},
{"type":"Feature","geometry":{"type":"Polygon","coordinates":[[[-58.04728452078448,-34.912047702969694],[-58.04522106929768,-34.912526677944086],[-58.04454432979069,-34.91082781280577],[-58.04667856613369,-34.9103286279059],[-58.04728452078448,-34.912047702969694]]]},"properties":{"fid":144,"id":"5383F8CD100006A7","Name":"486 & 145","descriptio":null,"timestamp":null,"begin":null,"end":null,"altitudeMo":null,"tessellate":-1,"extrude":0,"visibility":-1,"drawOrder":null,"icon":null,"COL53838E7":null,"COL5383F8C":1826,"COL5383F_1":1728,"COL53838_1":null,"COL5383F_2":55,"COL5383F_3":"Vivienda","COL5383F_4":"Barrio Cerrado","COL5383F_5":14184,"COL5383F_6":null,"COL5383F_7":"486 & 145","COL5383F_8":null,"COL5383F_9":null,"COL5383F10":null,"COL5383F11":null,"COL5383F12":null,"COL5383F13":null,"COL5383F14":null,"COL5383F15":"En Analisis","COL5383F16":null,"COL5383F17":null,"COL5383F18":null,"COL5383F19":null,"COL5383F20":null,"COL5383F21":null,"COL5383F22":null,"COL5383F23":null,"COL5383F24":"ok","COL5383F25":39545},"id":144},
{"type":"Feature","geometry":{"type":"Polygon","coordinates":[[[-58.04951690479729,-34.91814179971671],[-58.04917933088039,-34.917149549472306],[-58.050757411810984,-34.91680989007983],[-58.05107280727429,-34.91781079260342],[-58.04951690479729,-34.91814179971671]]]},"properties":{"fid":145,"id":"5383F8CD100006A8","Name":"San Agustin","descriptio":"<div>2021</div>","timestamp":null,"begin":null,"end":null,"altitudeMo":null,"tessellate":-1,"extrude":0,"visibility":-1,"drawOrder":null,"icon":null,"COL53838E7":null,"COL5383F8C":1827,"COL5383F_1":1729,"COL53838_1":null,"COL5383F_2":55,"COL5383F_3":"Vivienda","COL5383F_4":"Barrio Cerrado","COL5383F_5":14183,"COL5383F_6":null,"COL5383F_7":"San Agustin","COL5383F_8":null,"COL5383F_9":null,"COL5383F10":null,"COL5383F11":null,"COL5383F12":null,"COL5383F13":null,"COL5383F14":null,"COL5383F15":"En Analisis","COL5383F16":null,"COL5383F17":null,"COL5383F18":null,"COL5383F19":null,"COL5383F20":null,"COL5383F21":null,"COL5383F22":null,"COL5383F23":null,"COL5383F24":"ok","COL5383F25":16941},"id":145},
{"type":"Feature","geometry":{"type":"Polygon","coordinates":[[[-58.03014671312507,-34.91110016256175],[-58.02901587582825,-34.909683862045156],[-58.033970755505166,-34.90694443419749],[-58.03646143718498,-34.90962085198421],[-58.03014671312507,-34.91110016256175]]]},"properties":{"fid":146,"id":"5383F8CD100006A9","Name":"Altos de don carlos","descriptio":"<div>2014</div>","timestamp":null,"begin":null,"end":null,"altitudeMo":null,"tessellate":-1,"extrude":0,"visibility":-1,"drawOrder":null,"icon":null,"COL53838E7":null,"COL5383F8C":1828,"COL5383F_1":1730,"COL53838_1":null,"COL5383F_2":55,"COL5383F_3":"Vivienda","COL5383F_4":"Abierto","COL5383F_5":14182,"COL5383F_6":null,"COL5383F_7":"Altos de don carlos","COL5383F_8":null,"COL5383F_9":null,"COL5383F10":null,"COL5383F11":null,"COL5383F12":null,"COL5383F13":null,"COL5383F14":null,"COL5383F15":"En Analisis","COL5383F16":null,"COL5383F17":null,"COL5383F18":null,"COL5383F19":null,"COL5383F20":null,"COL5383F21":null,"COL5383F22":null,"COL5383F23":null,"COL5383F24":"ok","COL5383F25":155631},"id":146},
{"type":"Feature","geometry":{"type":"Polygon","coordinates":[[[-58.028059899752066,-34.91349957682353],[-58.02544310984865,-34.914957586588415],[-58.024269070392556,-34.91350557394211],[-58.02596127262295,-34.91286241174872],[-58.025626091625554,-34.91240062408981],[-58.02973389890716,-34.911435928479655],[-58.03017939240046,-34.91133500741386],[-58.03073224769787,-34.91200185482355],[-58.028059899752066,-34.91349957682353]]]},"properties":{"fid":147,"id":"5383F8CD100006AA","Name":"Barrio Don Guido","descriptio":"<div>2012</div>","timestamp":null,"begin":null,"end":null,"altitudeMo":null,"tessellate":-1,"extrude":0,"visibility":-1,"drawOrder":null,"icon":null,"COL53838E7":null,"COL5383F8C":1829,"COL5383F_1":1731,"COL53838_1":null,"COL5383F_2":55,"COL5383F_3":"Vivienda","COL5383F_4":"Abierto","COL5383F_5":14181,"COL5383F_6":null,"COL5383F_7":"Barrio Don Guido","COL5383F_8":null,"COL5383F_9":null,"COL5383F10":null,"COL5383F11":null,"COL5383F12":null,"COL5383F13":null,"COL5383F14":null,"COL5383F15":"En Analisis","COL5383F16":null,"COL5383F17":null,"COL5383F18":null,"COL5383F19":null,"COL5383F20":null,"COL5383F21":null,"COL5383F22":null,"COL5383F23":null,"COL5383F24":"ok","COL5383F25":95894},"id":147},
{"type":"Feature","geometry":{"type":"Polygon","coordinates":[[[-58.03412250442246,-34.930877650726266],[-58.03368551739906,-34.93048954544387],[-58.033160864129954,-34.930019721246474],[-58.03379258948387,-34.92954753212146],[-58.03476330370667,-34.93041047002639],[-58.03412250442246,-34.930877650726266]]]},"properties":{"fid":148,"id":"5383F8CD100006AB","Name":"Los Jacarandás","descriptio":"<div>2022</div>","timestamp":null,"begin":null,"end":null,"altitudeMo":null,"tessellate":-1,"extrude":0,"visibility":-1,"drawOrder":null,"icon":null,"COL53838E7":null,"COL5383F8C":1830,"COL5383F_1":1732,"COL53838_1":null,"COL5383F_2":55,"COL5383F_3":"Vivienda","COL5383F_4":"Barrio Cerrado","COL5383F_5":14180,"COL5383F_6":null,"COL5383F_7":"Los Jacarandás","COL5383F_8":null,"COL5383F_9":null,"COL5383F10":null,"COL5383F11":null,"COL5383F12":null,"COL5383F13":null,"COL5383F14":null,"COL5383F15":"En Analisis","COL5383F16":null,"COL5383F17":null,"COL5383F18":null,"COL5383F19":null,"COL5383F20":null,"COL5383F21":null,"COL5383F22":null,"COL5383F23":null,"COL5383F24":"ok","COL5383F25":10157},"id":148},
{"type":"Feature","geometry":{"type":"Polygon","coordinates":[[[-58.04566377460599,-34.93446562298846],[-58.0450314076491,-34.93487378767696],[-58.044114065501674,-34.933991602174856],[-58.04472273653299,-34.93357657197217],[-58.04566377460599,-34.93446562298846]]]},"properties":{"fid":149,"id":"5383F8CD100006AC","Name":"Las Liebres","descriptio":"<div>2023</div>","timestamp":null,"begin":null,"end":null,"altitudeMo":null,"tessellate":-1,"extrude":0,"visibility":-1,"drawOrder":null,"icon":null,"COL53838E7":null,"COL5383F8C":1831,"COL5383F_1":1733,"COL53838_1":null,"COL5383F_2":55,"COL5383F_3":"Vivienda","COL5383F_4":"Barrio Cerrado","COL5383F_5":14179,"COL5383F_6":null,"COL5383F_7":"Las Liebres","COL5383F_8":null,"COL5383F_9":null,"COL5383F10":null,"COL5383F11":null,"COL5383F12":null,"COL5383F13":null,"COL5383F14":null,"COL5383F15":"En Analisis","COL5383F16":null,"COL5383F17":null,"COL5383F18":null,"COL5383F19":null,"COL5383F20":null,"COL5383F21":null,"COL5383F22":null,"COL5383F23":null,"COL5383F24":"ok","COL5383F25":9446},"id":149},
{"type":"Feature","geometry":{"type":"Polygon","coordinates":[[[-58.05434416799851,-34.93981238124314],[-58.053522230087,-34.939012812311624],[-58.053343573905906,-34.93883898876312],[-58.052521762568794,-34.938039505417834],[-58.05252577581631,-34.93799937571542],[-58.053000798852686,-34.93766822654122],[-58.05318550900091,-34.93753952054643],[-58.0536604173693,-34.93720836683894],[-58.053709146391284,-34.93721176129483],[-58.054531071175006,-34.93801123856485],[-58.05470972823699,-34.93818506041155],[-58.05553156079979,-34.938984619761655],[-58.0555275489414,-34.93902474960395],[-58.05505252962411,-34.93935581858543],[-58.05486781591569,-34.939484617433635],[-58.054392900726704,-34.939815685387835],[-58.05434416799851,-34.93981238124314]]]},"properties":{"fid":150,"id":"5383F8CD100006AD","Name":"Don Basilio I","descriptio":"<div>2021</div>","timestamp":null,"begin":null,"end":null,"altitudeMo":null,"tessellate":-1,"extrude":0,"visibility":-1,"drawOrder":null,"icon":null,"COL53838E7":null,"COL5383F8C":1832,"COL5383F_1":1734,"COL53838_1":null,"COL5383F_2":55,"COL5383F_3":"Vivienda","COL5383F_4":"Abierto","COL5383F_5":14178,"COL5383F_6":null,"COL5383F_7":"Don Basilio I","COL5383F_8":null,"COL5383F_9":null,"COL5383F10":null,"COL5383F11":null,"COL5383F12":null,"COL5383F13":null,"COL5383F14":null,"COL5383F15":"En Analisis","COL5383F16":null,"COL5383F17":null,"COL5383F18":null,"COL5383F19":null,"COL5383F20":null,"COL5383F21":null,"COL5383F22":null,"COL5383F23":null,"COL5383F24":"ok","COL5383F25":37503},"id":150},
{"type":"Feature","geometry":{"type":"Polygon","coordinates":[[[-58.04487486176527,-34.97157272900884],[-58.04257773290537,-34.97309724275643],[-58.04117427521859,-34.971806765471314],[-58.04024149115819,-34.97095142624422],[-58.0412422983017,-34.970200833187626],[-58.04134671152248,-34.97014240747152],[-58.04240611368688,-34.96933939836512],[-58.0433668475631,-34.97020742811234],[-58.04487486176527,-34.97157272900884]]]},"properties":{"fid":151,"id":"5383F8CD100006AE","Name":"Los Olivos","descriptio":"<div>2020</div>","timestamp":null,"begin":null,"end":null,"altitudeMo":null,"tessellate":-1,"extrude":0,"visibility":-1,"drawOrder":null,"icon":null,"COL53838E7":null,"COL5383F8C":1833,"COL5383F_1":1735,"COL53838_1":null,"COL5383F_2":55,"COL5383F_3":"Vivienda","COL5383F_4":"Semi Cerrado","COL5383F_5":14177,"COL5383F_6":null,"COL5383F_7":"Los Olivos","COL5383F_8":null,"COL5383F_9":null,"COL5383F10":null,"COL5383F11":null,"COL5383F12":null,"COL5383F13":null,"COL5383F14":null,"COL5383F15":"En Analisis","COL5383F16":null,"COL5383F17":null,"COL5383F18":null,"COL5383F19":null,"COL5383F20":null,"COL5383F21":null,"COL5383F22":null,"COL5383F23":null,"COL5383F24":"ok","COL5383F25":87602},"id":151},
{"type":"Feature","geometry":{"type":"Polygon","coordinates":[[[-58.1391183084288,-34.89900035027285],[-58.1372783708077,-34.89732037876553],[-58.1398282562455,-34.895303727211044],[-58.1417817872434,-34.89698674970146],[-58.1391183084288,-34.89900035027285]]]},"properties":{"fid":152,"id":"5383F8CD100006AF","Name":"Los Fresnos","descriptio":"<div>2022</div>","timestamp":null,"begin":null,"end":null,"altitudeMo":null,"tessellate":-1,"extrude":0,"visibility":-1,"drawOrder":null,"icon":null,"COL53838E7":null,"COL5383F8C":1834,"COL5383F_1":1736,"COL53838_1":null,"COL5383F_2":0,"COL5383F_3":"Vivienda","COL5383F_4":"Semi Cerrado","COL5383F_5":14194,"COL5383F_6":null,"COL5383F_7":"Los Fresnos","COL5383F_8":null,"COL5383F_9":null,"COL5383F10":null,"COL5383F11":null,"COL5383F12":null,"COL5383F13":null,"COL5383F14":null,"COL5383F15":"En Analisis","COL5383F16":null,"COL5383F17":null,"COL5383F18":null,"COL5383F19":null,"COL5383F20":null,"COL5383F21":null,"COL5383F22":null,"COL5383F23":null,"COL5383F24":"ok","COL5383F25":83202},"id":152},
{"type":"Feature","geometry":{"type":"Polygon","coordinates":[[[-57.877443126712514,-34.96907176268929],[-57.8770590314675,-34.969358017600584],[-57.87688922627461,-34.9694855377685],[-57.87650300387631,-34.969773465855596],[-57.876333520601605,-34.969901171072166],[-57.87594729664731,-34.97018900715547],[-57.875777273824,-34.970316341644484],[-57.875352199313305,-34.970633144470774],[-57.87530582950981,-34.97063125142937],[-57.87466004302461,-34.97004562822776],[-57.87450557911661,-34.969905494685946],[-57.8738160566516,-34.96928008050384],[-57.873661702706215,-34.96914003796776],[-57.87250688768733,-34.968092736540434],[-57.872509079175096,-34.968054565200326],[-57.872936268919,-34.967736277253536],[-57.87310671876552,-34.96760931463664],[-57.873492939588296,-34.96732148740345],[-57.8736632782989,-34.96719452201805],[-57.874049492913926,-34.96690678293157],[-57.874219939336804,-34.966779818611165],[-57.87460224579201,-34.966494892992856],[-57.874648724987615,-34.96649669805917],[-57.8757926276429,-34.96753441624456],[-57.87594708959081,-34.967674548117785],[-57.876641964131515,-34.968304820213575],[-57.87679642896201,-34.968444951092785],[-57.8774454230656,-34.9690336831746],[-57.877443126712514,-34.96907176268929]]]},"properties":{"fid":153,"id":"5383F8CD100006B0","Name":"Las Cortaderas","descriptio":"<div>2016</div>","timestamp":null,"begin":null,"end":null,"altitudeMo":null,"tessellate":-1,"extrude":0,"visibility":-1,"drawOrder":null,"icon":null,"COL53838E7":null,"COL5383F8C":1835,"COL5383F_1":1737,"COL53838_1":null,"COL5383F_2":55,"COL5383F_3":"Vivienda","COL5383F_4":"Abierto","COL5383F_5":14193,"COL5383F_6":null,"COL5383F_7":"Las Cortaderas","COL5383F_8":null,"COL5383F_9":null,"COL5383F10":null,"COL5383F11":null,"COL5383F12":null,"COL5383F13":null,"COL5383F14":null,"COL5383F15":"En Analisis","COL5383F16":null,"COL5383F17":null,"COL5383F18":null,"COL5383F19":null,"COL5383F20":null,"COL5383F21":null,"COL5383F22":null,"COL5383F23":null,"COL5383F24":"ok","COL5383F25":101868},"id":153},
{"type":"Feature","geometry":{"type":"Polygon","coordinates":[[[-57.988096694667504,-34.98226210327295],[-57.9870491538076,-34.983053285768335],[-57.985085640630004,-34.98126211563343],[-57.986132573097,-34.98046859695263],[-57.988096694667504,-34.98226210327295]]]},"properties":{"fid":154,"id":"5383F8CD100006B1","Name":"La Rufina","descriptio":"<div>2022</div>","timestamp":null,"begin":null,"end":null,"altitudeMo":null,"tessellate":-1,"extrude":0,"visibility":-1,"drawOrder":null,"icon":null,"COL53838E7":null,"COL5383F8C":1836,"COL5383F_1":1738,"COL53838_1":null,"COL5383F_2":55,"COL5383F_3":"Vivienda","COL5383F_4":"Semi Cerrado","COL5383F_5":14192,"COL5383F_6":null,"COL5383F_7":"La Rufina","COL5383F_8":null,"COL5383F_9":null,"COL5383F10":null,"COL5383F11":null,"COL5383F12":null,"COL5383F13":null,"COL5383F14":null,"COL5383F15":"En Analisis","COL5383F16":null,"COL5383F17":null,"COL5383F18":null,"COL5383F19":null,"COL5383F20":null,"COL5383F21":null,"COL5383F22":null,"COL5383F23":null,"COL5383F24":"ok","COL5383F25":34776},"id":154},
{"type":"Feature","geometry":{"type":"Polygon","coordinates":[[[-57.90530637126937,-34.9962200962683],[-57.90437869378217,-34.995395363811774],[-57.90518223241266,-34.99478337074051],[-57.90444753546326,-34.99413012962159],[-57.90587638695027,-34.993091587051616],[-57.90623706325938,-34.993415745706706],[-57.907499282131276,-34.99459354676883],[-57.90530637126937,-34.9962200962683]]]},"properties":{"fid":155,"id":"5383F8CD100006B2","Name":"Aires del Sur II","descriptio":"<div>2017</div>","timestamp":null,"begin":null,"end":null,"altitudeMo":null,"tessellate":-1,"extrude":0,"visibility":-1,"drawOrder":null,"icon":null,"COL53838E7":null,"COL5383F8C":1837,"COL5383F_1":1739,"COL53838_1":null,"COL5383F_2":55,"COL5383F_3":"Vivienda","COL5383F_4":"Barrio Cerrado","COL5383F_5":14191,"COL5383F_6":null,"COL5383F_7":"Aires del Sur II","COL5383F_8":null,"COL5383F_9":null,"COL5383F10":null,"COL5383F11":null,"COL5383F12":null,"COL5383F13":null,"COL5383F14":null,"COL5383F15":"En Analisis","COL5383F16":null,"COL5383F17":null,"COL5383F18":null,"COL5383F19":null,"COL5383F20":null,"COL5383F21":null,"COL5383F22":null,"COL5383F23":null,"COL5383F24":"ok","COL5383F25":51062},"id":155},
{"type":"Feature","geometry":{"type":"Polygon","coordinates":[[[-57.89939879996576,-34.99047103097534],[-57.89845822178878,-34.991140631283535],[-57.89681150489216,-34.98963300443972],[-57.896933613882645,-34.98954265998711],[-57.898772129435564,-34.98818264037444],[-57.89922790236205,-34.989989638484545],[-57.899027639942965,-34.99013874071044],[-57.89939879996576,-34.99047103097534]]]},"properties":{"fid":156,"id":"5383F8CD100006B3","Name":"Lomas de Arana","descriptio":"<div>2020</div>","timestamp":null,"begin":null,"end":null,"altitudeMo":null,"tessellate":-1,"extrude":0,"visibility":-1,"drawOrder":null,"icon":null,"COL53838E7":null,"COL5383F8C":1838,"COL5383F_1":1740,"COL53838_1":null,"COL5383F_2":55,"COL5383F_3":"Vivienda","COL5383F_4":"Semi Cerrado","COL5383F_5":14190,"COL5383F_6":null,"COL5383F_7":"Lomas de Arana","COL5383F_8":null,"COL5383F_9":null,"COL5383F10":null,"COL5383F11":null,"COL5383F12":null,"COL5383F13":null,"COL5383F14":null,"COL5383F15":"En Analisis","COL5383F16":null,"COL5383F17":null,"COL5383F18":null,"COL5383F19":null,"COL5383F20":null,"COL5383F21":null,"COL5383F22":null,"COL5383F23":null,"COL5383F24":"ok","COL5383F25":39021},"id":156},
{"type":"Feature","geometry":{"type":"Polygon","coordinates":[[[-57.93501824655282,-35.00268497903712],[-57.934362805433416,-35.00316649855561],[-57.9305771999797,-34.99956864564638],[-57.93066726276841,-34.99950187205118],[-57.93278159636762,-34.997935609769506],[-57.93290464304241,-34.997846145845905],[-57.93344983498851,-34.997448998833505],[-57.93501824655282,-35.00268497903712]]]},"properties":{"fid":157,"id":"5383F8CD100006B4","Name":"Finca Arana Rincon Dorado","descriptio":"<div>2019</div>","timestamp":null,"begin":null,"end":null,"altitudeMo":null,"tessellate":-1,"extrude":0,"visibility":-1,"drawOrder":null,"icon":null,"COL53838E7":null,"COL5383F8C":1839,"COL5383F_1":1741,"COL53838_1":null,"COL5383F_2":55,"COL5383F_3":"Vivienda","COL5383F_4":"Barrio Cerrado","COL5383F_5":14189,"COL5383F_6":null,"COL5383F_7":"Finca Arana Rincon Dorado","COL5383F_8":null,"COL5383F_9":null,"COL5383F10":null,"COL5383F11":null,"COL5383F12":null,"COL5383F13":null,"COL5383F14":null,"COL5383F15":"En Analisis","COL5383F16":null,"COL5383F17":null,"COL5383F18":null,"COL5383F19":null,"COL5383F20":null,"COL5383F21":null,"COL5383F22":null,"COL5383F23":null,"COL5383F24":"ok","COL5383F25":114265},"id":157},
{"type":"Feature","geometry":{"type":"Polygon","coordinates":[[[-57.9293712746797,-35.000465743749665],[-57.92898369715481,-35.00074237235745],[-57.927921450769006,-35.00152466590964],[-57.92745308758119,-35.00186974930124],[-57.92729071692811,-35.001989356057926],[-57.925413884853306,-35.000257567061006],[-57.9235111583676,-34.9985394553924],[-57.924120783602,-34.998090734843004],[-57.92556652055429,-34.99701169813223],[-57.9293712746797,-35.000465743749665]]]},"properties":{"fid":158,"id":"5383F8CD100006B5","Name":"Finca La Armonia","descriptio":"<div>2019</div>","timestamp":null,"begin":null,"end":null,"altitudeMo":null,"tessellate":-1,"extrude":0,"visibility":-1,"drawOrder":null,"icon":null,"COL53838E7":null,"COL5383F8C":1840,"COL5383F_1":1742,"COL53838_1":null,"COL5383F_2":55,"COL5383F_3":"Vivienda","COL5383F_4":null,"COL5383F_5":14188,"COL5383F_6":null,"COL5383F_7":"Finca La Armonia","COL5383F_8":null,"COL5383F_9":null,"COL5383F10":null,"COL5383F11":null,"COL5383F12":null,"COL5383F13":null,"COL5383F14":null,"COL5383F15":"En Analisis","COL5383F16":null,"COL5383F17":null,"COL5383F18":null,"COL5383F19":null,"COL5383F20":null,"COL5383F21":null,"COL5383F22":null,"COL5383F23":null,"COL5383F24":"ok","COL5383F25":130410},"id":158},
{"type":"Feature","geometry":{"type":"Polygon","coordinates":[[[-57.91703676782869,-34.967436360423946],[-57.91572318949828,-34.96624777424004],[-57.91757180349569,-34.96487924227387],[-57.91768571647949,-34.96478161557987],[-57.92108260017128,-34.96225208594759],[-57.9223970576002,-34.96344126086131],[-57.91900155432109,-34.96597202193709],[-57.918879823955876,-34.96606275696198],[-57.91703676782869,-34.967436360423946]]]},"properties":{"fid":159,"id":"5383F8CD100006B6","Name":"Siempre Verde","descriptio":"<div>2021</div>","timestamp":null,"begin":null,"end":null,"altitudeMo":null,"tessellate":-1,"extrude":0,"visibility":-1,"drawOrder":null,"icon":null,"COL53838E7":null,"COL5383F8C":1841,"COL5383F_1":1743,"COL53838_1":null,"COL5383F_2":55,"COL5383F_3":"Vivienda","COL5383F_4":"Barrio Cerrado","COL5383F_5":14187,"COL5383F_6":null,"COL5383F_7":"Siempre Verde","COL5383F_8":null,"COL5383F_9":null,"COL5383F10":null,"COL5383F11":null,"COL5383F12":null,"COL5383F13":null,"COL5383F14":null,"COL5383F15":"En Analisis","COL5383F16":null,"COL5383F17":null,"COL5383F18":null,"COL5383F19":null,"COL5383F20":null,"COL5383F21":null,"COL5383F22":null,"COL5383F23":null,"COL5383F24":"ok","COL5383F25":117713},"id":159},
{"type":"Feature","geometry":{"type":"Polygon","coordinates":[[[-57.91464399927728,-34.977405419898126],[-57.91355324226708,-34.9782181038561],[-57.91256588673437,-34.977324639505696],[-57.91365653129009,-34.97651196235782],[-57.91464399927728,-34.977405419898126]]]},"properties":{"fid":160,"id":"5383F8CD100006B7","Name":"El Solar","descriptio":"<div>2021</div>","timestamp":null,"begin":null,"end":null,"altitudeMo":null,"tessellate":-1,"extrude":0,"visibility":-1,"drawOrder":null,"icon":null,"COL53838E7":null,"COL5383F8C":1842,"COL5383F_1":1744,"COL53838_1":null,"COL5383F_2":55,"COL5383F_3":"Vivienda","COL5383F_4":"Abierto","COL5383F_5":14186,"COL5383F_6":null,"COL5383F_7":"El Solar","COL5383F_8":null,"COL5383F_9":null,"COL5383F10":null,"COL5383F11":null,"COL5383F12":null,"COL5383F13":null,"COL5383F14":null,"COL5383F15":"En Analisis","COL5383F16":null,"COL5383F17":null,"COL5383F18":null,"COL5383F19":null,"COL5383F20":null,"COL5383F21":null,"COL5383F22":null,"COL5383F23":null,"COL5383F24":"ok","COL5383F25":18001},"id":160},
{"type":"Feature","geometry":{"type":"Polygon","coordinates":[[[-57.90569941482437,-35.0045807799438],[-57.903284747721365,-35.00640829416168],[-57.90201745540887,-35.005253251107945],[-57.90320287517435,-35.00436382624008],[-57.90443507465817,-35.00341274568438],[-57.90468661756366,-35.00364580799058],[-57.90534100292998,-35.0042519723391],[-57.90569941482437,-35.0045807799438]]]},"properties":{"fid":161,"id":"5383F8CD100006B8","Name":"Sin Nombre","descriptio":"<div>2012</div>","timestamp":null,"begin":null,"end":null,"altitudeMo":null,"tessellate":-1,"extrude":0,"visibility":-1,"drawOrder":null,"icon":null,"COL53838E7":null,"COL5383F8C":1843,"COL5383F_1":1745,"COL53838_1":null,"COL5383F_2":55,"COL5383F_3":"Vivienda","COL5383F_4":"Barrio Cerrado","COL5383F_5":14185,"COL5383F_6":null,"COL5383F_7":"Sin Nombre","COL5383F_8":null,"COL5383F_9":null,"COL5383F10":null,"COL5383F11":null,"COL5383F12":null,"COL5383F13":null,"COL5383F14":null,"COL5383F15":"En Analisis","COL5383F16":null,"COL5383F17":null,"COL5383F18":null,"COL5383F19":null,"COL5383F20":null,"COL5383F21":null,"COL5383F22":null,"COL5383F23":null,"COL5383F24":"ok","COL5383F25":51757},"id":161},
{"type":"Feature","geometry":{"type":"Polygon","coordinates":[[[-57.97323431774378,-34.98739451250481],[-57.971679724736575,-34.98601144295069],[-57.97396285592958,-34.98438775135192],[-57.97545386466317,-34.98573075469443],[-57.97323431774378,-34.98739451250481]]]},"properties":{"fid":162,"id":"5383F8CD110006DD","Name":"La Ernestina","descriptio":"<div>2022</div>","timestamp":null,"begin":null,"end":null,"altitudeMo":null,"tessellate":-1,"extrude":0,"visibility":-1,"drawOrder":null,"icon":null,"COL53838E7":null,"COL5383F8C":1880,"COL5383F_1":null,"COL53838_1":null,"COL5383F_2":55,"COL5383F_3":"Vivienda","COL5383F_4":"Barrio abierto","COL5383F_5":null,"COL5383F_6":null,"COL5383F_7":"La Ernestina","COL5383F_8":null,"COL5383F_9":null,"COL5383F10":null,"COL5383F11":null,"COL5383F12":null,"COL5383F13":null,"COL5383F14":null,"COL5383F15":null,"COL5383F16":null,"COL5383F17":null,"COL5383F18":null,"COL5383F19":null,"COL5383F20":null,"COL5383F21":null,"COL5383F22":null,"COL5383F23":null,"COL5383F24":null,"COL5383F25":56438},"id":162},
{"type":"Feature","geometry":{"type":"Polygon","coordinates":[[[-58.077439803628224,-34.92037218993212],[-58.07542453529703,-34.92082218642289],[-58.073714451458734,-34.919994261232695],[-58.07339459574761,-34.9189545020408],[-58.07670853537833,-34.91815658814682],[-58.077439803628224,-34.92037218993212]]]},"properties":{"fid":163,"id":"5383F8CD110006DE","Name":"Garden Bell","descriptio":"<div>2021</div>","timestamp":null,"begin":null,"end":null,"altitudeMo":null,"tessellate":-1,"extrude":0,"visibility":-1,"drawOrder":null,"icon":null,"COL53838E7":null,"COL5383F8C":1881,"COL5383F_1":null,"COL53838_1":null,"COL5383F_2":55,"COL5383F_3":"Vivienda","COL5383F_4":"Barrio cerrado","COL5383F_5":null,"COL5383F_6":null,"COL5383F_7":"Garden Bell","COL5383F_8":null,"COL5383F_9":null,"COL5383F10":null,"COL5383F11":null,"COL5383F12":null,"COL5383F13":null,"COL5383F14":null,"COL5383F15":null,"COL5383F16":null,"COL5383F17":null,"COL5383F18":null,"COL5383F19":null,"COL5383F20":null,"COL5383F21":null,"COL5383F22":null,"COL5383F23":null,"COL5383F24":null,"COL5383F25":71551},"id":163},
{"type":"Feature","geometry":{"type":"Polygon","coordinates":[[[-58.111983132809485,-35.06424424123409],[-58.11038002740985,-35.0627452153486],[-58.11261552383917,-35.0611110899582],[-58.113484942918774,-35.0619077110285],[-58.11316450957759,-35.0621613936593],[-58.113877726325384,-35.062817388682305],[-58.111983132809485,-35.06424424123409]]]},"properties":{"fid":164,"id":"5383F8CD110006DF","Name":"Santa Silvia","descriptio":"<div>2020</div>","timestamp":null,"begin":null,"end":null,"altitudeMo":null,"tessellate":-1,"extrude":0,"visibility":-1,"drawOrder":null,"icon":null,"COL53838E7":null,"COL5383F8C":1882,"COL5383F_1":null,"COL53838_1":null,"COL5383F_2":55,"COL5383F_3":"Vivienda","COL5383F_4":"Barrio Cerrado","COL5383F_5":null,"COL5383F_6":null,"COL5383F_7":"Santa Silvia","COL5383F_8":null,"COL5383F_9":null,"COL5383F10":null,"COL5383F11":null,"COL5383F12":null,"COL5383F13":null,"COL5383F14":null,"COL5383F15":null,"COL5383F16":null,"COL5383F17":null,"COL5383F18":null,"COL5383F19":null,"COL5383F20":null,"COL5383F21":null,"COL5383F22":null,"COL5383F23":null,"COL5383F24":null,"COL5383F25":56122},"id":164},
{"type":"Feature","geometry":{"type":"Polygon","coordinates":[[[-58.02166855529586,-34.96388078010146],[-58.01956630555595,-34.965384333582136],[-58.017808580907754,-34.96366190956012],[-58.019762143628945,-34.96225517565764],[-58.02166855529586,-34.96388078010146]]]},"properties":{"fid":165,"id":"5383F8CD110006E0","Name":"sin nombre 454545","descriptio":"<div>2022</div>","timestamp":null,"begin":null,"end":null,"altitudeMo":null,"tessellate":-1,"extrude":0,"visibility":-1,"drawOrder":null,"icon":null,"COL53838E7":null,"COL5383F8C":1883,"COL5383F_1":null,"COL53838_1":null,"COL5383F_2":55,"COL5383F_3":"Vivienda","COL5383F_4":"Semicerrado","COL5383F_5":null,"COL5383F_6":null,"COL5383F_7":"sin nombre","COL5383F_8":null,"COL5383F_9":null,"COL5383F10":null,"COL5383F11":null,"COL5383F12":null,"COL5383F13":null,"COL5383F14":null,"COL5383F15":null,"COL5383F16":null,"COL5383F17":null,"COL5383F18":null,"COL5383F19":null,"COL5383F20":null,"COL5383F21":null,"COL5383F22":null,"COL5383F23":null,"COL5383F24":null,"COL5383F25":61406},"id":165},
{"type":"Feature","geometry":{"type":"Polygon","coordinates":[[[-58.027629223984945,-34.90344929600534],[-58.02644847213085,-34.90408211150202],[-58.02485324204906,-34.9026246467368],[-58.025834965649956,-34.901861049574926],[-58.027629223984945,-34.90344929600534]]]},"properties":{"fid":166,"id":"5383F8CD110006E1","Name":"Pueblo I","descriptio":"<div>2022</div>","timestamp":null,"begin":null,"end":null,"altitudeMo":null,"tessellate":-1,"extrude":0,"visibility":-1,"drawOrder":null,"icon":null,"COL53838E7":null,"COL5383F8C":1884,"COL5383F_1":null,"COL53838_1":null,"COL5383F_2":55,"COL5383F_3":"Vivienda","COL5383F_4":"Barrio Cerrado","COL5383F_5":null,"COL5383F_6":null,"COL5383F_7":"Pueblo I","COL5383F_8":null,"COL5383F_9":null,"COL5383F10":null,"COL5383F11":null,"COL5383F12":null,"COL5383F13":null,"COL5383F14":null,"COL5383F15":null,"COL5383F16":null,"COL5383F17":null,"COL5383F18":null,"COL5383F19":null,"COL5383F20":null,"COL5383F21":null,"COL5383F22":null,"COL5383F23":null,"COL5383F24":null,"COL5383F25":28693},"id":166},
{"type":"Feature","geometry":{"type":"Polygon","coordinates":[[[-58.09929746458556,-34.92000237802246],[-58.09804740450456,-34.91899064183417],[-58.09716716856526,-34.91910442151976],[-58.09575768947634,-34.91531208862154],[-58.09873456905336,-34.914564978301065],[-58.09963052525966,-34.91749881466168],[-58.100638779960555,-34.918549275797595],[-58.10233146048496,-34.92051755046569],[-58.09929746458556,-34.92000237802246]]]},"properties":{"fid":167,"id":"5383F8CD110006E2","Name":"La Campiña","descriptio":"<div>2015</div>","timestamp":null,"begin":null,"end":null,"altitudeMo":null,"tessellate":-1,"extrude":0,"visibility":-1,"drawOrder":null,"icon":null,"COL53838E7":null,"COL5383F8C":1885,"COL5383F_1":null,"COL53838_1":null,"COL5383F_2":55,"COL5383F_3":"Vivienda","COL5383F_4":"Semicerrado","COL5383F_5":null,"COL5383F_6":null,"COL5383F_7":"La Campiña","COL5383F_8":null,"COL5383F_9":null,"COL5383F10":null,"COL5383F11":null,"COL5383F12":null,"COL5383F13":null,"COL5383F14":null,"COL5383F15":null,"COL5383F16":null,"COL5383F17":null,"COL5383F18":null,"COL5383F19":null,"COL5383F20":null,"COL5383F21":null,"COL5383F22":null,"COL5383F23":null,"COL5383F24":null,"COL5383F25":170217},"id":167},
{"type":"Feature","geometry":{"type":"Polygon","coordinates":[[[-58.051673284751196,-34.90240226300333],[-58.050484392047885,-34.89906653236011],[-58.0571315227863,-34.897466832699386],[-58.05876753191071,-34.90072991999829],[-58.051673284751196,-34.90240226300333]]]},"properties":{"fid":168,"id":"5383F8CD110006E4","Name":"Urbell","descriptio":"<div>2024</div>","timestamp":null,"begin":null,"end":null,"altitudeMo":null,"tessellate":-1,"extrude":0,"visibility":-1,"drawOrder":null,"icon":null,"COL53838E7":null,"COL5383F8C":1887,"COL5383F_1":null,"COL53838_1":null,"COL5383F_2":55,"COL5383F_3":"Vivienda","COL5383F_4":"Barrio Cerrado","COL5383F_5":null,"COL5383F_6":null,"COL5383F_7":"Urbell","COL5383F_8":null,"COL5383F_9":null,"COL5383F10":null,"COL5383F11":null,"COL5383F12":null,"COL5383F13":null,"COL5383F14":null,"COL5383F15":null,"COL5383F16":null,"COL5383F17":null,"COL5383F18":null,"COL5383F19":null,"COL5383F20":null,"COL5383F21":null,"COL5383F22":null,"COL5383F23":null,"COL5383F24":null,"COL5383F25":253290},"id":168},
{"type":"Feature","geometry":{"type":"Polygon","coordinates":[[[-58.070664944196615,-34.98881247225453],[-58.06974949633553,-34.989458828153836],[-58.06824695552521,-34.98809626004083],[-58.06909543350642,-34.98746989802953],[-58.070664944196615,-34.98881247225453]]]},"properties":{"fid":170,"id":"5383F8CD110006EA","Name":"sin nombre 34543","descriptio":"<div>2022</div>","timestamp":null,"begin":null,"end":null,"altitudeMo":null,"tessellate":-1,"extrude":0,"visibility":-1,"drawOrder":null,"icon":null,"COL53838E7":null,"COL5383F8C":1893,"COL5383F_1":null,"COL53838_1":null,"COL5383F_2":null,"COL5383F_3":null,"COL5383F_4":null,"COL5383F_5":null,"COL5383F_6":null,"COL5383F_7":null,"COL5383F_8":null,"COL5383F_9":null,"COL5383F10":null,"COL5383F11":null,"COL5383F12":null,"COL5383F13":null,"COL5383F14":null,"COL5383F15":null,"COL5383F16":null,"COL5383F17":null,"COL5383F18":null,"COL5383F19":null,"COL5383F20":null,"COL5383F21":null,"COL5383F22":null,"COL5383F23":null,"COL5383F24":null,"COL5383F25":21984},"id":170},
{"type":"Feature","geometry":{"type":"Polygon","coordinates":[[[-58.08490797545854,-34.90218671501418],[-58.08383689980554,-34.90239004782507],[-58.08344010518253,-34.901159557404576],[-58.08450348066333,-34.90091585118968],[-58.08490797545854,-34.90218671501418]]]},"properties":{"fid":171,"id":"5383F8CD110006F1","Name":"Los Porteños","descriptio":"<div>2014</div>","timestamp":null,"begin":null,"end":null,"altitudeMo":null,"tessellate":-1,"extrude":0,"visibility":-1,"drawOrder":null,"icon":null,"COL53838E7":null,"COL5383F8C":1900,"COL5383F_1":null,"COL53838_1":null,"COL5383F_2":55,"COL5383F_3":"Vivienda","COL5383F_4":"Barrio Cerrado","COL5383F_5":null,"COL5383F_6":null,"COL5383F_7":"Los Porteños","COL5383F_8":null,"COL5383F_9":null,"COL5383F10":null,"COL5383F11":null,"COL5383F12":null,"COL5383F13":null,"COL5383F14":null,"COL5383F15":null,"COL5383F16":null,"COL5383F17":null,"COL5383F18":null,"COL5383F19":null,"COL5383F20":null,"COL5383F21":null,"COL5383F22":null,"COL5383F23":null,"COL5383F24":null,"COL5383F25":14442},"id":171},
{"type":"Feature","geometry":{"type":"Polygon","coordinates":[[[-58.15311149999951,-35.05673100000517],[-58.138973299999506,-35.067503500005074],[-58.134109599999505,-35.06328830000505],[-58.148319299999514,-35.05247630000514],[-58.15311149999951,-35.05673100000517]]]},"properties":{"fid":172,"id":"5383F8CD110006FD","Name":"sin nombre hhdhd","descriptio":"<div>2021</div>","timestamp":null,"begin":null,"end":null,"altitudeMo":null,"tessellate":-1,"extrude":0,"visibility":-1,"drawOrder":null,"icon":null,"COL53838E7":null,"COL5383F8C":1912,"COL5383F_1":null,"COL53838_1":0,"COL5383F_2":null,"COL5383F_3":null,"COL5383F_4":null,"COL5383F_5":null,"COL5383F_6":null,"COL5383F_7":null,"COL5383F_8":null,"COL5383F_9":null,"COL5383F10":null,"COL5383F11":null,"COL5383F12":null,"COL5383F13":null,"COL5383F14":null,"COL5383F15":null,"COL5383F16":null,"COL5383F17":null,"COL5383F18":null,"COL5383F19":null,"COL5383F20":null,"COL5383F21":null,"COL5383F22":null,"COL5383F23":null,"COL5383F24":null,"COL5383F25":1134789},"id":172},
{"type":"Feature","geometry":{"type":"Polygon","coordinates":[[[-58.10495765086116,-34.85816779640604],[-58.102924169442645,-34.85980375488742],[-58.10221511254705,-34.85923679696461],[-58.10430833260106,-34.85766916252713],[-58.10495765086116,-34.85816779640604]]]},"properties":{"fid":173,"id":"5383F8CD11000701","Name":"Los Buhos","descriptio":"<div>2014</div>","timestamp":null,"begin":null,"end":null,"altitudeMo":null,"tessellate":-1,"extrude":0,"visibility":-1,"drawOrder":null,"icon":null,"COL53838E7":null,"COL5383F8C":1916,"COL5383F_1":null,"COL53838_1":null,"COL5383F_2":55,"COL5383F_3":"Vivienda","COL5383F_4":"Barrio Cerrado","COL5383F_5":null,"COL5383F_6":null,"COL5383F_7":"Los Buhos","COL5383F_8":null,"COL5383F_9":null,"COL5383F10":null,"COL5383F11":null,"COL5383F12":null,"COL5383F13":null,"COL5383F14":null,"COL5383F15":null,"COL5383F16":null,"COL5383F17":null,"COL5383F18":null,"COL5383F19":null,"COL5383F20":null,"COL5383F21":null,"COL5383F22":null,"COL5383F23":null,"COL5383F24":null,"COL5383F25":22189},"id":173},
{"type":"Feature","geometry":{"type":"Polygon","coordinates":[[[-58.08340457650644,-34.88104350713458],[-58.08231737853644,-34.88131693444207],[-58.08206399174713,-34.88056543645277],[-58.08314847953872,-34.88029828538687],[-58.08340457650644,-34.88104350713458]]]},"properties":{"fid":174,"id":"5383F8CD11000702","Name":"Los Zorzales","descriptio":"<div>2014</div>","timestamp":null,"begin":null,"end":null,"altitudeMo":null,"tessellate":-1,"extrude":0,"visibility":-1,"drawOrder":null,"icon":null,"COL53838E7":null,"COL5383F8C":1917,"COL5383F_1":null,"COL53838_1":null,"COL5383F_2":55,"COL5383F_3":"Vivienda","COL5383F_4":"Condominio","COL5383F_5":null,"COL5383F_6":null,"COL5383F_7":"Los Zorzales","COL5383F_8":null,"COL5383F_9":null,"COL5383F10":null,"COL5383F11":null,"COL5383F12":null,"COL5383F13":null,"COL5383F14":null,"COL5383F15":null,"COL5383F16":null,"COL5383F17":null,"COL5383F18":null,"COL5383F19":null,"COL5383F20":null,"COL5383F21":null,"COL5383F22":null,"COL5383F23":null,"COL5383F24":null,"COL5383F25":8940},"id":174},
{"type":"Feature","geometry":{"type":"Polygon","coordinates":[[[-58.022820164975855,-34.920610094820894],[-58.02193627377685,-34.91981821796658],[-58.02344010089616,-34.9187187217958],[-58.02436562768936,-34.91948591220551],[-58.022820164975855,-34.920610094820894]]]},"properties":{"fid":175,"id":"5383F8CD11000703","Name":"San Patricio","descriptio":"<div>2017</div>","timestamp":null,"begin":null,"end":null,"altitudeMo":null,"tessellate":-1,"extrude":0,"visibility":-1,"drawOrder":null,"icon":null,"COL53838E7":null,"COL5383F8C":1918,"COL5383F_1":null,"COL53838_1":null,"COL5383F_2":55,"COL5383F_3":"Vivienda","COL5383F_4":"Barrio Cerrado","COL5383F_5":null,"COL5383F_6":null,"COL5383F_7":"San Patricio","COL5383F_8":null,"COL5383F_9":null,"COL5383F10":null,"COL5383F11":null,"COL5383F12":null,"COL5383F13":null,"COL5383F14":null,"COL5383F15":null,"COL5383F16":null,"COL5383F17":null,"COL5383F18":null,"COL5383F19":null,"COL5383F20":null,"COL5383F21":null,"COL5383F22":null,"COL5383F23":null,"COL5383F24":null,"COL5383F25":22245},"id":175},
{"type":"Feature","geometry":{"type":"Polygon","coordinates":[[[-58.02557384342215,-34.91045775561872],[-58.02297214309385,-34.91186531069819],[-58.021928209226154,-34.91039845093398],[-58.02437333726305,-34.909021647032915],[-58.02557384342215,-34.91045775561872]]]},"properties":{"fid":176,"id":"5383F8CD11000704","Name":"Pueblo II","descriptio":"<div>2024</div>","timestamp":null,"begin":null,"end":null,"altitudeMo":null,"tessellate":-1,"extrude":0,"visibility":-1,"drawOrder":null,"icon":null,"COL53838E7":null,"COL5383F8C":1919,"COL5383F_1":null,"COL53838_1":null,"COL5383F_2":55,"COL5383F_3":"Vivienda","COL5383F_4":"Barrio Cerrado","COL5383F_5":null,"COL5383F_6":null,"COL5383F_7":"Pueblo II","COL5383F_8":null,"COL5383F_9":null,"COL5383F10":null,"COL5383F11":null,"COL5383F12":null,"COL5383F13":null,"COL5383F14":null,"COL5383F15":null,"COL5383F16":null,"COL5383F17":null,"COL5383F18":null,"COL5383F19":null,"COL5383F20":null,"COL5383F21":null,"COL5383F22":null,"COL5383F23":null,"COL5383F24":null,"COL5383F25":52974},"id":176},
{"type":"Feature","geometry":{"type":"Polygon","coordinates":[[[-58.05453884587489,-34.88965053533827],[-58.054146273580194,-34.88849979487695],[-58.05489449929819,-34.888329944163964],[-58.055361871423386,-34.88942840020167],[-58.05453884587489,-34.88965053533827]]]},"properties":{"fid":177,"id":"5383F8CD11000705","Name":"sin nombre","descriptio":"<div>2020</div>","timestamp":null,"begin":null,"end":null,"altitudeMo":null,"tessellate":-1,"extrude":0,"visibility":-1,"drawOrder":null,"icon":null,"COL53838E7":null,"COL5383F8C":1920,"COL5383F_1":null,"COL53838_1":null,"COL5383F_2":55,"COL5383F_3":"Vivienda","COL5383F_4":"Barrio Cerrado","COL5383F_5":null,"COL5383F_6":null,"COL5383F_7":"sin nombre","COL5383F_8":null,"COL5383F_9":null,"COL5383F10":null,"COL5383F11":null,"COL5383F12":null,"COL5383F13":null,"COL5383F14":null,"COL5383F15":null,"COL5383F16":null,"COL5383F17":null,"COL5383F18":null,"COL5383F19":null,"COL5383F20":null,"COL5383F21":null,"COL5383F22":null,"COL5383F23":null,"COL5383F24":null,"COL5383F25":9814},"id":177},
{"type":"Feature","geometry":{"type":"Polygon","coordinates":[[[-57.902791270451154,-34.98032786676577],[-57.900015092442764,-34.97779626202695],[-57.902079933968764,-34.976243357216966],[-57.905136027190885,-34.97899230780002],[-57.902791270451154,-34.98032786676577]]]},"properties":{"fid":178,"id":"5383F8CD1100072D","Name":"Terrazas del Sur","descriptio":"<div>2016</div>","timestamp":null,"begin":null,"end":null,"altitudeMo":null,"tessellate":-1,"extrude":0,"visibility":-1,"drawOrder":null,"icon":null,"COL53838E7":null,"COL5383F8C":1960,"COL5383F_1":null,"COL53838_1":null,"COL5383F_2":55,"COL5383F_3":"Vivienda","COL5383F_4":"Abierto","COL5383F_5":null,"COL5383F_6":null,"COL5383F_7":"Terrazas del Sur","COL5383F_8":null,"COL5383F_9":null,"COL5383F10":null,"COL5383F11":null,"COL5383F12":null,"COL5383F13":null,"COL5383F14":null,"COL5383F15":null,"COL5383F16":null,"COL5383F17":null,"COL5383F18":null,"COL5383F19":null,"COL5383F20":null,"COL5383F21":null,"COL5383F22":null,"COL5383F23":null,"COL5383F24":null,"COL5383F25":101635},"id":178},
{"type":"Feature","geometry":{"type":"Polygon","coordinates":[[[-58.06797155672083,-34.85549426194219],[-58.06530928757531,-34.85674637115066],[-58.06421773954851,-34.856972312280654],[-58.06436431498282,-34.85525196152665],[-58.06651426673149,-34.85419611204196],[-58.06797155672083,-34.85549426194219]]]},"properties":{"fid":179,"id":"5383F8CD11000746","Name":"sin nombre sin nombre","descriptio":"<div>2021</div>","timestamp":null,"begin":null,"end":null,"altitudeMo":null,"tessellate":-1,"extrude":0,"visibility":-1,"drawOrder":null,"icon":null,"COL53838E7":null,"COL5383F8C":1985,"COL5383F_1":null,"COL53838_1":null,"COL5383F_2":55,"COL5383F_3":"Vivienda","COL5383F_4":"Barrio Cerrado","COL5383F_5":null,"COL5383F_6":null,"COL5383F_7":"sin nombre","COL5383F_8":null,"COL5383F_9":null,"COL5383F10":null,"COL5383F11":null,"COL5383F12":null,"COL5383F13":null,"COL5383F14":null,"COL5383F15":null,"COL5383F16":null,"COL5383F17":null,"COL5383F18":null,"COL5383F19":null,"COL5383F20":null,"COL5383F21":null,"COL5383F22":null,"COL5383F23":null,"COL5383F24":null,"COL5383F25":null},"id":179},
{"type":"Feature","geometry":{"type":"Polygon","coordinates":[[[-58.149975832178825,-34.92561961744648],[-58.14886497498,-34.9264105114351],[-58.14377667632511,-34.921863099463565],[-58.144035850456504,-34.92163590692456],[-58.14372868103452,-34.92137086251527],[-58.14360344451381,-34.92142247878226],[-58.143354681961206,-34.92118752424957],[-58.14412645493172,-34.92049856007197],[-58.149975832178825,-34.92561961744648]]]},"properties":{"fid":180,"id":"5383F8CD11000747","Name":"Garden","descriptio":"<div>2024</div>","timestamp":null,"begin":null,"end":null,"altitudeMo":null,"tessellate":-1,"extrude":0,"visibility":-1,"drawOrder":null,"icon":null,"COL53838E7":null,"COL5383F8C":1986,"COL5383F_1":null,"COL53838_1":null,"COL5383F_2":55,"COL5383F_3":"Vivienda","COL5383F_4":"Barrio Cerrado","COL5383F_5":null,"COL5383F_6":null,"COL5383F_7":"Garden","COL5383F_8":null,"COL5383F_9":null,"COL5383F10":null,"COL5383F11":null,"COL5383F12":null,"COL5383F13":null,"COL5383F14":null,"COL5383F15":null,"COL5383F16":null,"COL5383F17":null,"COL5383F18":null,"COL5383F19":null,"COL5383F20":null,"COL5383F21":null,"COL5383F22":null,"COL5383F23":null,"COL5383F24":null,"COL5383F25":null},"id":180},
{"type":"Feature","geometry":{"type":"Polygon","coordinates":[[[-58.07543275985322,-34.94930140757169],[-58.074289072356514,-34.95018840425007],[-58.07034027578472,-34.94669012167275],[-58.07142487615402,-34.94580222328267],[-58.07543275985322,-34.94930140757169]]]},"properties":{"fid":181,"id":"5383F8CD11000748","Name":"Don Giovanni","descriptio":"<div>2019</div>","timestamp":null,"begin":null,"end":null,"altitudeMo":null,"tessellate":-1,"extrude":0,"visibility":-1,"drawOrder":null,"icon":null,"COL53838E7":null,"COL5383F8C":1987,"COL5383F_1":null,"COL53838_1":null,"COL5383F_2":55,"COL5383F_3":"Vivienda","COL5383F_4":"Semi Cerrado","COL5383F_5":null,"COL5383F_6":null,"COL5383F_7":"Don Giovanni","COL5383F_8":null,"COL5383F_9":null,"COL5383F10":null,"COL5383F11":null,"COL5383F12":null,"COL5383F13":null,"COL5383F14":null,"COL5383F15":null,"COL5383F16":null,"COL5383F17":null,"COL5383F18":null,"COL5383F19":null,"COL5383F20":null,"COL5383F21":null,"COL5383F22":null,"COL5383F23":null,"COL5383F24":null,"COL5383F25":null},"id":181},
{"type":"Feature","geometry":{"type":"Polygon","coordinates":[[[-58.05043010986146,-34.91048702201788],[-58.04716912878959,-34.91124932610608],[-58.04683683447998,-34.91031043436989],[-58.05012344284098,-34.909558320561295],[-58.05043010986146,-34.91048702201788]]]},"properties":{"fid":182,"id":"0E620799E236D9E4998A","Name":"s5n n60bre 1125","descriptio":"<div>2024</div>","timestamp":null,"begin":null,"end":null,"altitudeMo":null,"tessellate":-1,"extrude":0,"visibility":-1,"drawOrder":null,"icon":null,"COL53838E7":null,"COL5383F8C":null,"COL5383F_1":null,"COL53838_1":null,"COL5383F_2":null,"COL5383F_3":null,"COL5383F_4":null,"COL5383F_5":null,"COL5383F_6":null,"COL5383F_7":null,"COL5383F_8":null,"COL5383F_9":null,"COL5383F10":null,"COL5383F11":null,"COL5383F12":null,"COL5383F13":null,"COL5383F14":null,"COL5383F15":null,"COL5383F16":null,"COL5383F17":null,"COL5383F18":null,"COL5383F19":null,"COL5383F20":null,"COL5383F21":null,"COL5383F22":null,"COL5383F23":null,"COL5383F24":null,"COL5383F25":null},"id":182},
{"type":"Feature","geometry":{"type":"Polygon","coordinates":[[[-57.91500726333694,-34.96662775732941],[-57.90744273033599,-34.959841995984355],[-57.91175021601273,-34.95663943609183],[-57.91919040662294,-34.96350459394108],[-57.91500726333694,-34.96662775732941]]]},"properties":{"fid":183,"id":"04168AAF9736D9FC1EDD","Name":"sin nombre dgdgdgjwe","descriptio":"<div>2018<br></div>","timestamp":null,"begin":null,"end":null,"altitudeMo":null,"tessellate":-1,"extrude":0,"visibility":-1,"drawOrder":null,"icon":null,"COL53838E7":null,"COL5383F8C":null,"COL5383F_1":null,"COL53838_1":null,"COL5383F_2":null,"COL5383F_3":null,"COL5383F_4":null,"COL5383F_5":null,"COL5383F_6":null,"COL5383F_7":null,"COL5383F_8":null,"COL5383F_9":null,"COL5383F10":null,"COL5383F11":null,"COL5383F12":null,"COL5383F13":null,"COL5383F14":null,"COL5383F15":null,"COL5383F16":null,"COL5383F17":null,"COL5383F18":null,"COL5383F19":null,"COL5383F20":null,"COL5383F21":null,"COL5383F22":null,"COL5383F23":null,"COL5383F24":null,"COL5383F25":null},"id":183},
{"type":"Feature","geometry":{"type":"Polygon","coordinates":[[[-57.902684011270054,-34.98038590021457],[-57.89974419362468,-34.98244261896064],[-57.89858985600562,-34.97874580657782],[-57.90001554563054,-34.97785648518558],[-57.902684011270054,-34.98038590021457]]]},"properties":{"fid":184,"id":"0BF072352F36DA0074C2","Name":"sin nombre 2222","descriptio":"<div>2016</div>","timestamp":null,"begin":null,"end":null,"altitudeMo":null,"tessellate":-1,"extrude":0,"visibility":-1,"drawOrder":null,"icon":null,"COL53838E7":null,"COL5383F8C":null,"COL5383F_1":null,"COL53838_1":null,"COL5383F_2":null,"COL5383F_3":null,"COL5383F_4":null,"COL5383F_5":null,"COL5383F_6":null,"COL5383F_7":null,"COL5383F_8":null,"COL5383F_9":null,"COL5383F10":null,"COL5383F11":null,"COL5383F12":null,"COL5383F13":null,"COL5383F14":null,"COL5383F15":null,"COL5383F16":null,"COL5383F17":null,"COL5383F18":null,"COL5383F19":null,"COL5383F20":null,"COL5383F21":null,"COL5383F22":null,"COL5383F23":null,"COL5383F24":null,"COL5383F25":null},"id":184},
{"type":"Feature","geometry":{"type":"Polygon","coordinates":[[[-57.9070804304036,-34.98481705668802],[-57.90232144592279,-34.98082648517457],[-57.90896865983688,-34.97703250348238],[-57.91278404652005,-34.98051572818899],[-57.9070804304036,-34.98481705668802]]]},"properties":{"fid":185,"id":"01FD6A6EE336DA013F3B","Name":"sin nombre 222231","descriptio":"<div>2017</div>","timestamp":null,"begin":null,"end":null,"altitudeMo":null,"tessellate":-1,"extrude":0,"visibility":-1,"drawOrder":null,"icon":null,"COL53838E7":null,"COL5383F8C":null,"COL5383F_1":null,"COL53838_1":null,"COL5383F_2":null,"COL5383F_3":null,"COL5383F_4":null,"COL5383F_5":null,"COL5383F_6":null,"COL5383F_7":null,"COL5383F_8":null,"COL5383F_9":null,"COL5383F10":null,"COL5383F11":null,"COL5383F12":null,"COL5383F13":null,"COL5383F14":null,"COL5383F15":null,"COL5383F16":null,"COL5383F17":null,"COL5383F18":null,"COL5383F19":null,"COL5383F20":null,"COL5383F21":null,"COL5383F22":null,"COL5383F23":null,"COL5383F24":null,"COL5383F25":null},"id":185},
{"type":"Feature","geometry":{"type":"Polygon","coordinates":[[[-57.90687942915692,-34.98490842942567],[-57.90196434525159,-34.98869835191992],[-57.89988664289234,-34.98252893649083],[-57.9022989274986,-34.9808997329528],[-57.90687942915692,-34.98490842942567]]]},"properties":{"fid":186,"id":"099CB2C60D36DA01BB30","Name":"sin nombre 54561","descriptio":"<div>2018</div>","timestamp":null,"begin":null,"end":null,"altitudeMo":null,"tessellate":-1,"extrude":0,"visibility":-1,"drawOrder":null,"icon":null,"COL53838E7":null,"COL5383F8C":null,"COL5383F_1":null,"COL53838_1":null,"COL5383F_2":null,"COL5383F_3":null,"COL5383F_4":null,"COL5383F_5":null,"COL5383F_6":null,"COL5383F_7":null,"COL5383F_8":null,"COL5383F_9":null,"COL5383F10":null,"COL5383F11":null,"COL5383F12":null,"COL5383F13":null,"COL5383F14":null,"COL5383F15":null,"COL5383F16":null,"COL5383F17":null,"COL5383F18":null,"COL5383F19":null,"COL5383F20":null,"COL5383F21":null,"COL5383F22":null,"COL5383F23":null,"COL5383F24":null,"COL5383F25":null},"id":186},
{"type":"Feature","geometry":{"type":"Polygon","coordinates":[[[-57.915007001630215,-34.97540768183161],[-57.913737172322165,-34.976346202769925],[-57.91169394228946,-34.974506933497636],[-57.91294725394388,-34.97354950224295],[-57.915007001630215,-34.97540768183161]]]},"properties":{"fid":187,"id":null,"Name":null,"descriptio":null,"timestamp":null,"begin":null,"end":null,"altitudeMo":null,"tessellate":null,"extrude":null,"visibility":null,"drawOrder":null,"icon":null,"COL53838E7":null,"COL5383F8C":null,"COL5383F_1":null,"COL53838_1":null,"COL5383F_2":null,"COL5383F_3":null,"COL5383F_4":null,"COL5383F_5":null,"COL5383F_6":null,"COL5383F_7":null,"COL5383F_8":null,"COL5383F_9":null,"COL5383F10":null,"COL5383F11":null,"COL5383F12":null,"COL5383F13":null,"COL5383F14":null,"COL5383F15":null,"COL5383F16":null,"COL5383F17":null,"COL5383F18":null,"COL5383F19":null,"COL5383F20":null,"COL5383F21":null,"COL5383F22":null,"COL5383F23":null,"COL5383F24":null,"COL5383F25":null},"id":187},
{"type":"Feature","geometry":{"type":"Polygon","coordinates":[[[-57.912152906557495,-34.97070610178204],[-57.910911071486694,-34.971659061501626],[-57.90981530177404,-34.970651887250135],[-57.91107871147324,-34.9697412664514],[-57.912152906557495,-34.97070610178204]]]},"properties":{"fid":188,"id":null,"Name":null,"descriptio":null,"timestamp":null,"begin":null,"end":null,"altitudeMo":null,"tessellate":null,"extrude":null,"visibility":null,"drawOrder":null,"icon":null,"COL53838E7":null,"COL5383F8C":null,"COL5383F_1":null,"COL53838_1":null,"COL5383F_2":null,"COL5383F_3":null,"COL5383F_4":null,"COL5383F_5":null,"COL5383F_6":null,"COL5383F_7":null,"COL5383F_8":null,"COL5383F_9":null,"COL5383F10":null,"COL5383F11":null,"COL5383F12":null,"COL5383F13":null,"COL5383F14":null,"COL5383F15":null,"COL5383F16":null,"COL5383F17":null,"COL5383F18":null,"COL5383F19":null,"COL5383F20":null,"COL5383F21":null,"COL5383F22":null,"COL5383F23":null,"COL5383F24":null,"COL5383F25":null},"id":188},
{"type":"Feature","geometry":{"type":"Polygon","coordinates":[[[-57.92594756734179,-34.97839689382835],[-57.9234209928438,-34.980209110950135],[-57.92126055755095,-34.978288741595186],[-57.923765176591594,-34.976448222124],[-57.92594756734179,-34.97839689382835]]]},"properties":{"fid":189,"id":null,"Name":null,"descriptio":null,"timestamp":null,"begin":null,"end":null,"altitudeMo":null,"tessellate":null,"extrude":null,"visibility":null,"drawOrder":null,"icon":null,"COL53838E7":null,"COL5383F8C":null,"COL5383F_1":null,"COL53838_1":null,"COL5383F_2":null,"COL5383F_3":null,"COL5383F_4":null,"COL5383F_5":null,"COL5383F_6":null,"COL5383F_7":null,"COL5383F_8":null,"COL5383F_9":null,"COL5383F10":null,"COL5383F11":null,"COL5383F12":null,"COL5383F13":null,"COL5383F14":null,"COL5383F15":null,"COL5383F16":null,"COL5383F17":null,"COL5383F18":null,"COL5383F19":null,"COL5383F20":null,"COL5383F21":null,"COL5383F22":null,"COL5383F23":null,"COL5383F24":null,"COL5383F25":null},"id":189},
{"type":"Feature","geometry":{"type":"Polygon","coordinates":[[[-57.91839147910938,-34.98020220809416],[-57.91732932477928,-34.98099048610826],[-57.91517114458243,-34.978986136135944],[-57.91625015801141,-34.97820282799199],[-57.91839147910938,-34.98020220809416]]]},"properties":{"fid":190,"id":null,"Name":null,"descriptio":null,"timestamp":null,"begin":null,"end":null,"altitudeMo":null,"tessellate":null,"extrude":null,"visibility":null,"drawOrder":null,"icon":null,"COL53838E7":null,"COL5383F8C":null,"COL5383F_1":null,"COL53838_1":null,"COL5383F_2":null,"COL5383F_3":null,"COL5383F_4":null,"COL5383F_5":null,"COL5383F_6":null,"COL5383F_7":null,"COL5383F_8":null,"COL5383F_9":null,"COL5383F10":null,"COL5383F11":null,"COL5383F12":null,"COL5383F13":null,"COL5383F14":null,"COL5383F15":null,"COL5383F16":null,"COL5383F17":null,"COL5383F18":null,"COL5383F19":null,"COL5383F20":null,"COL5383F21":null,"COL5383F22":null,"COL5383F23":null,"COL5383F24":null,"COL5383F25":null},"id":190},
{"type":"Feature","geometry":{"type":"Polygon","coordinates":[[[-57.915657645907885,-34.97833950257278],[-57.914586703868075,-34.97913926042245],[-57.91357093242042,-34.978210413440735],[-57.91464706000688,-34.97742940088702],[-57.915657645907885,-34.97833950257278]]]},"properties":{"fid":191,"id":null,"Name":null,"descriptio":null,"timestamp":null,"begin":null,"end":null,"altitudeMo":null,"tessellate":null,"extrude":null,"visibility":null,"drawOrder":null,"icon":null,"COL53838E7":null,"COL5383F8C":null,"COL5383F_1":null,"COL53838_1":null,"COL5383F_2":null,"COL5383F_3":null,"COL5383F_4":null,"COL5383F_5":null,"COL5383F_6":null,"COL5383F_7":null,"COL5383F_8":null,"COL5383F_9":null,"COL5383F10":null,"COL5383F11":null,"COL5383F12":null,"COL5383F13":null,"COL5383F14":null,"COL5383F15":null,"COL5383F16":null,"COL5383F17":null,"COL5383F18":null,"COL5383F19":null,"COL5383F20":null,"COL5383F21":null,"COL5383F22":null,"COL5383F23":null,"COL5383F24":null,"COL5383F25":null},"id":191},
{"type":"Feature","geometry":{"type":"Polygon","coordinates":[[[-57.91601661324391,-34.98361821091241],[-57.91449292976926,-34.9847341891116],[-57.91268290011797,-34.98307142957403],[-57.91422415119761,-34.981932466452506],[-57.91601661324391,-34.98361821091241]]]},"properties":{"fid":192,"id":null,"Name":null,"descriptio":null,"timestamp":null,"begin":null,"end":null,"altitudeMo":null,"tessellate":null,"extrude":null,"visibility":null,"drawOrder":null,"icon":null,"COL53838E7":null,"COL5383F8C":null,"COL5383F_1":null,"COL53838_1":null,"COL5383F_2":null,"COL5383F_3":null,"COL5383F_4":null,"COL5383F_5":null,"COL5383F_6":null,"COL5383F_7":null,"COL5383F_8":null,"COL5383F_9":null,"COL5383F10":null,"COL5383F11":null,"COL5383F12":null,"COL5383F13":null,"COL5383F14":null,"COL5383F15":null,"COL5383F16":null,"COL5383F17":null,"COL5383F18":null,"COL5383F19":null,"COL5383F20":null,"COL5383F21":null,"COL5383F22":null,"COL5383F23":null,"COL5383F24":null,"COL5383F25":null},"id":192},
{"type":"Feature","geometry":{"type":"Polygon","coordinates":[[[-57.89435419972169,-34.99409702262336],[-57.8931813035144,-34.994990380024674],[-57.891914469543444,-34.993802926791716],[-57.8930924263208,-34.992932978361246],[-57.89435419972169,-34.99409702262336]]]},"properties":{"fid":193,"id":null,"Name":null,"descriptio":null,"timestamp":null,"begin":null,"end":null,"altitudeMo":null,"tessellate":null,"extrude":null,"visibility":null,"drawOrder":null,"icon":null,"COL53838E7":null,"COL5383F8C":null,"COL5383F_1":null,"COL53838_1":null,"COL5383F_2":null,"COL5383F_3":null,"COL5383F_4":null,"COL5383F_5":null,"COL5383F_6":null,"COL5383F_7":null,"COL5383F_8":null,"COL5383F_9":null,"COL5383F10":null,"COL5383F11":null,"COL5383F12":null,"COL5383F13":null,"COL5383F14":null,"COL5383F15":null,"COL5383F16":null,"COL5383F17":null,"COL5383F18":null,"COL5383F19":null,"COL5383F20":null,"COL5383F21":null,"COL5383F22":null,"COL5383F23":null,"COL5383F24":null,"COL5383F25":null},"id":193},
{"type":"Feature","geometry":{"type":"Polygon","coordinates":[[[-57.89681098769119,-34.99228655577068],[-57.895632242788324,-34.9931891603418],[-57.89322476089737,-34.99097498379246],[-57.894385795131164,-34.990100065854946],[-57.89681098769119,-34.99228655577068]]]},"properties":{"fid":194,"id":null,"Name":null,"descriptio":null,"timestamp":null,"begin":null,"end":null,"altitudeMo":null,"tessellate":null,"extrude":null,"visibility":null,"drawOrder":null,"icon":null,"COL53838E7":null,"COL5383F8C":null,"COL5383F_1":null,"COL53838_1":null,"COL5383F_2":null,"COL5383F_3":null,"COL5383F_4":null,"COL5383F_5":null,"COL5383F_6":null,"COL5383F_7":null,"COL5383F_8":null,"COL5383F_9":null,"COL5383F10":null,"COL5383F11":null,"COL5383F12":null,"COL5383F13":null,"COL5383F14":null,"COL5383F15":null,"COL5383F16":null,"COL5383F17":null,"COL5383F18":null,"COL5383F19":null,"COL5383F20":null,"COL5383F21":null,"COL5383F22":null,"COL5383F23":null,"COL5383F24":null,"COL5383F25":null},"id":194},
{"type":"Feature","geometry":{"type":"Polygon","coordinates":[[[-57.891672517703,-34.99605736973972],[-57.88862918482179,-34.99830738703145],[-57.88784328306657,-34.99758511586167],[-57.89087516395095,-34.99533958074458],[-57.891672517703,-34.99605736973972]]]},"properties":{"fid":195,"id":null,"Name":null,"descriptio":null,"timestamp":null,"begin":null,"end":null,"altitudeMo":null,"tessellate":null,"extrude":null,"visibility":null,"drawOrder":null,"icon":null,"COL53838E7":null,"COL5383F8C":null,"COL5383F_1":null,"COL53838_1":null,"COL5383F_2":null,"COL5383F_3":null,"COL5383F_4":null,"COL5383F_5":null,"COL5383F_6":null,"COL5383F_7":null,"COL5383F_8":null,"COL5383F_9":null,"COL5383F10":null,"COL5383F11":null,"COL5383F12":null,"COL5383F13":null,"COL5383F14":null,"COL5383F15":null,"COL5383F16":null,"COL5383F17":null,"COL5383F18":null,"COL5383F19":null,"COL5383F20":null,"COL5383F21":null,"COL5383F22":null,"COL5383F23":null,"COL5383F24":null,"COL5383F25":null},"id":195},
{"type":"Feature","geometry":{"type":"Polygon","coordinates":[[[-57.890841308287776,-34.99533433049672],[-57.887827133480066,-34.997552202136475],[-57.88706341717084,-34.99684895946368],[-57.89005469554151,-34.99464003201224],[-57.890841308287776,-34.99533433049672]]]},"properties":{"fid":196,"id":null,"Name":null,"descriptio":null,"timestamp":null,"begin":null,"end":null,"altitudeMo":null,"tessellate":null,"extrude":null,"visibility":null,"drawOrder":null,"icon":null,"COL53838E7":null,"COL5383F8C":null,"COL5383F_1":null,"COL53838_1":null,"COL5383F_2":null,"COL5383F_3":null,"COL5383F_4":null,"COL5383F_5":null,"COL5383F_6":null,"COL5383F_7":null,"COL5383F_8":null,"COL5383F_9":null,"COL5383F10":null,"COL5383F11":null,"COL5383F12":null,"COL5383F13":null,"COL5383F14":null,"COL5383F15":null,"COL5383F16":null,"COL5383F17":null,"COL5383F18":null,"COL5383F19":null,"COL5383F20":null,"COL5383F21":null,"COL5383F22":null,"COL5383F23":null,"COL5383F24":null,"COL5383F25":null},"id":196},
{"type":"Feature","geometry":{"type":"Polygon","coordinates":[[[-57.90754866419935,-34.99184516037951],[-57.90912919729417,-34.9907302541814],[-57.91005818614286,-34.991622680374526],[-57.90857862227153,-34.9927766332424],[-57.90754866419935,-34.99184516037951]]]},"properties":{"fid":197,"id":null,"Name":null,"descriptio":null,"timestamp":null,"begin":null,"end":null,"altitudeMo":null,"tessellate":null,"extrude":null,"visibility":null,"drawOrder":null,"icon":null,"COL53838E7":null,"COL5383F8C":null,"COL5383F_1":null,"COL53838_1":null,"COL5383F_2":null,"COL5383F_3":null,"COL5383F_4":null,"COL5383F_5":null,"COL5383F_6":null,"COL5383F_7":null,"COL5383F_8":null,"COL5383F_9":null,"COL5383F10":null,"COL5383F11":null,"COL5383F12":null,"COL5383F13":null,"COL5383F14":null,"COL5383F15":null,"COL5383F16":null,"COL5383F17":null,"COL5383F18":null,"COL5383F19":null,"COL5383F20":null,"COL5383F21":null,"COL5383F22":null,"COL5383F23":null,"COL5383F24":null,"COL5383F25":null},"id":197},
{"type":"Feature","geometry":{"type":"Polygon","coordinates":[[[-57.908936995691995,-34.98537049866468],[-57.90589971147076,-34.987639720382965],[-57.90487020262486,-34.986694248053404],[-57.90792988787172,-34.984434761518706],[-57.908936995691995,-34.98537049866468]]]},"properties":{"fid":198,"id":null,"Name":null,"descriptio":null,"timestamp":null,"begin":null,"end":null,"altitudeMo":null,"tessellate":null,"extrude":null,"visibility":null,"drawOrder":null,"icon":null,"COL53838E7":null,"COL5383F8C":null,"COL5383F_1":null,"COL53838_1":null,"COL5383F_2":null,"COL5383F_3":null,"COL5383F_4":null,"COL5383F_5":null,"COL5383F_6":null,"COL5383F_7":null,"COL5383F_8":null,"COL5383F_9":null,"COL5383F10":null,"COL5383F11":null,"COL5383F12":null,"COL5383F13":null,"COL5383F14":null,"COL5383F15":null,"COL5383F16":null,"COL5383F17":null,"COL5383F18":null,"COL5383F19":null,"COL5383F20":null,"COL5383F21":null,"COL5383F22":null,"COL5383F23":null,"COL5383F24":null,"COL5383F25":null},"id":198},
{"type":"Feature","geometry":{"type":"Polygon","coordinates":[[[-57.898050787514386,-35.017227735177755],[-57.896947704034076,-35.01803841803812],[-57.894771046537095,-35.01607534264482],[-57.89588038403779,-35.01524147875817],[-57.898050787514386,-35.017227735177755]]]},"properties":{"fid":199,"id":null,"Name":null,"descriptio":null,"timestamp":null,"begin":null,"end":null,"altitudeMo":null,"tessellate":null,"extrude":null,"visibility":null,"drawOrder":null,"icon":null,"COL53838E7":null,"COL5383F8C":null,"COL5383F_1":null,"COL53838_1":null,"COL5383F_2":null,"COL5383F_3":null,"COL5383F_4":null,"COL5383F_5":null,"COL5383F_6":null,"COL5383F_7":null,"COL5383F_8":null,"COL5383F_9":null,"COL5383F10":null,"COL5383F11":null,"COL5383F12":null,"COL5383F13":null,"COL5383F14":null,"COL5383F15":null,"COL5383F16":null,"COL5383F17":null,"COL5383F18":null,"COL5383F19":null,"COL5383F20":null,"COL5383F21":null,"COL5383F22":null,"COL5383F23":null,"COL5383F24":null,"COL5383F25":null},"id":199},
{"type":"Feature","geometry":{"type":"Polygon","coordinates":[[[-57.89934457701518,-35.0162711664203],[-57.89806837619476,-35.017204730920824],[-57.89593762038295,-35.01521916244078],[-57.89716271802825,-35.01428939604224],[-57.89934457701518,-35.0162711664203]]]},"properties":{"fid":200,"id":null,"Name":null,"descriptio":null,"timestamp":null,"begin":null,"end":null,"altitudeMo":null,"tessellate":null,"extrude":null,"visibility":null,"drawOrder":null,"icon":null,"COL53838E7":null,"COL5383F8C":null,"COL5383F_1":null,"COL53838_1":null,"COL5383F_2":null,"COL5383F_3":null,"COL5383F_4":null,"COL5383F_5":null,"COL5383F_6":null,"COL5383F_7":null,"COL5383F_8":null,"COL5383F_9":null,"COL5383F10":null,"COL5383F11":null,"COL5383F12":null,"COL5383F13":null,"COL5383F14":null,"COL5383F15":null,"COL5383F16":null,"COL5383F17":null,"COL5383F18":null,"COL5383F19":null,"COL5383F20":null,"COL5383F21":null,"COL5383F22":null,"COL5383F23":null,"COL5383F24":null,"COL5383F25":null},"id":200},
{"type":"Feature","geometry":{"type":"Polygon","coordinates":[[[-57.900493639880466,-35.01543328556628],[-57.89939084283253,-35.01623467310355],[-57.8972029617641,-35.01426678457191],[-57.89829502034364,-35.013441921589546],[-57.900493639880466,-35.01543328556628]]]},"properties":{"fid":201,"id":null,"Name":null,"descriptio":null,"timestamp":null,"begin":null,"end":null,"altitudeMo":null,"tessellate":null,"extrude":null,"visibility":null,"drawOrder":null,"icon":null,"COL53838E7":null,"COL5383F8C":null,"COL5383F_1":null,"COL53838_1":null,"COL5383F_2":null,"COL5383F_3":null,"COL5383F_4":null,"COL5383F_5":null,"COL5383F_6":null,"COL5383F_7":null,"COL5383F_8":null,"COL5383F_9":null,"COL5383F10":null,"COL5383F11":null,"COL5383F12":null,"COL5383F13":null,"COL5383F14":null,"COL5383F15":null,"COL5383F16":null,"COL5383F17":null,"COL5383F18":null,"COL5383F19":null,"COL5383F20":null,"COL5383F21":null,"COL5383F22":null,"COL5383F23":null,"COL5383F24":null,"COL5383F25":null},"id":201},
{"type":"Feature","geometry":{"type":"Polygon","coordinates":[[[-57.90275252462905,-35.01373816401852],[-57.90166628763266,-35.014558506766626],[-57.8994957412964,-35.01257697338528],[-57.9005934182556,-35.01175218593561],[-57.90275252462905,-35.01373816401852]]]},"properties":{"fid":202,"id":null,"Name":null,"descriptio":null,"timestamp":null,"begin":null,"end":null,"altitudeMo":null,"tessellate":null,"extrude":null,"visibility":null,"drawOrder":null,"icon":null,"COL53838E7":null,"COL5383F8C":null,"COL5383F_1":null,"COL53838_1":null,"COL5383F_2":null,"COL5383F_3":null,"COL5383F_4":null,"COL5383F_5":null,"COL5383F_6":null,"COL5383F_7":null,"COL5383F_8":null,"COL5383F_9":null,"COL5383F10":null,"COL5383F11":null,"COL5383F12":null,"COL5383F13":null,"COL5383F14":null,"COL5383F15":null,"COL5383F16":null,"COL5383F17":null,"COL5383F18":null,"COL5383F19":null,"COL5383F20":null,"COL5383F21":null,"COL5383F22":null,"COL5383F23":null,"COL5383F24":null,"COL5383F25":null},"id":202},
{"type":"Feature","geometry":{"type":"Polygon","coordinates":[[[-57.90161594911933,-35.01076292508559],[-57.89993482301796,-35.01202515789271],[-57.898417424329544,-35.01065162122658],[-57.90010915569169,-35.00941756353808],[-57.90161594911933,-35.01076292508559]]]},"properties":{"fid":203,"id":null,"Name":null,"descriptio":null,"timestamp":null,"begin":null,"end":null,"altitudeMo":null,"tessellate":null,"extrude":null,"visibility":null,"drawOrder":null,"icon":null,"COL53838E7":null,"COL5383F8C":null,"COL5383F_1":null,"COL53838_1":null,"COL5383F_2":null,"COL5383F_3":null,"COL5383F_4":null,"COL5383F_5":null,"COL5383F_6":null,"COL5383F_7":null,"COL5383F_8":null,"COL5383F_9":null,"COL5383F10":null,"COL5383F11":null,"COL5383F12":null,"COL5383F13":null,"COL5383F14":null,"COL5383F15":null,"COL5383F16":null,"COL5383F17":null,"COL5383F18":null,"COL5383F19":null,"COL5383F20":null,"COL5383F21":null,"COL5383F22":null,"COL5383F23":null,"COL5383F24":null,"COL5383F25":null},"id":203},
{"type":"Feature","geometry":{"type":"Polygon","coordinates":[[[-57.93063856570765,-34.999497255064234],[-57.929368167585146,-35.00044990888459],[-57.92562537352778,-34.997001486356105],[-57.92686025297441,-34.996108868297064],[-57.93063856570765,-34.999497255064234]]]},"properties":{"fid":204,"id":null,"Name":null,"descriptio":null,"timestamp":null,"begin":null,"end":null,"altitudeMo":null,"tessellate":null,"extrude":null,"visibility":null,"drawOrder":null,"icon":null,"COL53838E7":null,"COL5383F8C":null,"COL5383F_1":null,"COL53838_1":null,"COL5383F_2":null,"COL5383F_3":null,"COL5383F_4":null,"COL5383F_5":null,"COL5383F_6":null,"COL5383F_7":null,"COL5383F_8":null,"COL5383F_9":null,"COL5383F10":null,"COL5383F11":null,"COL5383F12":null,"COL5383F13":null,"COL5383F14":null,"COL5383F15":null,"COL5383F16":null,"COL5383F17":null,"COL5383F18":null,"COL5383F19":null,"COL5383F20":null,"COL5383F21":null,"COL5383F22":null,"COL5383F23":null,"COL5383F24":null,"COL5383F25":null},"id":204},
{"type":"Feature","geometry":{"type":"Polygon","coordinates":[[[-57.941464225906884,-34.981101535583555],[-57.93901809133271,-34.98287815111631],[-57.936034319158445,-34.980118904671606],[-57.938429709704096,-34.97833216273015],[-57.941464225906884,-34.981101535583555]]]},"properties":{"fid":205,"id":null,"Name":null,"descriptio":null,"timestamp":null,"begin":null,"end":null,"altitudeMo":null,"tessellate":null,"extrude":null,"visibility":null,"drawOrder":null,"icon":null,"COL53838E7":null,"COL5383F8C":null,"COL5383F_1":null,"COL53838_1":null,"COL5383F_2":null,"COL5383F_3":null,"COL5383F_4":null,"COL5383F_5":null,"COL5383F_6":null,"COL5383F_7":null,"COL5383F_8":null,"COL5383F_9":null,"COL5383F10":null,"COL5383F11":null,"COL5383F12":null,"COL5383F13":null,"COL5383F14":null,"COL5383F15":null,"COL5383F16":null,"COL5383F17":null,"COL5383F18":null,"COL5383F19":null,"COL5383F20":null,"COL5383F21":null,"COL5383F22":null,"COL5383F23":null,"COL5383F24":null,"COL5383F25":null},"id":205},
{"type":"Feature","geometry":{"type":"Polygon","coordinates":[[[-57.94923470652974,-34.96954807393547],[-57.95034251778195,-34.97054577997377],[-57.947912480027206,-34.9723788010518],[-57.94682755287345,-34.97137213646066],[-57.94923470652974,-34.96954807393547]]]},"properties":{"fid":206,"id":null,"Name":null,"descriptio":null,"timestamp":null,"begin":null,"end":null,"altitudeMo":null,"tessellate":null,"extrude":null,"visibility":null,"drawOrder":null,"icon":null,"COL53838E7":null,"COL5383F8C":null,"COL5383F_1":null,"COL53838_1":null,"COL5383F_2":null,"COL5383F_3":null,"COL5383F_4":null,"COL5383F_5":null,"COL5383F_6":null,"COL5383F_7":null,"COL5383F_8":null,"COL5383F_9":null,"COL5383F10":null,"COL5383F11":null,"COL5383F12":null,"COL5383F13":null,"COL5383F14":null,"COL5383F15":null,"COL5383F16":null,"COL5383F17":null,"COL5383F18":null,"COL5383F19":null,"COL5383F20":null,"COL5383F21":null,"COL5383F22":null,"COL5383F23":null,"COL5383F24":null,"COL5383F25":null},"id":206},
{"type":"Feature","geometry":{"type":"Polygon","coordinates":[[[-57.97223264304946,-34.99198287324535],[-57.97047809472365,-34.993524600777256],[-57.969361653496826,-34.9926248275586],[-57.97122910758088,-34.99109898920041],[-57.97223264304946,-34.99198287324535]]]},"properties":{"fid":207,"id":null,"Name":null,"descriptio":null,"timestamp":null,"begin":null,"end":null,"altitudeMo":null,"tessellate":null,"extrude":null,"visibility":null,"drawOrder":null,"icon":null,"COL53838E7":null,"COL5383F8C":null,"COL5383F_1":null,"COL53838_1":null,"COL5383F_2":null,"COL5383F_3":null,"COL5383F_4":null,"COL5383F_5":null,"COL5383F_6":null,"COL5383F_7":null,"COL5383F_8":null,"COL5383F_9":null,"COL5383F10":null,"COL5383F11":null,"COL5383F12":null,"COL5383F13":null,"COL5383F14":null,"COL5383F15":null,"COL5383F16":null,"COL5383F17":null,"COL5383F18":null,"COL5383F19":null,"COL5383F20":null,"COL5383F21":null,"COL5383F22":null,"COL5383F23":null,"COL5383F24":null,"COL5383F25":null},"id":207},
{"type":"Feature","geometry":{"type":"Polygon","coordinates":[[[-57.98135264697833,-34.98370153197567],[-57.97929800941087,-34.98525238925638],[-57.97743090512482,-34.98355232778874],[-57.97947386476703,-34.982015292962195],[-57.98135264697833,-34.98370153197567]]]},"properties":{"fid":208,"id":null,"Name":null,"descriptio":null,"timestamp":null,"begin":null,"end":null,"altitudeMo":null,"tessellate":null,"extrude":null,"visibility":null,"drawOrder":null,"icon":null,"COL53838E7":null,"COL5383F8C":null,"COL5383F_1":null,"COL53838_1":null,"COL5383F_2":null,"COL5383F_3":null,"COL5383F_4":null,"COL5383F_5":null,"COL5383F_6":null,"COL5383F_7":null,"COL5383F_8":null,"COL5383F_9":null,"COL5383F10":null,"COL5383F11":null,"COL5383F12":null,"COL5383F13":null,"COL5383F14":null,"COL5383F15":null,"COL5383F16":null,"COL5383F17":null,"COL5383F18":null,"COL5383F19":null,"COL5383F20":null,"COL5383F21":null,"COL5383F22":null,"COL5383F23":null,"COL5383F24":null,"COL5383F25":null},"id":208},
{"type":"Feature","geometry":{"type":"Polygon","coordinates":[[[-57.97932477177418,-34.981858967992984],[-57.977275922169625,-34.98340522600729],[-57.975397462758735,-34.98170960689565],[-57.977457281961925,-34.980177548638686],[-57.97932477177418,-34.981858967992984]]]},"properties":{"fid":209,"id":null,"Name":null,"descriptio":null,"timestamp":null,"begin":null,"end":null,"altitudeMo":null,"tessellate":null,"extrude":null,"visibility":null,"drawOrder":null,"icon":null,"COL53838E7":null,"COL5383F8C":null,"COL5383F_1":null,"COL53838_1":null,"COL5383F_2":null,"COL5383F_3":null,"COL5383F_4":null,"COL5383F_5":null,"COL5383F_6":null,"COL5383F_7":null,"COL5383F_8":null,"COL5383F_9":null,"COL5383F10":null,"COL5383F11":null,"COL5383F12":null,"COL5383F13":null,"COL5383F14":null,"COL5383F15":null,"COL5383F16":null,"COL5383F17":null,"COL5383F18":null,"COL5383F19":null,"COL5383F20":null,"COL5383F21":null,"COL5383F22":null,"COL5383F23":null,"COL5383F24":null,"COL5383F25":null},"id":209},
{"type":"Feature","geometry":{"type":"Polygon","coordinates":[[[-57.97728554889344,-34.98002084398281],[-57.97522527167122,-34.981571539337374],[-57.97336411121447,-34.97986685451349],[-57.975395495547104,-34.978339017868265],[-57.97728554889344,-34.98002084398281]]]},"properties":{"fid":210,"id":null,"Name":null,"descriptio":null,"timestamp":null,"begin":null,"end":null,"altitudeMo":null,"tessellate":null,"extrude":null,"visibility":null,"drawOrder":null,"icon":null,"COL53838E7":null,"COL5383F8C":null,"COL5383F_1":null,"COL53838_1":null,"COL5383F_2":null,"COL5383F_3":null,"COL5383F_4":null,"COL5383F_5":null,"COL5383F_6":null,"COL5383F_7":null,"COL5383F_8":null,"COL5383F_9":null,"COL5383F10":null,"COL5383F11":null,"COL5383F12":null,"COL5383F13":null,"COL5383F14":null,"COL5383F15":null,"COL5383F16":null,"COL5383F17":null,"COL5383F18":null,"COL5383F19":null,"COL5383F20":null,"COL5383F21":null,"COL5383F22":null,"COL5383F23":null,"COL5383F24":null,"COL5383F25":null},"id":210},
{"type":"Feature","geometry":{"type":"Polygon","coordinates":[[[-57.98263010815873,-34.98115639111449],[-57.98164928310371,-34.98188599027684],[-57.98063420759705,-34.981011315109676],[-57.98164391153331,-34.98025889472368],[-57.98263010815873,-34.98115639111449]]]},"properties":{"fid":211,"id":null,"Name":null,"descriptio":null,"timestamp":null,"begin":null,"end":null,"altitudeMo":null,"tessellate":null,"extrude":null,"visibility":null,"drawOrder":null,"icon":null,"COL53838E7":null,"COL5383F8C":null,"COL5383F_1":null,"COL53838_1":null,"COL5383F_2":null,"COL5383F_3":null,"COL5383F_4":null,"COL5383F_5":null,"COL5383F_6":null,"COL5383F_7":null,"COL5383F_8":null,"COL5383F_9":null,"COL5383F10":null,"COL5383F11":null,"COL5383F12":null,"COL5383F13":null,"COL5383F14":null,"COL5383F15":null,"COL5383F16":null,"COL5383F17":null,"COL5383F18":null,"COL5383F19":null,"COL5383F20":null,"COL5383F21":null,"COL5383F22":null,"COL5383F23":null,"COL5383F24":null,"COL5383F25":null},"id":211},
{"type":"Feature","geometry":{"type":"Polygon","coordinates":[[[-57.99437628757174,-34.984232122147596],[-57.99234474758626,-34.985774262350624],[-57.98638093239107,-34.98041682628281],[-57.98844686836281,-34.97885670683885],[-57.99437628757174,-34.984232122147596]]]},"properties":{"fid":212,"id":null,"Name":null,"descriptio":null,"timestamp":null,"begin":null,"end":null,"altitudeMo":null,"tessellate":null,"extrude":null,"visibility":null,"drawOrder":null,"icon":null,"COL53838E7":null,"COL5383F8C":null,"COL5383F_1":null,"COL53838_1":null,"COL5383F_2":null,"COL5383F_3":null,"COL5383F_4":null,"COL5383F_5":null,"COL5383F_6":null,"COL5383F_7":null,"COL5383F_8":null,"COL5383F_9":null,"COL5383F10":null,"COL5383F11":null,"COL5383F12":null,"COL5383F13":null,"COL5383F14":null,"COL5383F15":null,"COL5383F16":null,"COL5383F17":null,"COL5383F18":null,"COL5383F19":null,"COL5383F20":null,"COL5383F21":null,"COL5383F22":null,"COL5383F23":null,"COL5383F24":null,"COL5383F25":null},"id":212},
{"type":"Feature","geometry":{"type":"Polygon","coordinates":[[[-57.99106924878021,-34.986741482499106],[-57.99003689514964,-34.987493605700394],[-57.98707778604918,-34.98480592158293],[-57.98808782417371,-34.984039467522216],[-57.99106924878021,-34.986741482499106]]]},"properties":{"fid":213,"id":null,"Name":null,"descriptio":null,"timestamp":null,"begin":null,"end":null,"altitudeMo":null,"tessellate":null,"extrude":null,"visibility":null,"drawOrder":null,"icon":null,"COL53838E7":null,"COL5383F8C":null,"COL5383F_1":null,"COL53838_1":null,"COL5383F_2":null,"COL5383F_3":null,"COL5383F_4":null,"COL5383F_5":null,"COL5383F_6":null,"COL5383F_7":null,"COL5383F_8":null,"COL5383F_9":null,"COL5383F10":null,"COL5383F11":null,"COL5383F12":null,"COL5383F13":null,"COL5383F14":null,"COL5383F15":null,"COL5383F16":null,"COL5383F17":null,"COL5383F18":null,"COL5383F19":null,"COL5383F20":null,"COL5383F21":null,"COL5383F22":null,"COL5383F23":null,"COL5383F24":null,"COL5383F25":null},"id":213},
{"type":"Feature","geometry":{"type":"Polygon","coordinates":[[[-57.98885076277214,-34.98874199599067],[-57.99078955970345,-34.99053631161466],[-57.98881715711095,-34.99196748067046],[-57.9868943330046,-34.990215356155545],[-57.98885076277214,-34.98874199599067]]]},"properties":{"fid":214,"id":null,"Name":null,"descriptio":null,"timestamp":null,"begin":null,"end":null,"altitudeMo":null,"tessellate":null,"extrude":null,"visibility":null,"drawOrder":null,"icon":null,"COL53838E7":null,"COL5383F8C":null,"COL5383F_1":null,"COL53838_1":null,"COL5383F_2":null,"COL5383F_3":null,"COL5383F_4":null,"COL5383F_5":null,"COL5383F_6":null,"COL5383F_7":null,"COL5383F_8":null,"COL5383F_9":null,"COL5383F10":null,"COL5383F11":null,"COL5383F12":null,"COL5383F13":null,"COL5383F14":null,"COL5383F15":null,"COL5383F16":null,"COL5383F17":null,"COL5383F18":null,"COL5383F19":null,"COL5383F20":null,"COL5383F21":null,"COL5383F22":null,"COL5383F23":null,"COL5383F24":null,"COL5383F25":null},"id":214},
{"type":"Feature","geometry":{"type":"Polygon","coordinates":[[[-57.98004800517245,-34.99011558383688],[-57.97805209647879,-34.99157415486255],[-57.974969255098536,-34.98886081002831],[-57.97702972663278,-34.98731012717707],[-57.98004800517245,-34.99011558383688]]]},"properties":{"fid":215,"id":null,"Name":null,"descriptio":null,"timestamp":null,"begin":null,"end":null,"altitudeMo":null,"tessellate":null,"extrude":null,"visibility":null,"drawOrder":null,"icon":null,"COL53838E7":null,"COL5383F8C":null,"COL5383F_1":null,"COL53838_1":null,"COL5383F_2":null,"COL5383F_3":null,"COL5383F_4":null,"COL5383F_5":null,"COL5383F_6":null,"COL5383F_7":null,"COL5383F_8":null,"COL5383F_9":null,"COL5383F10":null,"COL5383F11":null,"COL5383F12":null,"COL5383F13":null,"COL5383F14":null,"COL5383F15":null,"COL5383F16":null,"COL5383F17":null,"COL5383F18":null,"COL5383F19":null,"COL5383F20":null,"COL5383F21":null,"COL5383F22":null,"COL5383F23":null,"COL5383F24":null,"COL5383F25":null},"id":215},
{"type":"Feature","geometry":{"type":"Polygon","coordinates":[[[-58.00854200400493,-35.00461422553364],[-58.012433969669914,-35.008146508648785],[-58.00929523341836,-35.010472630767815],[-58.00542505223845,-35.00697790189035],[-58.00854200400493,-35.00461422553364]]]},"properties":{"fid":216,"id":null,"Name":null,"descriptio":null,"timestamp":null,"begin":null,"end":null,"altitudeMo":null,"tessellate":null,"extrude":null,"visibility":null,"drawOrder":null,"icon":null,"COL53838E7":null,"COL5383F8C":null,"COL5383F_1":null,"COL53838_1":null,"COL5383F_2":null,"COL5383F_3":null,"COL5383F_4":null,"COL5383F_5":null,"COL5383F_6":null,"COL5383F_7":null,"COL5383F_8":null,"COL5383F_9":null,"COL5383F10":null,"COL5383F11":null,"COL5383F12":null,"COL5383F13":null,"COL5383F14":null,"COL5383F15":null,"COL5383F16":null,"COL5383F17":null,"COL5383F18":null,"COL5383F19":null,"COL5383F20":null,"COL5383F21":null,"COL5383F22":null,"COL5383F23":null,"COL5383F24":null,"COL5383F25":null},"id":216},
{"type":"Feature","geometry":{"type":"Polygon","coordinates":[[[-58.00711871378173,-35.00886583549643],[-58.00907015749862,-35.01064142859452],[-58.00749947292888,-35.01185571410767],[-58.00554837636101,-35.01006611608469],[-58.00711871378173,-35.00886583549643]]]},"properties":{"fid":217,"id":null,"Name":null,"descriptio":null,"timestamp":null,"begin":null,"end":null,"altitudeMo":null,"tessellate":null,"extrude":null,"visibility":null,"drawOrder":null,"icon":null,"COL53838E7":null,"COL5383F8C":null,"COL5383F_1":null,"COL53838_1":null,"COL5383F_2":null,"COL5383F_3":null,"COL5383F_4":null,"COL5383F_5":null,"COL5383F_6":null,"COL5383F_7":null,"COL5383F_8":null,"COL5383F_9":null,"COL5383F10":null,"COL5383F11":null,"COL5383F12":null,"COL5383F13":null,"COL5383F14":null,"COL5383F15":null,"COL5383F16":null,"COL5383F17":null,"COL5383F18":null,"COL5383F19":null,"COL5383F20":null,"COL5383F21":null,"COL5383F22":null,"COL5383F23":null,"COL5383F24":null,"COL5383F25":null},"id":217},
{"type":"Feature","geometry":{"type":"Polygon","coordinates":[[[-58.00490644944206,-35.00546823922407],[-58.00584392213469,-35.00629482320867],[-58.00339629828654,-35.00815663278775],[-58.00245350705854,-35.00731595685669],[-58.00490644944206,-35.00546823922407]]]},"properties":{"fid":218,"id":null,"Name":null,"descriptio":null,"timestamp":null,"begin":null,"end":null,"altitudeMo":null,"tessellate":null,"extrude":null,"visibility":null,"drawOrder":null,"icon":null,"COL53838E7":null,"COL5383F8C":null,"COL5383F_1":null,"COL53838_1":null,"COL5383F_2":null,"COL5383F_3":null,"COL5383F_4":null,"COL5383F_5":null,"COL5383F_6":null,"COL5383F_7":null,"COL5383F_8":null,"COL5383F_9":null,"COL5383F10":null,"COL5383F11":null,"COL5383F12":null,"COL5383F13":null,"COL5383F14":null,"COL5383F15":null,"COL5383F16":null,"COL5383F17":null,"COL5383F18":null,"COL5383F19":null,"COL5383F20":null,"COL5383F21":null,"COL5383F22":null,"COL5383F23":null,"COL5383F24":null,"COL5383F25":null},"id":218},
{"type":"Feature","geometry":{"type":"Polygon","coordinates":[[[-58.0207541453187,-34.99876051800655],[-58.019706893880794,-34.999547616193794],[-58.01873966301641,-34.99866004657419],[-58.019772697485685,-34.99787505558159],[-58.0207541453187,-34.99876051800655]]]},"properties":{"fid":219,"id":null,"Name":null,"descriptio":null,"timestamp":null,"begin":null,"end":null,"altitudeMo":null,"tessellate":null,"extrude":null,"visibility":null,"drawOrder":null,"icon":null,"COL53838E7":null,"COL5383F8C":null,"COL5383F_1":null,"COL53838_1":null,"COL5383F_2":null,"COL5383F_3":null,"COL5383F_4":null,"COL5383F_5":null,"COL5383F_6":null,"COL5383F_7":null,"COL5383F_8":null,"COL5383F_9":null,"COL5383F10":null,"COL5383F11":null,"COL5383F12":null,"COL5383F13":null,"COL5383F14":null,"COL5383F15":null,"COL5383F16":null,"COL5383F17":null,"COL5383F18":null,"COL5383F19":null,"COL5383F20":null,"COL5383F21":null,"COL5383F22":null,"COL5383F23":null,"COL5383F24":null,"COL5383F25":null},"id":219},
{"type":"Feature","geometry":{"type":"Polygon","coordinates":[[[-58.02100836026945,-35.012079139087014],[-58.01888618017716,-35.013610912372066],[-58.0152035057847,-35.01030602620133],[-58.01675026958401,-35.009137866355516],[-58.018423229359215,-35.01072228309867],[-58.019023081651625,-35.010284533486754],[-58.02100836026945,-35.012079139087014]]]},"properties":{"fid":220,"id":null,"Name":null,"descriptio":null,"timestamp":null,"begin":null,"end":null,"altitudeMo":null,"tessellate":null,"extrude":null,"visibility":null,"drawOrder":null,"icon":null,"COL53838E7":null,"COL5383F8C":null,"COL5383F_1":null,"COL53838_1":null,"COL5383F_2":null,"COL5383F_3":null,"COL5383F_4":null,"COL5383F_5":null,"COL5383F_6":null,"COL5383F_7":null,"COL5383F_8":null,"COL5383F_9":null,"COL5383F10":null,"COL5383F11":null,"COL5383F12":null,"COL5383F13":null,"COL5383F14":null,"COL5383F15":null,"COL5383F16":null,"COL5383F17":null,"COL5383F18":null,"COL5383F19":null,"COL5383F20":null,"COL5383F21":null,"COL5383F22":null,"COL5383F23":null,"COL5383F24":null,"COL5383F25":null},"id":220},
{"type":"Feature","geometry":{"type":"Polygon","coordinates":[[[-58.019807699368066,-35.01319938998222],[-58.021756219159286,-35.01487683597049],[-58.02093038113297,-35.01552069897603],[-58.01902875219768,-35.01377873858698],[-58.019807699368066,-35.01319938998222]]]},"properties":{"fid":221,"id":null,"Name":null,"descriptio":null,"timestamp":null,"begin":null,"end":null,"altitudeMo":null,"tessellate":null,"extrude":null,"visibility":null,"drawOrder":null,"icon":null,"COL53838E7":null,"COL5383F8C":null,"COL5383F_1":null,"COL53838_1":null,"COL5383F_2":null,"COL5383F_3":null,"COL5383F_4":null,"COL5383F_5":null,"COL5383F_6":null,"COL5383F_7":null,"COL5383F_8":null,"COL5383F_9":null,"COL5383F10":null,"COL5383F11":null,"COL5383F12":null,"COL5383F13":null,"COL5383F14":null,"COL5383F15":null,"COL5383F16":null,"COL5383F17":null,"COL5383F18":null,"COL5383F19":null,"COL5383F20":null,"COL5383F21":null,"COL5383F22":null,"COL5383F23":null,"COL5383F24":null,"COL5383F25":null},"id":221},
{"type":"Feature","geometry":{"type":"Polygon","coordinates":[[[-58.0274189652462,-35.01055418654305],[-58.027415607539936,-35.01069398996551],[-58.0256326947776,-35.0120262747347],[-58.023673502216425,-35.01032074476035],[-58.025162278899884,-35.00920281223259],[-58.025433539954335,-35.009468295207256],[-58.02586017998014,-35.00916288800826],[-58.0274189652462,-35.01055418654305]]]},"properties":{"fid":222,"id":null,"Name":null,"descriptio":null,"timestamp":null,"begin":null,"end":null,"altitudeMo":null,"tessellate":null,"extrude":null,"visibility":null,"drawOrder":null,"icon":null,"COL53838E7":null,"COL5383F8C":null,"COL5383F_1":null,"COL53838_1":null,"COL5383F_2":null,"COL5383F_3":null,"COL5383F_4":null,"COL5383F_5":null,"COL5383F_6":null,"COL5383F_7":null,"COL5383F_8":null,"COL5383F_9":null,"COL5383F10":null,"COL5383F11":null,"COL5383F12":null,"COL5383F13":null,"COL5383F14":null,"COL5383F15":null,"COL5383F16":null,"COL5383F17":null,"COL5383F18":null,"COL5383F19":null,"COL5383F20":null,"COL5383F21":null,"COL5383F22":null,"COL5383F23":null,"COL5383F24":null,"COL5383F25":null},"id":222},
{"type":"Feature","geometry":{"type":"Polygon","coordinates":[[[-57.9925850712265,-34.99933041571921],[-57.99159764486227,-35.00009261536882],[-57.989668800600015,-34.998345094869826],[-57.99064535196487,-34.99756408299045],[-57.9925850712265,-34.99933041571921]]]},"properties":{"fid":223,"id":null,"Name":null,"descriptio":null,"timestamp":null,"begin":null,"end":null,"altitudeMo":null,"tessellate":null,"extrude":null,"visibility":null,"drawOrder":null,"icon":null,"COL53838E7":null,"COL5383F8C":null,"COL5383F_1":null,"COL53838_1":null,"COL5383F_2":null,"COL5383F_3":null,"COL5383F_4":null,"COL5383F_5":null,"COL5383F_6":null,"COL5383F_7":null,"COL5383F_8":null,"COL5383F_9":null,"COL5383F10":null,"COL5383F11":null,"COL5383F12":null,"COL5383F13":null,"COL5383F14":null,"COL5383F15":null,"COL5383F16":null,"COL5383F17":null,"COL5383F18":null,"COL5383F19":null,"COL5383F20":null,"COL5383F21":null,"COL5383F22":null,"COL5383F23":null,"COL5383F24":null,"COL5383F25":null},"id":223},
{"type":"Feature","geometry":{"type":"Polygon","coordinates":[[[-58.00157888050558,-34.99432744464231],[-57.99946645425839,-34.99592897284399],[-57.99762042855445,-34.994266856340396],[-57.99971030726432,-34.992660326252704],[-58.00157888050558,-34.99432744464231]]]},"properties":{"fid":224,"id":null,"Name":null,"descriptio":null,"timestamp":null,"begin":null,"end":null,"altitudeMo":null,"tessellate":null,"extrude":null,"visibility":null,"drawOrder":null,"icon":null,"COL53838E7":null,"COL5383F8C":null,"COL5383F_1":null,"COL53838_1":null,"COL5383F_2":null,"COL5383F_3":null,"COL5383F_4":null,"COL5383F_5":null,"COL5383F_6":null,"COL5383F_7":null,"COL5383F_8":null,"COL5383F_9":null,"COL5383F10":null,"COL5383F11":null,"COL5383F12":null,"COL5383F13":null,"COL5383F14":null,"COL5383F15":null,"COL5383F16":null,"COL5383F17":null,"COL5383F18":null,"COL5383F19":null,"COL5383F20":null,"COL5383F21":null,"COL5383F22":null,"COL5383F23":null,"COL5383F24":null,"COL5383F25":null},"id":224},
{"type":"Feature","geometry":{"type":"Polygon","coordinates":[[[-58.0093845614243,-34.98851643543525],[-58.00621639848796,-34.99091660399751],[-58.00521940245982,-34.98998182136041],[-58.00839242791237,-34.98761439172111],[-58.0093845614243,-34.98851643543525]]]},"properties":{"fid":225,"id":null,"Name":null,"descriptio":null,"timestamp":null,"begin":null,"end":null,"altitudeMo":null,"tessellate":null,"extrude":null,"visibility":null,"drawOrder":null,"icon":null,"COL53838E7":null,"COL5383F8C":null,"COL5383F_1":null,"COL53838_1":null,"COL5383F_2":null,"COL5383F_3":null,"COL5383F_4":null,"COL5383F_5":null,"COL5383F_6":null,"COL5383F_7":null,"COL5383F_8":null,"COL5383F_9":null,"COL5383F10":null,"COL5383F11":null,"COL5383F12":null,"COL5383F13":null,"COL5383F14":null,"COL5383F15":null,"COL5383F16":null,"COL5383F17":null,"COL5383F18":null,"COL5383F19":null,"COL5383F20":null,"COL5383F21":null,"COL5383F22":null,"COL5383F23":null,"COL5383F24":null,"COL5383F25":null},"id":225},
{"type":"Feature","geometry":{"type":"Polygon","coordinates":[[[-58.006441634714996,-34.98583414018451],[-58.00835924369331,-34.98758121365197],[-58.005175458989854,-34.98992515596086],[-58.0046338756504,-34.98936614556678],[-58.00623722470418,-34.98818971860005],[-58.00490696320786,-34.98698372850687],[-58.006441634714996,-34.98583414018451]]]},"properties":{"fid":226,"id":null,"Name":null,"descriptio":null,"timestamp":null,"begin":null,"end":null,"altitudeMo":null,"tessellate":null,"extrude":null,"visibility":null,"drawOrder":null,"icon":null,"COL53838E7":null,"COL5383F8C":null,"COL5383F_1":null,"COL53838_1":null,"COL5383F_2":null,"COL5383F_3":null,"COL5383F_4":null,"COL5383F_5":null,"COL5383F_6":null,"COL5383F_7":null,"COL5383F_8":null,"COL5383F_9":null,"COL5383F10":null,"COL5383F11":null,"COL5383F12":null,"COL5383F13":null,"COL5383F14":null,"COL5383F15":null,"COL5383F16":null,"COL5383F17":null,"COL5383F18":null,"COL5383F19":null,"COL5383F20":null,"COL5383F21":null,"COL5383F22":null,"COL5383F23":null,"COL5383F24":null,"COL5383F25":null},"id":226},
{"type":"Feature","geometry":{"type":"Polygon","coordinates":[[[-58.007968423078516,-34.984306785582774],[-58.00638805132435,-34.98547429140811],[-58.003982446334696,-34.98329958983087],[-58.00559145668754,-34.98211859965995],[-58.007968423078516,-34.984306785582774]]]},"properties":{"fid":227,"id":null,"Name":null,"descriptio":null,"timestamp":null,"begin":null,"end":null,"altitudeMo":null,"tessellate":null,"extrude":null,"visibility":null,"drawOrder":null,"icon":null,"COL53838E7":null,"COL5383F8C":null,"COL5383F_1":null,"COL53838_1":null,"COL5383F_2":null,"COL5383F_3":null,"COL5383F_4":null,"COL5383F_5":null,"COL5383F_6":null,"COL5383F_7":null,"COL5383F_8":null,"COL5383F_9":null,"COL5383F10":null,"COL5383F11":null,"COL5383F12":null,"COL5383F13":null,"COL5383F14":null,"COL5383F15":null,"COL5383F16":null,"COL5383F17":null,"COL5383F18":null,"COL5383F19":null,"COL5383F20":null,"COL5383F21":null,"COL5383F22":null,"COL5383F23":null,"COL5383F24":null,"COL5383F25":null},"id":227},
{"type":"Feature","geometry":{"type":"Polygon","coordinates":[[[-58.01636330936903,-34.98359580452015],[-58.01318012788777,-34.98593065098769],[-58.01015459766343,-34.98314919148264],[-58.01330535404605,-34.98074862525235],[-58.01636330936903,-34.98359580452015]]]},"properties":{"fid":228,"id":null,"Name":null,"descriptio":null,"timestamp":null,"begin":null,"end":null,"altitudeMo":null,"tessellate":null,"extrude":null,"visibility":null,"drawOrder":null,"icon":null,"COL53838E7":null,"COL5383F8C":null,"COL5383F_1":null,"COL53838_1":null,"COL5383F_2":null,"COL5383F_3":null,"COL5383F_4":null,"COL5383F_5":null,"COL5383F_6":null,"COL5383F_7":null,"COL5383F_8":null,"COL5383F_9":null,"COL5383F10":null,"COL5383F11":null,"COL5383F12":null,"COL5383F13":null,"COL5383F14":null,"COL5383F15":null,"COL5383F16":null,"COL5383F17":null,"COL5383F18":null,"COL5383F19":null,"COL5383F20":null,"COL5383F21":null,"COL5383F22":null,"COL5383F23":null,"COL5383F24":null,"COL5383F25":null},"id":228},
{"type":"Feature","geometry":{"type":"Polygon","coordinates":[[[-58.0159589423893,-34.97347510687209],[-58.016917479204096,-34.97435789235602],[-58.014858175974965,-34.975904631924415],[-58.01294034610413,-34.974171642824096],[-58.0138458609307,-34.973496494426676],[-58.014782290749615,-34.9743556249529],[-58.0159589423893,-34.97347510687209]]]},"properties":{"fid":229,"id":null,"Name":null,"descriptio":null,"timestamp":null,"begin":null,"end":null,"altitudeMo":null,"tessellate":null,"extrude":null,"visibility":null,"drawOrder":null,"icon":null,"COL53838E7":null,"COL5383F8C":null,"COL5383F_1":null,"COL53838_1":null,"COL5383F_2":null,"COL5383F_3":null,"COL5383F_4":null,"COL5383F_5":null,"COL5383F_6":null,"COL5383F_7":null,"COL5383F_8":null,"COL5383F_9":null,"COL5383F10":null,"COL5383F11":null,"COL5383F12":null,"COL5383F13":null,"COL5383F14":null,"COL5383F15":null,"COL5383F16":null,"COL5383F17":null,"COL5383F18":null,"COL5383F19":null,"COL5383F20":null,"COL5383F21":null,"COL5383F22":null,"COL5383F23":null,"COL5383F24":null,"COL5383F25":null},"id":229},
{"type":"Feature","geometry":{"type":"Polygon","coordinates":[[[-58.06221793183335,-34.93437621246144],[-58.05924981979505,-34.93637078185936],[-58.05693600043493,-34.93414263838833],[-58.059755197996154,-34.93222033799755],[-58.06221793183335,-34.93437621246144]]]},"properties":{"fid":230,"id":null,"Name":null,"descriptio":null,"timestamp":null,"begin":null,"end":null,"altitudeMo":null,"tessellate":null,"extrude":null,"visibility":null,"drawOrder":null,"icon":null,"COL53838E7":null,"COL5383F8C":null,"COL5383F_1":null,"COL53838_1":null,"COL5383F_2":null,"COL5383F_3":null,"COL5383F_4":null,"COL5383F_5":null,"COL5383F_6":null,"COL5383F_7":null,"COL5383F_8":null,"COL5383F_9":null,"COL5383F10":null,"COL5383F11":null,"COL5383F12":null,"COL5383F13":null,"COL5383F14":null,"COL5383F15":null,"COL5383F16":null,"COL5383F17":null,"COL5383F18":null,"COL5383F19":null,"COL5383F20":null,"COL5383F21":null,"COL5383F22":null,"COL5383F23":null,"COL5383F24":null,"COL5383F25":null},"id":230},
{"type":"Feature","geometry":{"type":"Polygon","coordinates":[[[-58.04985419192885,-34.93341840868099],[-58.048668487774655,-34.93424318721895],[-58.04754491876806,-34.9331621925237],[-58.048707320115646,-34.932365022423504],[-58.04985419192885,-34.93341840868099]]]},"properties":{"fid":231,"id":null,"Name":null,"descriptio":null,"timestamp":null,"begin":null,"end":null,"altitudeMo":null,"tessellate":null,"extrude":null,"visibility":null,"drawOrder":null,"icon":null,"COL53838E7":null,"COL5383F8C":null,"COL5383F_1":null,"COL53838_1":null,"COL5383F_2":null,"COL5383F_3":null,"COL5383F_4":null,"COL5383F_5":null,"COL5383F_6":null,"COL5383F_7":null,"COL5383F_8":null,"COL5383F_9":null,"COL5383F10":null,"COL5383F11":null,"COL5383F12":null,"COL5383F13":null,"COL5383F14":null,"COL5383F15":null,"COL5383F16":null,"COL5383F17":null,"COL5383F18":null,"COL5383F19":null,"COL5383F20":null,"COL5383F21":null,"COL5383F22":null,"COL5383F23":null,"COL5383F24":null,"COL5383F25":null},"id":231},
{"type":"Feature","geometry":{"type":"Polygon","coordinates":[[[-58.04862843387147,-34.9342611916939],[-58.047419406798326,-34.93511355479146],[-58.0453542944147,-34.933154928420834],[-58.046580288382565,-34.9323028584287],[-58.04862843387147,-34.9342611916939]]]},"properties":{"fid":232,"id":null,"Name":null,"descriptio":null,"timestamp":null,"begin":null,"end":null,"altitudeMo":null,"tessellate":null,"extrude":null,"visibility":null,"drawOrder":null,"icon":null,"COL53838E7":null,"COL5383F8C":null,"COL5383F_1":null,"COL53838_1":null,"COL5383F_2":null,"COL5383F_3":null,"COL5383F_4":null,"COL5383F_5":null,"COL5383F_6":null,"COL5383F_7":null,"COL5383F_8":null,"COL5383F_9":null,"COL5383F10":null,"COL5383F11":null,"COL5383F12":null,"COL5383F13":null,"COL5383F14":null,"COL5383F15":null,"COL5383F16":null,"COL5383F17":null,"COL5383F18":null,"COL5383F19":null,"COL5383F20":null,"COL5383F21":null,"COL5383F22":null,"COL5383F23":null,"COL5383F24":null,"COL5383F25":null},"id":232},
{"type":"Feature","geometry":{"type":"Polygon","coordinates":[[[-58.04533704151119,-34.93316630576036],[-58.0462241126313,-34.934073352953256],[-58.04566585818139,-34.934458310286175],[-58.04473296566113,-34.933573831430394],[-58.04533704151119,-34.93316630576036]]]},"properties":{"fid":233,"id":null,"Name":null,"descriptio":null,"timestamp":null,"begin":null,"end":null,"altitudeMo":null,"tessellate":null,"extrude":null,"visibility":null,"drawOrder":null,"icon":null,"COL53838E7":null,"COL5383F8C":null,"COL5383F_1":null,"COL53838_1":null,"COL5383F_2":null,"COL5383F_3":null,"COL5383F_4":null,"COL5383F_5":null,"COL5383F_6":null,"COL5383F_7":null,"COL5383F_8":null,"COL5383F_9":null,"COL5383F10":null,"COL5383F11":null,"COL5383F12":null,"COL5383F13":null,"COL5383F14":null,"COL5383F15":null,"COL5383F16":null,"COL5383F17":null,"COL5383F18":null,"COL5383F19":null,"COL5383F20":null,"COL5383F21":null,"COL5383F22":null,"COL5383F23":null,"COL5383F24":null,"COL5383F25":null},"id":233},
{"type":"Feature","geometry":{"type":"Polygon","coordinates":[[[-58.04395833596225,-34.933892360170866],[-58.04267520421854,-34.934764460760626],[-58.04168725300519,-34.93393501565335],[-58.04303678612637,-34.93300805129775],[-58.04395833596225,-34.933892360170866]]]},"properties":{"fid":234,"id":null,"Name":null,"descriptio":null,"timestamp":null,"begin":null,"end":null,"altitudeMo":null,"tessellate":null,"extrude":null,"visibility":null,"drawOrder":null,"icon":null,"COL53838E7":null,"COL5383F8C":null,"COL5383F_1":null,"COL53838_1":null,"COL5383F_2":null,"COL5383F_3":null,"COL5383F_4":null,"COL5383F_5":null,"COL5383F_6":null,"COL5383F_7":null,"COL5383F_8":null,"COL5383F_9":null,"COL5383F10":null,"COL5383F11":null,"COL5383F12":null,"COL5383F13":null,"COL5383F14":null,"COL5383F15":null,"COL5383F16":null,"COL5383F17":null,"COL5383F18":null,"COL5383F19":null,"COL5383F20":null,"COL5383F21":null,"COL5383F22":null,"COL5383F23":null,"COL5383F24":null,"COL5383F25":null},"id":234},
{"type":"Feature","geometry":{"type":"Polygon","coordinates":[[[-58.050227997924054,-34.90948845347962],[-58.04991832630482,-34.908583712457435],[-58.05148073920755,-34.908205516010014],[-58.05180717825155,-34.90911984629712],[-58.050227997924054,-34.90948845347962]]]},"properties":{"fid":235,"id":null,"Name":null,"descriptio":null,"timestamp":null,"begin":null,"end":null,"altitudeMo":null,"tessellate":null,"extrude":null,"visibility":null,"drawOrder":null,"icon":null,"COL53838E7":null,"COL5383F8C":null,"COL5383F_1":null,"COL53838_1":null,"COL5383F_2":null,"COL5383F_3":null,"COL5383F_4":null,"COL5383F_5":null,"COL5383F_6":null,"COL5383F_7":null,"COL5383F_8":null,"COL5383F_9":null,"COL5383F10":null,"COL5383F11":null,"COL5383F12":null,"COL5383F13":null,"COL5383F14":null,"COL5383F15":null,"COL5383F16":null,"COL5383F17":null,"COL5383F18":null,"COL5383F19":null,"COL5383F20":null,"COL5383F21":null,"COL5383F22":null,"COL5383F23":null,"COL5383F24":null,"COL5383F25":null},"id":235},
{"type":"Feature","geometry":{"type":"Polygon","coordinates":[[[-58.05304047518977,-34.90782026323967],[-58.05148117976454,-34.90818687497006],[-58.05121693977704,-34.907394754216675],[-58.05277655123801,-34.9070141645843],[-58.05304047518977,-34.90782026323967]]]},"properties":{"fid":236,"id":null,"Name":null,"descriptio":null,"timestamp":null,"begin":null,"end":null,"altitudeMo":null,"tessellate":null,"extrude":null,"visibility":null,"drawOrder":null,"icon":null,"COL53838E7":null,"COL5383F8C":null,"COL5383F_1":null,"COL53838_1":null,"COL5383F_2":null,"COL5383F_3":null,"COL5383F_4":null,"COL5383F_5":null,"COL5383F_6":null,"COL5383F_7":null,"COL5383F_8":null,"COL5383F_9":null,"COL5383F10":null,"COL5383F11":null,"COL5383F12":null,"COL5383F13":null,"COL5383F14":null,"COL5383F15":null,"COL5383F16":null,"COL5383F17":null,"COL5383F18":null,"COL5383F19":null,"COL5383F20":null,"COL5383F21":null,"COL5383F22":null,"COL5383F23":null,"COL5383F24":null,"COL5383F25":null},"id":236},
{"type":"Feature","geometry":{"type":"Polygon","coordinates":[[[-58.07186207003301,-34.922987678824754],[-58.07141234536825,-34.923097090162486],[-58.070738488568054,-34.92202111427992],[-58.0714501178533,-34.92184593325923],[-58.07186207003301,-34.922987678824754]]]},"properties":{"fid":237,"id":null,"Name":null,"descriptio":null,"timestamp":null,"begin":null,"end":null,"altitudeMo":null,"tessellate":null,"extrude":null,"visibility":null,"drawOrder":null,"icon":null,"COL53838E7":null,"COL5383F8C":null,"COL5383F_1":null,"COL53838_1":null,"COL5383F_2":null,"COL5383F_3":null,"COL5383F_4":null,"COL5383F_5":null,"COL5383F_6":null,"COL5383F_7":null,"COL5383F_8":null,"COL5383F_9":null,"COL5383F10":null,"COL5383F11":null,"COL5383F12":null,"COL5383F13":null,"COL5383F14":null,"COL5383F15":null,"COL5383F16":null,"COL5383F17":null,"COL5383F18":null,"COL5383F19":null,"COL5383F20":null,"COL5383F21":null,"COL5383F22":null,"COL5383F23":null,"COL5383F24":null,"COL5383F25":null},"id":237},
{"type":"Feature","geometry":{"type":"Polygon","coordinates":[[[-58.09398051154098,-34.915490516199824],[-58.092381082524106,-34.915880334310145],[-58.09173506942394,-34.91395874353709],[-58.09331204844741,-34.913559256788254],[-58.09398051154098,-34.915490516199824]]]},"properties":{"fid":238,"id":null,"Name":null,"descriptio":null,"timestamp":null,"begin":null,"end":null,"altitudeMo":null,"tessellate":null,"extrude":null,"visibility":null,"drawOrder":null,"icon":null,"COL53838E7":null,"COL5383F8C":null,"COL5383F_1":null,"COL53838_1":null,"COL5383F_2":null,"COL5383F_3":null,"COL5383F_4":null,"COL5383F_5":null,"COL5383F_6":null,"COL5383F_7":null,"COL5383F_8":null,"COL5383F_9":null,"COL5383F10":null,"COL5383F11":null,"COL5383F12":null,"COL5383F13":null,"COL5383F14":null,"COL5383F15":null,"COL5383F16":null,"COL5383F17":null,"COL5383F18":null,"COL5383F19":null,"COL5383F20":null,"COL5383F21":null,"COL5383F22":null,"COL5383F23":null,"COL5383F24":null,"COL5383F25":null},"id":238},
{"type":"Feature","geometry":{"type":"Polygon","coordinates":[[[-58.08647287091287,-34.90341664045586],[-58.08705120213671,-34.90507611767028],[-58.086003927920906,-34.90533468565864],[-58.08542615746971,-34.903651902365475],[-58.08647287091287,-34.90341664045586]]]},"properties":{"fid":239,"id":null,"Name":null,"descriptio":null,"timestamp":null,"begin":null,"end":null,"altitudeMo":null,"tessellate":null,"extrude":null,"visibility":null,"drawOrder":null,"icon":null,"COL53838E7":null,"COL5383F8C":null,"COL5383F_1":null,"COL53838_1":null,"COL5383F_2":null,"COL5383F_3":null,"COL5383F_4":null,"COL5383F_5":null,"COL5383F_6":null,"COL5383F_7":null,"COL5383F_8":null,"COL5383F_9":null,"COL5383F10":null,"COL5383F11":null,"COL5383F12":null,"COL5383F13":null,"COL5383F14":null,"COL5383F15":null,"COL5383F16":null,"COL5383F17":null,"COL5383F18":null,"COL5383F19":null,"COL5383F20":null,"COL5383F21":null,"COL5383F22":null,"COL5383F23":null,"COL5383F24":null,"COL5383F25":null},"id":239},
{"type":"Feature","geometry":{"type":"Polygon","coordinates":[[[-58.08858705235276,-34.902904457147805],[-58.089173261042916,-34.90459202134262],[-58.08814019538773,-34.90484850042736],[-58.08752028131825,-34.90315107696368],[-58.08858705235276,-34.902904457147805]]]},"properties":{"fid":240,"id":null,"Name":null,"descriptio":null,"timestamp":null,"begin":null,"end":null,"altitudeMo":null,"tessellate":null,"extrude":null,"visibility":null,"drawOrder":null,"icon":null,"COL53838E7":null,"COL5383F8C":null,"COL5383F_1":null,"COL53838_1":null,"COL5383F_2":null,"COL5383F_3":null,"COL5383F_4":null,"COL5383F_5":null,"COL5383F_6":null,"COL5383F_7":null,"COL5383F_8":null,"COL5383F_9":null,"COL5383F10":null,"COL5383F11":null,"COL5383F12":null,"COL5383F13":null,"COL5383F14":null,"COL5383F15":null,"COL5383F16":null,"COL5383F17":null,"COL5383F18":null,"COL5383F19":null,"COL5383F20":null,"COL5383F21":null,"COL5383F22":null,"COL5383F23":null,"COL5383F24":null,"COL5383F25":null},"id":240},
{"type":"Feature","geometry":{"type":"Polygon","coordinates":[[[-58.09018027057472,-34.90436076513958],[-58.089181854532725,-34.90458749442919],[-58.08860685142996,-34.902904768619564],[-58.08959697885172,-34.902668589233066],[-58.09018027057472,-34.90436076513958]]]},"properties":{"fid":241,"id":null,"Name":null,"descriptio":null,"timestamp":null,"begin":null,"end":null,"altitudeMo":null,"tessellate":null,"extrude":null,"visibility":null,"drawOrder":null,"icon":null,"COL53838E7":null,"COL5383F8C":null,"COL5383F_1":null,"COL53838_1":null,"COL5383F_2":null,"COL5383F_3":null,"COL5383F_4":null,"COL5383F_5":null,"COL5383F_6":null,"COL5383F_7":null,"COL5383F_8":null,"COL5383F_9":null,"COL5383F10":null,"COL5383F11":null,"COL5383F12":null,"COL5383F13":null,"COL5383F14":null,"COL5383F15":null,"COL5383F16":null,"COL5383F17":null,"COL5383F18":null,"COL5383F19":null,"COL5383F20":null,"COL5383F21":null,"COL5383F22":null,"COL5383F23":null,"COL5383F24":null,"COL5383F25":null},"id":241},
{"type":"Feature","geometry":{"type":"Polygon","coordinates":[[[-58.09066080190258,-34.90242656667937],[-58.091230079681765,-34.9041138556407],[-58.09019174644818,-34.90435395242798],[-58.089613895469554,-34.902671186251],[-58.09066080190258,-34.90242656667937]]]},"properties":{"fid":242,"id":null,"Name":null,"descriptio":null,"timestamp":null,"begin":null,"end":null,"altitudeMo":null,"tessellate":null,"extrude":null,"visibility":null,"drawOrder":null,"icon":null,"COL53838E7":null,"COL5383F8C":null,"COL5383F_1":null,"COL53838_1":null,"COL5383F_2":null,"COL5383F_3":null,"COL5383F_4":null,"COL5383F_5":null,"COL5383F_6":null,"COL5383F_7":null,"COL5383F_8":null,"COL5383F_9":null,"COL5383F10":null,"COL5383F11":null,"COL5383F12":null,"COL5383F13":null,"COL5383F14":null,"COL5383F15":null,"COL5383F16":null,"COL5383F17":null,"COL5383F18":null,"COL5383F19":null,"COL5383F20":null,"COL5383F21":null,"COL5383F22":null,"COL5383F23":null,"COL5383F24":null,"COL5383F25":null},"id":242},
{"type":"Feature","geometry":{"type":"Polygon","coordinates":[[[-58.09153723206863,-34.90502428720097],[-58.09050443713385,-34.90526913551564],[-58.09018862113025,-34.90436672398308],[-58.09123554786853,-34.90412210016421],[-58.09153723206863,-34.90502428720097]]]},"properties":{"fid":243,"id":null,"Name":null,"descriptio":null,"timestamp":null,"begin":null,"end":null,"altitudeMo":null,"tessellate":null,"extrude":null,"visibility":null,"drawOrder":null,"icon":null,"COL53838E7":null,"COL5383F8C":null,"COL5383F_1":null,"COL53838_1":null,"COL5383F_2":null,"COL5383F_3":null,"COL5383F_4":null,"COL5383F_5":null,"COL5383F_6":null,"COL5383F_7":null,"COL5383F_8":null,"COL5383F_9":null,"COL5383F10":null,"COL5383F11":null,"COL5383F12":null,"COL5383F13":null,"COL5383F14":null,"COL5383F15":null,"COL5383F16":null,"COL5383F17":null,"COL5383F18":null,"COL5383F19":null,"COL5383F20":null,"COL5383F21":null,"COL5383F22":null,"COL5383F23":null,"COL5383F24":null,"COL5383F25":null},"id":243},
{"type":"Feature","geometry":{"type":"Polygon","coordinates":[[[-58.08001935322503,-34.90181364854972],[-58.07899516320023,-34.90205387305366],[-58.07828928997241,-34.90004735039057],[-58.079324769831416,-34.89980730985229],[-58.08001935322503,-34.90181364854972]]]},"properties":{"fid":244,"id":null,"Name":null,"descriptio":null,"timestamp":null,"begin":null,"end":null,"altitudeMo":null,"tessellate":null,"extrude":null,"visibility":null,"drawOrder":null,"icon":null,"COL53838E7":null,"COL5383F8C":null,"COL5383F_1":null,"COL53838_1":null,"COL5383F_2":null,"COL5383F_3":null,"COL5383F_4":null,"COL5383F_5":null,"COL5383F_6":null,"COL5383F_7":null,"COL5383F_8":null,"COL5383F_9":null,"COL5383F10":null,"COL5383F11":null,"COL5383F12":null,"COL5383F13":null,"COL5383F14":null,"COL5383F15":null,"COL5383F16":null,"COL5383F17":null,"COL5383F18":null,"COL5383F19":null,"COL5383F20":null,"COL5383F21":null,"COL5383F22":null,"COL5383F23":null,"COL5383F24":null,"COL5383F25":null},"id":244},
{"type":"Feature","geometry":{"type":"Polygon","coordinates":[[[-58.12197911203042,-34.88743533749519],[-58.12045247755169,-34.88863320748451],[-58.118815089895,-34.88724187541078],[-58.120313653671936,-34.886034267353814],[-58.12197911203042,-34.88743533749519]]]},"properties":{"fid":245,"id":null,"Name":null,"descriptio":null,"timestamp":null,"begin":null,"end":null,"altitudeMo":null,"tessellate":null,"extrude":null,"visibility":null,"drawOrder":null,"icon":null,"COL53838E7":null,"COL5383F8C":null,"COL5383F_1":null,"COL53838_1":null,"COL5383F_2":null,"COL5383F_3":null,"COL5383F_4":null,"COL5383F_5":null,"COL5383F_6":null,"COL5383F_7":null,"COL5383F_8":null,"COL5383F_9":null,"COL5383F10":null,"COL5383F11":null,"COL5383F12":null,"COL5383F13":null,"COL5383F14":null,"COL5383F15":null,"COL5383F16":null,"COL5383F17":null,"COL5383F18":null,"COL5383F19":null,"COL5383F20":null,"COL5383F21":null,"COL5383F22":null,"COL5383F23":null,"COL5383F24":null,"COL5383F25":null},"id":245},
{"type":"Feature","geometry":{"type":"Polygon","coordinates":[[[-58.12791575224586,-34.878890365770374],[-58.126524012754196,-34.880013470461456],[-58.125688745301765,-34.87930127473912],[-58.12708576843515,-34.87819457832887],[-58.12791575224586,-34.878890365770374]]]},"properties":{"fid":246,"id":null,"Name":null,"descriptio":null,"timestamp":null,"begin":null,"end":null,"altitudeMo":null,"tessellate":null,"extrude":null,"visibility":null,"drawOrder":null,"icon":null,"COL53838E7":null,"COL5383F8C":null,"COL5383F_1":null,"COL53838_1":null,"COL5383F_2":null,"COL5383F_3":null,"COL5383F_4":null,"COL5383F_5":null,"COL5383F_6":null,"COL5383F_7":null,"COL5383F_8":null,"COL5383F_9":null,"COL5383F10":null,"COL5383F11":null,"COL5383F12":null,"COL5383F13":null,"COL5383F14":null,"COL5383F15":null,"COL5383F16":null,"COL5383F17":null,"COL5383F18":null,"COL5383F19":null,"COL5383F20":null,"COL5383F21":null,"COL5383F22":null,"COL5383F23":null,"COL5383F24":null,"COL5383F25":null},"id":246},
{"type":"Feature","geometry":{"type":"Polygon","coordinates":[[[-58.12875936027483,-34.879609668053774],[-58.127364791478584,-34.880732738692195],[-58.126526681789315,-34.88002050477885],[-58.12792669300372,-34.87890685170649],[-58.12875936027483,-34.879609668053774]]]},"properties":{"fid":247,"id":null,"Name":null,"descriptio":null,"timestamp":null,"begin":null,"end":null,"altitudeMo":null,"tessellate":null,"extrude":null,"visibility":null,"drawOrder":null,"icon":null,"COL53838E7":null,"COL5383F8C":null,"COL5383F_1":null,"COL53838_1":null,"COL5383F_2":null,"COL5383F_3":null,"COL5383F_4":null,"COL5383F_5":null,"COL5383F_6":null,"COL5383F_7":null,"COL5383F_8":null,"COL5383F_9":null,"COL5383F10":null,"COL5383F11":null,"COL5383F12":null,"COL5383F13":null,"COL5383F14":null,"COL5383F15":null,"COL5383F16":null,"COL5383F17":null,"COL5383F18":null,"COL5383F19":null,"COL5383F20":null,"COL5383F21":null,"COL5383F22":null,"COL5383F23":null,"COL5383F24":null,"COL5383F25":null},"id":247},
{"type":"Feature","geometry":{"type":"Polygon","coordinates":[[[-58.13039101609954,-34.87925714673679],[-58.129345338158316,-34.88008956256417],[-58.12824936692588,-34.87914725842256],[-58.12927760179672,-34.878335562968154],[-58.13039101609954,-34.87925714673679]]]},"properties":{"fid":248,"id":null,"Name":null,"descriptio":null,"timestamp":null,"begin":null,"end":null,"altitudeMo":null,"tessellate":null,"extrude":null,"visibility":null,"drawOrder":null,"icon":null,"COL53838E7":null,"COL5383F8C":null,"COL5383F_1":null,"COL53838_1":null,"COL5383F_2":null,"COL5383F_3":null,"COL5383F_4":null,"COL5383F_5":null,"COL5383F_6":null,"COL5383F_7":null,"COL5383F_8":null,"COL5383F_9":null,"COL5383F10":null,"COL5383F11":null,"COL5383F12":null,"COL5383F13":null,"COL5383F14":null,"COL5383F15":null,"COL5383F16":null,"COL5383F17":null,"COL5383F18":null,"COL5383F19":null,"COL5383F20":null,"COL5383F21":null,"COL5383F22":null,"COL5383F23":null,"COL5383F24":null,"COL5383F25":null},"id":248},
{"type":"Feature","geometry":{"type":"Polygon","coordinates":[[[-58.102691690455714,-34.8598508122837],[-58.101914159851454,-34.860458735164414],[-58.10118496018794,-34.85982495640568],[-58.10194264744583,-34.85921905936891],[-58.102691690455714,-34.8598508122837]]]},"properties":{"fid":249,"id":null,"Name":null,"descriptio":null,"timestamp":null,"begin":null,"end":null,"altitudeMo":null,"tessellate":null,"extrude":null,"visibility":null,"drawOrder":null,"icon":null,"COL53838E7":null,"COL5383F8C":null,"COL5383F_1":null,"COL53838_1":null,"COL5383F_2":null,"COL5383F_3":null,"COL5383F_4":null,"COL5383F_5":null,"COL5383F_6":null,"COL5383F_7":null,"COL5383F_8":null,"COL5383F_9":null,"COL5383F10":null,"COL5383F11":null,"COL5383F12":null,"COL5383F13":null,"COL5383F14":null,"COL5383F15":null,"COL5383F16":null,"COL5383F17":null,"COL5383F18":null,"COL5383F19":null,"COL5383F20":null,"COL5383F21":null,"COL5383F22":null,"COL5383F23":null,"COL5383F24":null,"COL5383F25":null},"id":249},
{"type":"Feature","geometry":{"type":"Polygon","coordinates":[[[-58.12163644267324,-34.868930775857045],[-58.12283058037082,-34.869900295338276],[-58.121051982598544,-34.87124813995016],[-58.11994705034755,-34.8703359283695],[-58.12163644267324,-34.868930775857045]]]},"properties":{"fid":250,"id":null,"Name":null,"descriptio":null,"timestamp":null,"begin":null,"end":null,"altitudeMo":null,"tessellate":null,"extrude":null,"visibility":null,"drawOrder":null,"icon":null,"COL53838E7":null,"COL5383F8C":null,"COL5383F_1":null,"COL53838_1":null,"COL5383F_2":null,"COL5383F_3":null,"COL5383F_4":null,"COL5383F_5":null,"COL5383F_6":null,"COL5383F_7":null,"COL5383F_8":null,"COL5383F_9":null,"COL5383F10":null,"COL5383F11":null,"COL5383F12":null,"COL5383F13":null,"COL5383F14":null,"COL5383F15":null,"COL5383F16":null,"COL5383F17":null,"COL5383F18":null,"COL5383F19":null,"COL5383F20":null,"COL5383F21":null,"COL5383F22":null,"COL5383F23":null,"COL5383F24":null,"COL5383F25":null},"id":250},
{"type":"Feature","geometry":{"type":"Polygon","coordinates":[[[-58.12757062770267,-34.870910491181725],[-58.12581385476204,-34.872296039433934],[-58.12508629236975,-34.87170205381732],[-58.126893111029524,-34.87035458415754],[-58.12757062770267,-34.870910491181725]]]},"properties":{"fid":251,"id":null,"Name":null,"descriptio":null,"timestamp":null,"begin":null,"end":null,"altitudeMo":null,"tessellate":null,"extrude":null,"visibility":null,"drawOrder":null,"icon":null,"COL53838E7":null,"COL5383F8C":null,"COL5383F_1":null,"COL53838_1":null,"COL5383F_2":null,"COL5383F_3":null,"COL5383F_4":null,"COL5383F_5":null,"COL5383F_6":null,"COL5383F_7":null,"COL5383F_8":null,"COL5383F_9":null,"COL5383F10":null,"COL5383F11":null,"COL5383F12":null,"COL5383F13":null,"COL5383F14":null,"COL5383F15":null,"COL5383F16":null,"COL5383F17":null,"COL5383F18":null,"COL5383F19":null,"COL5383F20":null,"COL5383F21":null,"COL5383F22":null,"COL5383F23":null,"COL5383F24":null,"COL5383F25":null},"id":251},
{"type":"Feature","geometry":{"type":"Polygon","coordinates":[[[-58.14287312082413,-34.88344512635881],[-58.141554923571675,-34.88444831314347],[-58.141035556338394,-34.88402077850457],[-58.14231489709276,-34.882984368455894],[-58.14287312082413,-34.88344512635881]]]},"properties":{"fid":252,"id":null,"Name":null,"descriptio":null,"timestamp":null,"begin":null,"end":null,"altitudeMo":null,"tessellate":null,"extrude":null,"visibility":null,"drawOrder":null,"icon":null,"COL53838E7":null,"COL5383F8C":null,"COL5383F_1":null,"COL53838_1":null,"COL5383F_2":null,"COL5383F_3":null,"COL5383F_4":null,"COL5383F_5":null,"COL5383F_6":null,"COL5383F_7":null,"COL5383F_8":null,"COL5383F_9":null,"COL5383F10":null,"COL5383F11":null,"COL5383F12":null,"COL5383F13":null,"COL5383F14":null,"COL5383F15":null,"COL5383F16":null,"COL5383F17":null,"COL5383F18":null,"COL5383F19":null,"COL5383F20":null,"COL5383F21":null,"COL5383F22":null,"COL5383F23":null,"COL5383F24":null,"COL5383F25":null},"id":252},
{"type":"Feature","geometry":{"type":"Polygon","coordinates":[[[-58.14192860912467,-34.88481301074386],[-58.14068572654494,-34.8851086956674],[-58.1396585730132,-34.884242138846254],[-58.140499804887206,-34.88356734932198],[-58.14192860912467,-34.88481301074386]]]},"properties":{"fid":253,"id":null,"Name":null,"descriptio":null,"timestamp":null,"begin":null,"end":null,"altitudeMo":null,"tessellate":null,"extrude":null,"visibility":null,"drawOrder":null,"icon":null,"COL53838E7":null,"COL5383F8C":null,"COL5383F_1":null,"COL53838_1":null,"COL5383F_2":null,"COL5383F_3":null,"COL5383F_4":null,"COL5383F_5":null,"COL5383F_6":null,"COL5383F_7":null,"COL5383F_8":null,"COL5383F_9":null,"COL5383F10":null,"COL5383F11":null,"COL5383F12":null,"COL5383F13":null,"COL5383F14":null,"COL5383F15":null,"COL5383F16":null,"COL5383F17":null,"COL5383F18":null,"COL5383F19":null,"COL5383F20":null,"COL5383F21":null,"COL5383F22":null,"COL5383F23":null,"COL5383F24":null,"COL5383F25":null},"id":253},
{"type":"Feature","geometry":{"type":"Polygon","coordinates":[[[-58.15901347187956,-34.90529503234664],[-58.15801206832342,-34.90629619868996],[-58.154709681301725,-34.90339752908166],[-58.155832936737035,-34.90251479233755],[-58.15901347187956,-34.90529503234664]]]},"properties":{"fid":254,"id":null,"Name":null,"descriptio":null,"timestamp":null,"begin":null,"end":null,"altitudeMo":null,"tessellate":null,"extrude":null,"visibility":null,"drawOrder":null,"icon":null,"COL53838E7":null,"COL5383F8C":null,"COL5383F_1":null,"COL53838_1":null,"COL5383F_2":null,"COL5383F_3":null,"COL5383F_4":null,"COL5383F_5":null,"COL5383F_6":null,"COL5383F_7":null,"COL5383F_8":null,"COL5383F_9":null,"COL5383F10":null,"COL5383F11":null,"COL5383F12":null,"COL5383F13":null,"COL5383F14":null,"COL5383F15":null,"COL5383F16":null,"COL5383F17":null,"COL5383F18":null,"COL5383F19":null,"COL5383F20":null,"COL5383F21":null,"COL5383F22":null,"COL5383F23":null,"COL5383F24":null,"COL5383F25":null},"id":254},
{"type":"Feature","geometry":{"type":"Polygon","coordinates":[[[-58.094695042081234,-34.95214077621595],[-58.09297147783133,-34.953213959561126],[-58.089897344494084,-34.9501399798026],[-58.09144294593464,-34.948926512193786],[-58.094695042081234,-34.95214077621595]]]},"properties":{"fid":255,"id":null,"Name":null,"descriptio":null,"timestamp":null,"begin":null,"end":null,"altitudeMo":null,"tessellate":null,"extrude":null,"visibility":null,"drawOrder":null,"icon":null,"COL53838E7":null,"COL5383F8C":null,"COL5383F_1":null,"COL53838_1":null,"COL5383F_2":null,"COL5383F_3":null,"COL5383F_4":null,"COL5383F_5":null,"COL5383F_6":null,"COL5383F_7":null,"COL5383F_8":null,"COL5383F_9":null,"COL5383F10":null,"COL5383F11":null,"COL5383F12":null,"COL5383F13":null,"COL5383F14":null,"COL5383F15":null,"COL5383F16":null,"COL5383F17":null,"COL5383F18":null,"COL5383F19":null,"COL5383F20":null,"COL5383F21":null,"COL5383F22":null,"COL5383F23":null,"COL5383F24":null,"COL5383F25":null},"id":255},
{"type":"Feature","geometry":{"type":"Polygon","coordinates":[[[-58.10045590777401,-34.96124275729241],[-58.098864636578874,-34.96246727589726],[-58.098137695103276,-34.96182185401481],[-58.0997317403547,-34.960599719240896],[-58.10045590777401,-34.96124275729241]]]},"properties":{"fid":256,"id":null,"Name":null,"descriptio":null,"timestamp":null,"begin":null,"end":null,"altitudeMo":null,"tessellate":null,"extrude":null,"visibility":null,"drawOrder":null,"icon":null,"COL53838E7":null,"COL5383F8C":null,"COL5383F_1":null,"COL53838_1":null,"COL5383F_2":null,"COL5383F_3":null,"COL5383F_4":null,"COL5383F_5":null,"COL5383F_6":null,"COL5383F_7":null,"COL5383F_8":null,"COL5383F_9":null,"COL5383F10":null,"COL5383F11":null,"COL5383F12":null,"COL5383F13":null,"COL5383F14":null,"COL5383F15":null,"COL5383F16":null,"COL5383F17":null,"COL5383F18":null,"COL5383F19":null,"COL5383F20":null,"COL5383F21":null,"COL5383F22":null,"COL5383F23":null,"COL5383F24":null,"COL5383F25":null},"id":256},
{"type":"Feature","geometry":{"type":"Polygon","coordinates":[[[-58.06622958535696,-34.971338797953386],[-58.06253926423316,-34.97412377200322],[-58.06083128653292,-34.97257669043347],[-58.06450917171166,-34.969838189239326],[-58.06622958535696,-34.971338797953386]]]},"properties":{"fid":257,"id":null,"Name":null,"descriptio":null,"timestamp":null,"begin":null,"end":null,"altitudeMo":null,"tessellate":null,"extrude":null,"visibility":null,"drawOrder":null,"icon":null,"COL53838E7":null,"COL5383F8C":null,"COL5383F_1":null,"COL53838_1":null,"COL5383F_2":null,"COL5383F_3":null,"COL5383F_4":null,"COL5383F_5":null,"COL5383F_6":null,"COL5383F_7":null,"COL5383F_8":null,"COL5383F_9":null,"COL5383F10":null,"COL5383F11":null,"COL5383F12":null,"COL5383F13":null,"COL5383F14":null,"COL5383F15":null,"COL5383F16":null,"COL5383F17":null,"COL5383F18":null,"COL5383F19":null,"COL5383F20":null,"COL5383F21":null,"COL5383F22":null,"COL5383F23":null,"COL5383F24":null,"COL5383F25":null},"id":257},
{"type":"Feature","geometry":{"type":"Polygon","coordinates":[[[-58.12363782154438,-35.06514209122744],[-58.12359573223084,-35.065989921435026],[-58.12093107439385,-35.06795330881643],[-58.1193569799736,-35.066371802178956],[-58.12250478688012,-35.0641082396328],[-58.12363782154438,-35.06514209122744]]]},"properties":{"fid":258,"id":null,"Name":null,"descriptio":null,"timestamp":null,"begin":null,"end":null,"altitudeMo":null,"tessellate":null,"extrude":null,"visibility":null,"drawOrder":null,"icon":null,"COL53838E7":null,"COL5383F8C":null,"COL5383F_1":null,"COL53838_1":null,"COL5383F_2":null,"COL5383F_3":null,"COL5383F_4":null,"COL5383F_5":null,"COL5383F_6":null,"COL5383F_7":null,"COL5383F_8":null,"COL5383F_9":null,"COL5383F10":null,"COL5383F11":null,"COL5383F12":null,"COL5383F13":null,"COL5383F14":null,"COL5383F15":null,"COL5383F16":null,"COL5383F17":null,"COL5383F18":null,"COL5383F19":null,"COL5383F20":null,"COL5383F21":null,"COL5383F22":null,"COL5383F23":null,"COL5383F24":null,"COL5383F25":null},"id":258},
{"type":"Feature","geometry":{"type":"Polygon","coordinates":[[[-58.11916682146722,-35.064033199320995],[-58.1178462548808,-35.06499638654513],[-58.11646562386998,-35.063636959443485],[-58.11779110227242,-35.062706497112835],[-58.11916682146722,-35.064033199320995]]]},"properties":{"fid":259,"id":null,"Name":null,"descriptio":null,"timestamp":null,"begin":null,"end":null,"altitudeMo":null,"tessellate":null,"extrude":null,"visibility":null,"drawOrder":null,"icon":null,"COL53838E7":null,"COL5383F8C":null,"COL5383F_1":null,"COL53838_1":null,"COL5383F_2":null,"COL5383F_3":null,"COL5383F_4":null,"COL5383F_5":null,"COL5383F_6":null,"COL5383F_7":null,"COL5383F_8":null,"COL5383F_9":null,"COL5383F10":null,"COL5383F11":null,"COL5383F12":null,"COL5383F13":null,"COL5383F14":null,"COL5383F15":null,"COL5383F16":null,"COL5383F17":null,"COL5383F18":null,"COL5383F19":null,"COL5383F20":null,"COL5383F21":null,"COL5383F22":null,"COL5383F23":null,"COL5383F24":null,"COL5383F25":null},"id":259},
{"type":"Feature","geometry":{"type":"Polygon","coordinates":[[[-58.10434845264687,-35.052613703468246],[-58.1063521405166,-35.054472503095035],[-58.1049564047294,-35.05549964504842],[-58.104252478809585,-35.054803332334195],[-58.103999019095575,-35.054976524906856],[-58.102756479208175,-35.053791597981714],[-58.10434845264687,-35.052613703468246]]]},"properties":{"fid":260,"id":null,"Name":null,"descriptio":null,"timestamp":null,"begin":null,"end":null,"altitudeMo":null,"tessellate":null,"extrude":null,"visibility":null,"drawOrder":null,"icon":null,"COL53838E7":null,"COL5383F8C":null,"COL5383F_1":null,"COL53838_1":null,"COL5383F_2":null,"COL5383F_3":null,"COL5383F_4":null,"COL5383F_5":null,"COL5383F_6":null,"COL5383F_7":null,"COL5383F_8":null,"COL5383F_9":null,"COL5383F10":null,"COL5383F11":null,"COL5383F12":null,"COL5383F13":null,"COL5383F14":null,"COL5383F15":null,"COL5383F16":null,"COL5383F17":null,"COL5383F18":null,"COL5383F19":null,"COL5383F20":null,"COL5383F21":null,"COL5383F22":null,"COL5383F23":null,"COL5383F24":null,"COL5383F25":null},"id":260},
{"type":"Feature","geometry":{"type":"Polygon","coordinates":[[[-58.0880493608818,-35.05224594284845],[-58.08564852736227,-35.054063527983374],[-58.08420486909355,-35.05276335317068],[-58.08656580692044,-35.05095449066623],[-58.0880493608818,-35.05224594284845]]]},"properties":{"fid":261,"id":null,"Name":null,"descriptio":null,"timestamp":null,"begin":null,"end":null,"altitudeMo":null,"tessellate":null,"extrude":null,"visibility":null,"drawOrder":null,"icon":null,"COL53838E7":null,"COL5383F8C":null,"COL5383F_1":null,"COL53838_1":null,"COL5383F_2":null,"COL5383F_3":null,"COL5383F_4":null,"COL5383F_5":null,"COL5383F_6":null,"COL5383F_7":null,"COL5383F_8":null,"COL5383F_9":null,"COL5383F10":null,"COL5383F11":null,"COL5383F12":null,"COL5383F13":null,"COL5383F14":null,"COL5383F15":null,"COL5383F16":null,"COL5383F17":null,"COL5383F18":null,"COL5383F19":null,"COL5383F20":null,"COL5383F21":null,"COL5383F22":null,"COL5383F23":null,"COL5383F24":null,"COL5383F25":null},"id":261},
{"type":"Feature","geometry":{"type":"Polygon","coordinates":[[[-58.09160612550065,-34.8416011520103],[-58.09035324580322,-34.84259549079419],[-58.08916542904621,-34.84163042243176],[-58.089971938025634,-34.84074330674524],[-58.09078898784798,-34.84135755023563],[-58.091032051028165,-34.84111660561583],[-58.09160612550065,-34.8416011520103]]]},"properties":{"fid":262,"id":null,"Name":null,"descriptio":null,"timestamp":null,"begin":null,"end":null,"altitudeMo":null,"tessellate":null,"extrude":null,"visibility":null,"drawOrder":null,"icon":null,"COL53838E7":null,"COL5383F8C":null,"COL5383F_1":null,"COL53838_1":null,"COL5383F_2":null,"COL5383F_3":null,"COL5383F_4":null,"COL5383F_5":null,"COL5383F_6":null,"COL5383F_7":null,"COL5383F_8":null,"COL5383F_9":null,"COL5383F10":null,"COL5383F11":null,"COL5383F12":null,"COL5383F13":null,"COL5383F14":null,"COL5383F15":null,"COL5383F16":null,"COL5383F17":null,"COL5383F18":null,"COL5383F19":null,"COL5383F20":null,"COL5383F21":null,"COL5383F22":null,"COL5383F23":null,"COL5383F24":null,"COL5383F25":null},"id":262},
{"type":"Feature","geometry":{"type":"Polygon","coordinates":[[[-58.10421497589749,-34.854719446991965],[-58.103455430093504,-34.855285702628464],[-58.10278450118841,-34.85470179472067],[-58.1034932705259,-34.85413008904345],[-58.10421497589749,-34.854719446991965]]]},"properties":{"fid":263,"id":null,"Name":null,"descriptio":null,"timestamp":null,"begin":null,"end":null,"altitudeMo":null,"tessellate":null,"extrude":null,"visibility":null,"drawOrder":null,"icon":null,"COL53838E7":null,"COL5383F8C":null,"COL5383F_1":null,"COL53838_1":null,"COL5383F_2":null,"COL5383F_3":null,"COL5383F_4":null,"COL5383F_5":null,"COL5383F_6":null,"COL5383F_7":null,"COL5383F_8":null,"COL5383F_9":null,"COL5383F10":null,"COL5383F11":null,"COL5383F12":null,"COL5383F13":null,"COL5383F14":null,"COL5383F15":null,"COL5383F16":null,"COL5383F17":null,"COL5383F18":null,"COL5383F19":null,"COL5383F20":null,"COL5383F21":null,"COL5383F22":null,"COL5383F23":null,"COL5383F24":null,"COL5383F25":null},"id":263},
{"type":"Feature","geometry":{"type":"Polygon","coordinates":[[[-58.10633503905638,-34.856235039923114],[-58.10461142257011,-34.857653434923094],[-58.104240209782525,-34.857316636983555],[-58.10594643652506,-34.855916624706765],[-58.10633503905638,-34.856235039923114]]]},"properties":{"fid":264,"id":null,"Name":null,"descriptio":null,"timestamp":null,"begin":null,"end":null,"altitudeMo":null,"tessellate":null,"extrude":null,"visibility":null,"drawOrder":null,"icon":null,"COL53838E7":null,"COL5383F8C":null,"COL5383F_1":null,"COL53838_1":null,"COL5383F_2":null,"COL5383F_3":null,"COL5383F_4":null,"COL5383F_5":null,"COL5383F_6":null,"COL5383F_7":null,"COL5383F_8":null,"COL5383F_9":null,"COL5383F10":null,"COL5383F11":null,"COL5383F12":null,"COL5383F13":null,"COL5383F14":null,"COL5383F15":null,"COL5383F16":null,"COL5383F17":null,"COL5383F18":null,"COL5383F19":null,"COL5383F20":null,"COL5383F21":null,"COL5383F22":null,"COL5383F23":null,"COL5383F24":null,"COL5383F25":null},"id":264},
{"type":"Feature","geometry":{"type":"Polygon","coordinates":[[[-58.16945932625036,-34.91235049031451],[-58.16832408328422,-34.913263475199095],[-58.16754067557626,-34.91260595604215],[-58.1687095015918,-34.91170980207622],[-58.16945932625036,-34.91235049031451]]]},"properties":{"fid":265,"id":null,"Name":null,"descriptio":null,"timestamp":null,"begin":null,"end":null,"altitudeMo":null,"tessellate":null,"extrude":null,"visibility":null,"drawOrder":null,"icon":null,"COL53838E7":null,"COL5383F8C":null,"COL5383F_1":null,"COL53838_1":null,"COL5383F_2":null,"COL5383F_3":null,"COL5383F_4":null,"COL5383F_5":null,"COL5383F_6":null,"COL5383F_7":null,"COL5383F_8":null,"COL5383F_9":null,"COL5383F10":null,"COL5383F11":null,"COL5383F12":null,"COL5383F13":null,"COL5383F14":null,"COL5383F15":null,"COL5383F16":null,"COL5383F17":null,"COL5383F18":null,"COL5383F19":null,"COL5383F20":null,"COL5383F21":null,"COL5383F22":null,"COL5383F23":null,"COL5383F24":null,"COL5383F25":null},"id":265},
{"type":"Feature","geometry":{"type":"Polygon","coordinates":[[[-58.188265652008965,-34.93851893770787],[-58.187136356987686,-34.9394112017752],[-58.18471413442694,-34.93731435996914],[-58.18584311692475,-34.93643609985726],[-58.188265652008965,-34.93851893770787]]]},"properties":{"fid":266,"id":null,"Name":null,"descriptio":null,"timestamp":null,"begin":null,"end":null,"altitudeMo":null,"tessellate":null,"extrude":null,"visibility":null,"drawOrder":null,"icon":null,"COL53838E7":null,"COL5383F8C":null,"COL5383F_1":null,"COL53838_1":null,"COL5383F_2":null,"COL5383F_3":null,"COL5383F_4":null,"COL5383F_5":null,"COL5383F_6":null,"COL5383F_7":null,"COL5383F_8":null,"COL5383F_9":null,"COL5383F10":null,"COL5383F11":null,"COL5383F12":null,"COL5383F13":null,"COL5383F14":null,"COL5383F15":null,"COL5383F16":null,"COL5383F17":null,"COL5383F18":null,"COL5383F19":null,"COL5383F20":null,"COL5383F21":null,"COL5383F22":null,"COL5383F23":null,"COL5383F24":null,"COL5383F25":null},"id":266},
{"type":"Feature","geometry":{"type":"Polygon","coordinates":[[[-58.101037239337074,-34.86243692479253],[-58.100274450473904,-34.86301709399487],[-58.099531321338006,-34.86237376348802],[-58.10028605667684,-34.86177482461548],[-58.101037239337074,-34.86243692479253]]]},"properties":{"fid":267,"id":null,"Name":null,"descriptio":null,"timestamp":null,"begin":null,"end":null,"altitudeMo":null,"tessellate":null,"extrude":null,"visibility":null,"drawOrder":null,"icon":null,"COL53838E7":null,"COL5383F8C":null,"COL5383F_1":null,"COL53838_1":null,"COL5383F_2":null,"COL5383F_3":null,"COL5383F_4":null,"COL5383F_5":null,"COL5383F_6":null,"COL5383F_7":null,"COL5383F_8":null,"COL5383F_9":null,"COL5383F10":null,"COL5383F11":null,"COL5383F12":null,"COL5383F13":null,"COL5383F14":null,"COL5383F15":null,"COL5383F16":null,"COL5383F17":null,"COL5383F18":null,"COL5383F19":null,"COL5383F20":null,"COL5383F21":null,"COL5383F22":null,"COL5383F23":null,"COL5383F24":null,"COL5383F25":null},"id":267},
{"type":"Feature","geometry":{"type":"Polygon","coordinates":[[[-58.08795889897936,-34.84043660526686],[-58.087307214069114,-34.84098580900981],[-58.08633505129003,-34.840233900466934],[-58.08704304598826,-34.839694911965715],[-58.08795889897936,-34.84043660526686]]]},"properties":{"fid":268,"id":null,"Name":null,"descriptio":null,"timestamp":null,"begin":null,"end":null,"altitudeMo":null,"tessellate":null,"extrude":null,"visibility":null,"drawOrder":null,"icon":null,"COL53838E7":null,"COL5383F8C":null,"COL5383F_1":null,"COL53838_1":null,"COL5383F_2":null,"COL5383F_3":null,"COL5383F_4":null,"COL5383F_5":null,"COL5383F_6":null,"COL5383F_7":null,"COL5383F_8":null,"COL5383F_9":null,"COL5383F10":null,"COL5383F11":null,"COL5383F12":null,"COL5383F13":null,"COL5383F14":null,"COL5383F15":null,"COL5383F16":null,"COL5383F17":null,"COL5383F18":null,"COL5383F19":null,"COL5383F20":null,"COL5383F21":null,"COL5383F22":null,"COL5383F23":null,"COL5383F24":null,"COL5383F25":null},"id":268},
{"type":"Feature","geometry":{"type":"Polygon","coordinates":[[[-58.12667984878568,-34.90099653103346],[-58.12370817036294,-34.90302065048043],[-58.122270279768784,-34.90180027839137],[-58.12523105663787,-34.89975737703379],[-58.12667984878568,-34.90099653103346]]]},"properties":{"fid":269,"id":null,"Name":null,"descriptio":null,"timestamp":null,"begin":null,"end":null,"altitudeMo":null,"tessellate":null,"extrude":null,"visibility":null,"drawOrder":null,"icon":null,"COL53838E7":null,"COL5383F8C":null,"COL5383F_1":null,"COL53838_1":null,"COL5383F_2":null,"COL5383F_3":null,"COL5383F_4":null,"COL5383F_5":null,"COL5383F_6":null,"COL5383F_7":null,"COL5383F_8":null,"COL5383F_9":null,"COL5383F10":null,"COL5383F11":null,"COL5383F12":null,"COL5383F13":null,"COL5383F14":null,"COL5383F15":null,"COL5383F16":null,"COL5383F17":null,"COL5383F18":null,"COL5383F19":null,"COL5383F20":null,"COL5383F21":null,"COL5383F22":null,"COL5383F23":null,"COL5383F24":null,"COL5383F25":null},"id":269},
{"type":"Feature","geometry":{"type":"Polygon","coordinates":[[[-58.14979942221182,-34.94245659583141],[-58.1492395284713,-34.94293292226357],[-58.148995839193084,-34.94269144141846],[-58.14841382395323,-34.9431441162791],[-58.14663834240065,-34.94153192159566],[-58.14777898920296,-34.94065886374411],[-58.14979942221182,-34.94245659583141]]]},"properties":{"fid":270,"id":null,"Name":null,"descriptio":null,"timestamp":null,"begin":null,"end":null,"altitudeMo":null,"tessellate":null,"extrude":null,"visibility":null,"drawOrder":null,"icon":null,"COL53838E7":null,"COL5383F8C":null,"COL5383F_1":null,"COL53838_1":null,"COL5383F_2":null,"COL5383F_3":null,"COL5383F_4":null,"COL5383F_5":null,"COL5383F_6":null,"COL5383F_7":null,"COL5383F_8":null,"COL5383F_9":null,"COL5383F10":null,"COL5383F11":null,"COL5383F12":null,"COL5383F13":null,"COL5383F14":null,"COL5383F15":null,"COL5383F16":null,"COL5383F17":null,"COL5383F18":null,"COL5383F19":null,"COL5383F20":null,"COL5383F21":null,"COL5383F22":null,"COL5383F23":null,"COL5383F24":null,"COL5383F25":null},"id":270},
{"type":"Feature","geometry":{"type":"Polygon","coordinates":[[[-58.147590020214025,-34.94050213242264],[-58.146461112760825,-34.94135671932165],[-58.14563942834885,-34.940635537558286],[-58.14678049195963,-34.93974384693744],[-58.147590020214025,-34.94050213242264]]]},"properties":{"fid":271,"id":null,"Name":null,"descriptio":null,"timestamp":null,"begin":null,"end":null,"altitudeMo":null,"tessellate":null,"extrude":null,"visibility":null,"drawOrder":null,"icon":null,"COL53838E7":null,"COL5383F8C":null,"COL5383F_1":null,"COL53838_1":null,"COL5383F_2":null,"COL5383F_3":null,"COL5383F_4":null,"COL5383F_5":null,"COL5383F_6":null,"COL5383F_7":null,"COL5383F_8":null,"COL5383F_9":null,"COL5383F10":null,"COL5383F11":null,"COL5383F12":null,"COL5383F13":null,"COL5383F14":null,"COL5383F15":null,"COL5383F16":null,"COL5383F17":null,"COL5383F18":null,"COL5383F19":null,"COL5383F20":null,"COL5383F21":null,"COL5383F22":null,"COL5383F23":null,"COL5383F24":null,"COL5383F25":null},"id":271},
{"type":"Feature","geometry":{"type":"Polygon","coordinates":[[[-58.145247218846585,-34.93467139180937],[-58.14178210906843,-34.93720122507048],[-58.139850740104734,-34.93548398263668],[-58.143281246943815,-34.93298164728843],[-58.145247218846585,-34.93467139180937]]]},"properties":{"fid":272,"id":null,"Name":null,"descriptio":null,"timestamp":null,"begin":null,"end":null,"altitudeMo":null,"tessellate":null,"extrude":null,"visibility":null,"drawOrder":null,"icon":null,"COL53838E7":null,"COL5383F8C":null,"COL5383F_1":null,"COL53838_1":null,"COL5383F_2":null,"COL5383F_3":null,"COL5383F_4":null,"COL5383F_5":null,"COL5383F_6":null,"COL5383F_7":null,"COL5383F_8":null,"COL5383F_9":null,"COL5383F10":null,"COL5383F11":null,"COL5383F12":null,"COL5383F13":null,"COL5383F14":null,"COL5383F15":null,"COL5383F16":null,"COL5383F17":null,"COL5383F18":null,"COL5383F19":null,"COL5383F20":null,"COL5383F21":null,"COL5383F22":null,"COL5383F23":null,"COL5383F24":null,"COL5383F25":null},"id":272},
{"type":"Feature","geometry":{"type":"Polygon","coordinates":[[[-58.08786230931186,-34.890167935947225],[-58.08557497207868,-34.89071934382634],[-58.0850524829202,-34.88934046253132],[-58.08735066416911,-34.88880788277553],[-58.08786230931186,-34.890167935947225]]]},"properties":{"fid":273,"id":null,"Name":null,"descriptio":null,"timestamp":null,"begin":null,"end":null,"altitudeMo":null,"tessellate":null,"extrude":null,"visibility":null,"drawOrder":null,"icon":null,"COL53838E7":null,"COL5383F8C":null,"COL5383F_1":null,"COL53838_1":null,"COL5383F_2":null,"COL5383F_3":null,"COL5383F_4":null,"COL5383F_5":null,"COL5383F_6":null,"COL5383F_7":null,"COL5383F_8":null,"COL5383F_9":null,"COL5383F10":null,"COL5383F11":null,"COL5383F12":null,"COL5383F13":null,"COL5383F14":null,"COL5383F15":null,"COL5383F16":null,"COL5383F17":null,"COL5383F18":null,"COL5383F19":null,"COL5383F20":null,"COL5383F21":null,"COL5383F22":null,"COL5383F23":null,"COL5383F24":null,"COL5383F25":null},"id":273},
{"type":"Feature","geometry":{"type":"Polygon","coordinates":[[[-58.085507099674,-34.890718274540376],[-58.084443145835095,-34.89097190772245],[-58.083708264075305,-34.888750500182894],[-58.08473259972957,-34.888496248518784],[-58.085507099674,-34.890718274540376]]]},"properties":{"fid":274,"id":null,"Name":null,"descriptio":null,"timestamp":null,"begin":null,"end":null,"altitudeMo":null,"tessellate":null,"extrude":null,"visibility":null,"drawOrder":null,"icon":null,"COL53838E7":null,"COL5383F8C":null,"COL5383F_1":null,"COL53838_1":null,"COL5383F_2":null,"COL5383F_3":null,"COL5383F_4":null,"COL5383F_5":null,"COL5383F_6":null,"COL5383F_7":null,"COL5383F_8":null,"COL5383F_9":null,"COL5383F10":null,"COL5383F11":null,"COL5383F12":null,"COL5383F13":null,"COL5383F14":null,"COL5383F15":null,"COL5383F16":null,"COL5383F17":null,"COL5383F18":null,"COL5383F19":null,"COL5383F20":null,"COL5383F21":null,"COL5383F22":null,"COL5383F23":null,"COL5383F24":null,"COL5383F25":null},"id":274},
{"type":"Feature","geometry":{"type":"Polygon","coordinates":[[[-58.09121583397349,-34.89048639615736],[-58.09121539324712,-34.89099455554218],[-58.09138534067531,-34.89123032870923],[-58.08867205766301,-34.89184969710044],[-58.088423389633824,-34.89110451597785],[-58.09121583397349,-34.89048639615736]]]},"properties":{"fid":275,"id":null,"Name":null,"descriptio":null,"timestamp":null,"begin":null,"end":null,"altitudeMo":null,"tessellate":null,"extrude":null,"visibility":null,"drawOrder":null,"icon":null,"COL53838E7":null,"COL5383F8C":null,"COL5383F_1":null,"COL53838_1":null,"COL5383F_2":null,"COL5383F_3":null,"COL5383F_4":null,"COL5383F_5":null,"COL5383F_6":null,"COL5383F_7":null,"COL5383F_8":null,"COL5383F_9":null,"COL5383F10":null,"COL5383F11":null,"COL5383F12":null,"COL5383F13":null,"COL5383F14":null,"COL5383F15":null,"COL5383F16":null,"COL5383F17":null,"COL5383F18":null,"COL5383F19":null,"COL5383F20":null,"COL5383F21":null,"COL5383F22":null,"COL5383F23":null,"COL5383F24":null,"COL5383F25":null},"id":275},
{"type":"Feature","geometry":{"type":"Polygon","coordinates":[[[-58.075282250753105,-34.887594014899285],[-58.075466724269056,-34.88817503233018],[-58.07366039223388,-34.8886009633332],[-58.07344759731522,-34.88802182543497],[-58.075282250753105,-34.887594014899285]]]},"properties":{"fid":276,"id":null,"Name":null,"descriptio":null,"timestamp":null,"begin":null,"end":null,"altitudeMo":null,"tessellate":null,"extrude":null,"visibility":null,"drawOrder":null,"icon":null,"COL53838E7":null,"COL5383F8C":null,"COL5383F_1":null,"COL53838_1":null,"COL5383F_2":null,"COL5383F_3":null,"COL5383F_4":null,"COL5383F_5":null,"COL5383F_6":null,"COL5383F_7":null,"COL5383F_8":null,"COL5383F_9":null,"COL5383F10":null,"COL5383F11":null,"COL5383F12":null,"COL5383F13":null,"COL5383F14":null,"COL5383F15":null,"COL5383F16":null,"COL5383F17":null,"COL5383F18":null,"COL5383F19":null,"COL5383F20":null,"COL5383F21":null,"COL5383F22":null,"COL5383F23":null,"COL5383F24":null,"COL5383F25":null},"id":276},
{"type":"Feature","geometry":{"type":"Polygon","coordinates":[[[-58.082698238088355,-34.89240594759594],[-58.08296144315629,-34.8932539343114],[-58.08026522419051,-34.89386405749661],[-58.08000726779043,-34.893034796630005],[-58.082698238088355,-34.89240594759594]]]},"properties":{"fid":277,"id":null,"Name":null,"descriptio":null,"timestamp":null,"begin":null,"end":null,"altitudeMo":null,"tessellate":null,"extrude":null,"visibility":null,"drawOrder":null,"icon":null,"COL53838E7":null,"COL5383F8C":null,"COL5383F_1":null,"COL53838_1":null,"COL5383F_2":null,"COL5383F_3":null,"COL5383F_4":null,"COL5383F_5":null,"COL5383F_6":null,"COL5383F_7":null,"COL5383F_8":null,"COL5383F_9":null,"COL5383F10":null,"COL5383F11":null,"COL5383F12":null,"COL5383F13":null,"COL5383F14":null,"COL5383F15":null,"COL5383F16":null,"COL5383F17":null,"COL5383F18":null,"COL5383F19":null,"COL5383F20":null,"COL5383F21":null,"COL5383F22":null,"COL5383F23":null,"COL5383F24":null,"COL5383F25":null},"id":277},
{"type":"Feature","geometry":{"type":"Polygon","coordinates":[[[-58.072667333871536,-34.88412362458264],[-58.07171741426178,-34.88434165916213],[-58.07144744202914,-34.88354715571353],[-58.07239479740078,-34.88331742724873],[-58.072667333871536,-34.88412362458264]]]},"properties":{"fid":278,"id":null,"Name":null,"descriptio":null,"timestamp":null,"begin":null,"end":null,"altitudeMo":null,"tessellate":null,"extrude":null,"visibility":null,"drawOrder":null,"icon":null,"COL53838E7":null,"COL5383F8C":null,"COL5383F_1":null,"COL53838_1":null,"COL5383F_2":null,"COL5383F_3":null,"COL5383F_4":null,"COL5383F_5":null,"COL5383F_6":null,"COL5383F_7":null,"COL5383F_8":null,"COL5383F_9":null,"COL5383F10":null,"COL5383F11":null,"COL5383F12":null,"COL5383F13":null,"COL5383F14":null,"COL5383F15":null,"COL5383F16":null,"COL5383F17":null,"COL5383F18":null,"COL5383F19":null,"COL5383F20":null,"COL5383F21":null,"COL5383F22":null,"COL5383F23":null,"COL5383F24":null,"COL5383F25":null},"id":278},
{"type":"Feature","geometry":{"type":"Polygon","coordinates":[[[-58.08759913220015,-34.90017792040904],[-58.08803887157081,-34.90146924007666],[-58.087023353351185,-34.90170267616775],[-58.086552300882055,-34.90042018412652],[-58.08759913220015,-34.90017792040904]]]},"properties":{"fid":279,"id":null,"Name":null,"descriptio":null,"timestamp":null,"begin":null,"end":null,"altitudeMo":null,"tessellate":null,"extrude":null,"visibility":null,"drawOrder":null,"icon":null,"COL53838E7":null,"COL5383F8C":null,"COL5383F_1":null,"COL53838_1":null,"COL5383F_2":null,"COL5383F_3":null,"COL5383F_4":null,"COL5383F_5":null,"COL5383F_6":null,"COL5383F_7":null,"COL5383F_8":null,"COL5383F_9":null,"COL5383F10":null,"COL5383F11":null,"COL5383F12":null,"COL5383F13":null,"COL5383F14":null,"COL5383F15":null,"COL5383F16":null,"COL5383F17":null,"COL5383F18":null,"COL5383F19":null,"COL5383F20":null,"COL5383F21":null,"COL5383F22":null,"COL5383F23":null,"COL5383F24":null,"COL5383F25":null},"id":279},
{"type":"Feature","geometry":{"type":"Polygon","coordinates":[[[-58.0980306662911,-34.91920672224958],[-58.099143031571195,-34.92005864309328],[-58.09740179598572,-34.921439326023446],[-58.09580130693462,-34.91966597477436],[-58.0980306662911,-34.91920672224958]]]},"properties":{"fid":280,"id":null,"Name":null,"descriptio":null,"timestamp":null,"begin":null,"end":null,"altitudeMo":null,"tessellate":null,"extrude":null,"visibility":null,"drawOrder":null,"icon":null,"COL53838E7":null,"COL5383F8C":null,"COL5383F_1":null,"COL53838_1":null,"COL5383F_2":null,"COL5383F_3":null,"COL5383F_4":null,"COL5383F_5":null,"COL5383F_6":null,"COL5383F_7":null,"COL5383F_8":null,"COL5383F_9":null,"COL5383F10":null,"COL5383F11":null,"COL5383F12":null,"COL5383F13":null,"COL5383F14":null,"COL5383F15":null,"COL5383F16":null,"COL5383F17":null,"COL5383F18":null,"COL5383F19":null,"COL5383F20":null,"COL5383F21":null,"COL5383F22":null,"COL5383F23":null,"COL5383F24":null,"COL5383F25":null},"id":280},
{"type":"Feature","geometry":{"type":"Polygon","coordinates":[[[-58.09110007847852,-34.923475680908986],[-58.089936968529614,-34.92408211194954],[-58.088732675151775,-34.92304684145614],[-58.0899742374197,-34.92247428977069],[-58.09110007847852,-34.923475680908986]]]},"properties":{"fid":281,"id":null,"Name":null,"descriptio":null,"timestamp":null,"begin":null,"end":null,"altitudeMo":null,"tessellate":null,"extrude":null,"visibility":null,"drawOrder":null,"icon":null,"COL53838E7":null,"COL5383F8C":null,"COL5383F_1":null,"COL53838_1":null,"COL5383F_2":null,"COL5383F_3":null,"COL5383F_4":null,"COL5383F_5":null,"COL5383F_6":null,"COL5383F_7":null,"COL5383F_8":null,"COL5383F_9":null,"COL5383F10":null,"COL5383F11":null,"COL5383F12":null,"COL5383F13":null,"COL5383F14":null,"COL5383F15":null,"COL5383F16":null,"COL5383F17":null,"COL5383F18":null,"COL5383F19":null,"COL5383F20":null,"COL5383F21":null,"COL5383F22":null,"COL5383F23":null,"COL5383F24":null,"COL5383F25":null},"id":281},
{"type":"Feature","geometry":{"type":"Polygon","coordinates":[[[-58.09121580390711,-34.925566099295665],[-58.08912756630156,-34.92725356195545],[-58.087993014002585,-34.926382552850676],[-58.09017232515231,-34.924673231246445],[-58.09121580390711,-34.925566099295665]]]},"properties":{"fid":282,"id":null,"Name":null,"descriptio":null,"timestamp":null,"begin":null,"end":null,"altitudeMo":null,"tessellate":null,"extrude":null,"visibility":null,"drawOrder":null,"icon":null,"COL53838E7":null,"COL5383F8C":null,"COL5383F_1":null,"COL53838_1":null,"COL5383F_2":null,"COL5383F_3":null,"COL5383F_4":null,"COL5383F_5":null,"COL5383F_6":null,"COL5383F_7":null,"COL5383F_8":null,"COL5383F_9":null,"COL5383F10":null,"COL5383F11":null,"COL5383F12":null,"COL5383F13":null,"COL5383F14":null,"COL5383F15":null,"COL5383F16":null,"COL5383F17":null,"COL5383F18":null,"COL5383F19":null,"COL5383F20":null,"COL5383F21":null,"COL5383F22":null,"COL5383F23":null,"COL5383F24":null,"COL5383F25":null},"id":282},
{"type":"Feature","geometry":{"type":"Polygon","coordinates":[[[-58.092602364726886,-34.92680001446488],[-58.09061355907937,-34.92834920226393],[-58.089172618543394,-34.92726359481341],[-58.09122604116075,-34.92561288069358],[-58.092602364726886,-34.92680001446488]]]},"properties":{"fid":283,"id":null,"Name":null,"descriptio":null,"timestamp":null,"begin":null,"end":null,"altitudeMo":null,"tessellate":null,"extrude":null,"visibility":null,"drawOrder":null,"icon":null,"COL53838E7":null,"COL5383F8C":null,"COL5383F_1":null,"COL53838_1":null,"COL5383F_2":null,"COL5383F_3":null,"COL5383F_4":null,"COL5383F_5":null,"COL5383F_6":null,"COL5383F_7":null,"COL5383F_8":null,"COL5383F_9":null,"COL5383F10":null,"COL5383F11":null,"COL5383F12":null,"COL5383F13":null,"COL5383F14":null,"COL5383F15":null,"COL5383F16":null,"COL5383F17":null,"COL5383F18":null,"COL5383F19":null,"COL5383F20":null,"COL5383F21":null,"COL5383F22":null,"COL5383F23":null,"COL5383F24":null,"COL5383F25":null},"id":283},
{"type":"Feature","geometry":{"type":"Polygon","coordinates":[[[-58.09184710842655,-34.92934761818137],[-58.09015125424324,-34.930710254647494],[-58.08963557781819,-34.93024526419576],[-58.08904660102886,-34.930744162146084],[-58.087863995347966,-34.929746520194186],[-58.088462558829065,-34.9293223715449],[-58.087378481287374,-34.92847079914081],[-58.087026812185,-34.92874498375821],[-58.086638391621115,-34.928407860346354],[-58.08641957535082,-34.92856758477196],[-58.08593875136632,-34.9280658317507],[-58.08786863542699,-34.926375932857525],[-58.09184710842655,-34.92934761818137]]]},"properties":{"fid":284,"id":null,"Name":null,"descriptio":null,"timestamp":null,"begin":null,"end":null,"altitudeMo":null,"tessellate":null,"extrude":null,"visibility":null,"drawOrder":null,"icon":null,"COL53838E7":null,"COL5383F8C":null,"COL5383F_1":null,"COL53838_1":null,"COL5383F_2":null,"COL5383F_3":null,"COL5383F_4":null,"COL5383F_5":null,"COL5383F_6":null,"COL5383F_7":null,"COL5383F_8":null,"COL5383F_9":null,"COL5383F10":null,"COL5383F11":null,"COL5383F12":null,"COL5383F13":null,"COL5383F14":null,"COL5383F15":null,"COL5383F16":null,"COL5383F17":null,"COL5383F18":null,"COL5383F19":null,"COL5383F20":null,"COL5383F21":null,"COL5383F22":null,"COL5383F23":null,"COL5383F24":null,"COL5383F25":null},"id":284},
{"type":"Feature","geometry":{"type":"Polygon","coordinates":[[[-58.02149561193306,-34.90577218460464],[-58.02117584101354,-34.90600940066462],[-58.0206778542937,-34.90553741980463],[-58.020986031425444,-34.9053116711799],[-58.02149561193306,-34.90577218460464]]]},"properties":{"fid":285,"id":null,"Name":null,"descriptio":null,"timestamp":null,"begin":null,"end":null,"altitudeMo":null,"tessellate":null,"extrude":null,"visibility":null,"drawOrder":null,"icon":null,"COL53838E7":null,"COL5383F8C":null,"COL5383F_1":null,"COL53838_1":null,"COL5383F_2":null,"COL5383F_3":null,"COL5383F_4":null,"COL5383F_5":null,"COL5383F_6":null,"COL5383F_7":null,"COL5383F_8":null,"COL5383F_9":null,"COL5383F10":null,"COL5383F11":null,"COL5383F12":null,"COL5383F13":null,"COL5383F14":null,"COL5383F15":null,"COL5383F16":null,"COL5383F17":null,"COL5383F18":null,"COL5383F19":null,"COL5383F20":null,"COL5383F21":null,"COL5383F22":null,"COL5383F23":null,"COL5383F24":null,"COL5383F25":null},"id":285},
{"type":"Feature","geometry":{"type":"Polygon","coordinates":[[[-58.018667296057686,-34.89665384199814],[-58.018247002425895,-34.89695467994742],[-58.01688492541817,-34.89571101278668],[-58.01728869691743,-34.89539126187114],[-58.018667296057686,-34.89665384199814]]]},"properties":{"fid":286,"id":null,"Name":null,"descriptio":null,"timestamp":null,"begin":null,"end":null,"altitudeMo":null,"tessellate":null,"extrude":null,"visibility":null,"drawOrder":null,"icon":null,"COL53838E7":null,"COL5383F8C":null,"COL5383F_1":null,"COL53838_1":null,"COL5383F_2":null,"COL5383F_3":null,"COL5383F_4":null,"COL5383F_5":null,"COL5383F_6":null,"COL5383F_7":null,"COL5383F_8":null,"COL5383F_9":null,"COL5383F10":null,"COL5383F11":null,"COL5383F12":null,"COL5383F13":null,"COL5383F14":null,"COL5383F15":null,"COL5383F16":null,"COL5383F17":null,"COL5383F18":null,"COL5383F19":null,"COL5383F20":null,"COL5383F21":null,"COL5383F22":null,"COL5383F23":null,"COL5383F24":null,"COL5383F25":null},"id":286},
{"type":"Feature","geometry":{"type":"Polygon","coordinates":[[[-58.01687023884768,-34.89573350034518],[-58.018240800334404,-34.896977306050765],[-58.01788933050643,-34.897239638176345],[-58.01653313488727,-34.89598673906964],[-58.01687023884768,-34.89573350034518]]]},"properties":{"fid":287,"id":null,"Name":null,"descriptio":null,"timestamp":null,"begin":null,"end":null,"altitudeMo":null,"tessellate":null,"extrude":null,"visibility":null,"drawOrder":null,"icon":null,"COL53838E7":null,"COL5383F8C":null,"COL5383F_1":null,"COL53838_1":null,"COL5383F_2":null,"COL5383F_3":null,"COL5383F_4":null,"COL5383F_5":null,"COL5383F_6":null,"COL5383F_7":null,"COL5383F_8":null,"COL5383F_9":null,"COL5383F10":null,"COL5383F11":null,"COL5383F12":null,"COL5383F13":null,"COL5383F14":null,"COL5383F15":null,"COL5383F16":null,"COL5383F17":null,"COL5383F18":null,"COL5383F19":null,"COL5383F20":null,"COL5383F21":null,"COL5383F22":null,"COL5383F23":null,"COL5383F24":null,"COL5383F25":null},"id":287},
{"type":"Feature","geometry":{"type":"Polygon","coordinates":[[[-58.01890952163182,-34.89820091427522],[-58.018206405023435,-34.89873257124766],[-58.01754724484995,-34.898141399168736],[-58.01817797714374,-34.89767849536758],[-58.0164252327068,-34.896061900661394],[-58.01651472434409,-34.89598760403887],[-58.01890952163182,-34.89820091427522]]]},"properties":{"fid":288,"id":null,"Name":null,"descriptio":null,"timestamp":null,"begin":null,"end":null,"altitudeMo":null,"tessellate":null,"extrude":null,"visibility":null,"drawOrder":null,"icon":null,"COL53838E7":null,"COL5383F8C":null,"COL5383F_1":null,"COL53838_1":null,"COL5383F_2":null,"COL5383F_3":null,"COL5383F_4":null,"COL5383F_5":null,"COL5383F_6":null,"COL5383F_7":null,"COL5383F_8":null,"COL5383F_9":null,"COL5383F10":null,"COL5383F11":null,"COL5383F12":null,"COL5383F13":null,"COL5383F14":null,"COL5383F15":null,"COL5383F16":null,"COL5383F17":null,"COL5383F18":null,"COL5383F19":null,"COL5383F20":null,"COL5383F21":null,"COL5383F22":null,"COL5383F23":null,"COL5383F24":null,"COL5383F25":null},"id":288},
{"type":"Feature","geometry":{"type":"Polygon","coordinates":[[[-58.06766883274417,-34.955394934023424],[-58.065886034294834,-34.95680244674131],[-58.0646267450596,-34.955691470771775],[-58.06639778056868,-34.95430243700931],[-58.06766883274417,-34.955394934023424]]]},"properties":{"fid":289,"id":null,"Name":null,"descriptio":null,"timestamp":null,"begin":null,"end":null,"altitudeMo":null,"tessellate":null,"extrude":null,"visibility":null,"drawOrder":null,"icon":null,"COL53838E7":null,"COL5383F8C":null,"COL5383F_1":null,"COL53838_1":null,"COL5383F_2":null,"COL5383F_3":null,"COL5383F_4":null,"COL5383F_5":null,"COL5383F_6":null,"COL5383F_7":null,"COL5383F_8":null,"COL5383F_9":null,"COL5383F10":null,"COL5383F11":null,"COL5383F12":null,"COL5383F13":null,"COL5383F14":null,"COL5383F15":null,"COL5383F16":null,"COL5383F17":null,"COL5383F18":null,"COL5383F19":null,"COL5383F20":null,"COL5383F21":null,"COL5383F22":null,"COL5383F23":null,"COL5383F24":null,"COL5383F25":null},"id":289},
{"type":"Feature","geometry":{"type":"Polygon","coordinates":[[[-58.09294274469606,-35.013673425485784],[-58.08949552530339,-35.01619261194208],[-58.088474705342534,-35.015253459354135],[-58.091864619797114,-35.01276137221827],[-58.09294274469606,-35.013673425485784]]]},"properties":{"fid":290,"id":null,"Name":null,"descriptio":null,"timestamp":null,"begin":null,"end":null,"altitudeMo":null,"tessellate":null,"extrude":null,"visibility":null,"drawOrder":null,"icon":null,"COL53838E7":null,"COL5383F8C":null,"COL5383F_1":null,"COL53838_1":null,"COL5383F_2":null,"COL5383F_3":null,"COL5383F_4":null,"COL5383F_5":null,"COL5383F_6":null,"COL5383F_7":null,"COL5383F_8":null,"COL5383F_9":null,"COL5383F10":null,"COL5383F11":null,"COL5383F12":null,"COL5383F13":null,"COL5383F14":null,"COL5383F15":null,"COL5383F16":null,"COL5383F17":null,"COL5383F18":null,"COL5383F19":null,"COL5383F20":null,"COL5383F21":null,"COL5383F22":null,"COL5383F23":null,"COL5383F24":null,"COL5383F25":null},"id":290},
{"type":"Feature","geometry":{"type":"Polygon","coordinates":[[[-58.091666547373954,-35.01250650942084],[-58.08830932372871,-35.01505505013749],[-58.085879288193944,-35.012825603437676],[-58.08921079686821,-35.01040725977917],[-58.091666547373954,-35.01250650942084]]]},"properties":{"fid":291,"id":null,"Name":null,"descriptio":null,"timestamp":null,"begin":null,"end":null,"altitudeMo":null,"tessellate":null,"extrude":null,"visibility":null,"drawOrder":null,"icon":null,"COL53838E7":null,"COL5383F8C":null,"COL5383F_1":null,"COL53838_1":null,"COL5383F_2":null,"COL5383F_3":null,"COL5383F_4":null,"COL5383F_5":null,"COL5383F_6":null,"COL5383F_7":null,"COL5383F_8":null,"COL5383F_9":null,"COL5383F10":null,"COL5383F11":null,"COL5383F12":null,"COL5383F13":null,"COL5383F14":null,"COL5383F15":null,"COL5383F16":null,"COL5383F17":null,"COL5383F18":null,"COL5383F19":null,"COL5383F20":null,"COL5383F21":null,"COL5383F22":null,"COL5383F23":null,"COL5383F24":null,"COL5383F25":null},"id":291},
{"type":"Feature","geometry":{"type":"Polygon","coordinates":[[[-58.081334417644065,-34.97377020092967],[-58.07754190516328,-34.97658199404692],[-58.07593375395404,-34.97511129319905],[-58.07859632315037,-34.973148803717976],[-58.078918604444794,-34.97341497684961],[-58.07999213189222,-34.97255550342377],[-58.081334417644065,-34.97377020092967]]]},"properties":{"fid":292,"id":null,"Name":null,"descriptio":null,"timestamp":null,"begin":null,"end":null,"altitudeMo":null,"tessellate":null,"extrude":null,"visibility":null,"drawOrder":null,"icon":null,"COL53838E7":null,"COL5383F8C":null,"COL5383F_1":null,"COL53838_1":null,"COL5383F_2":null,"COL5383F_3":null,"COL5383F_4":null,"COL5383F_5":null,"COL5383F_6":null,"COL5383F_7":null,"COL5383F_8":null,"COL5383F_9":null,"COL5383F10":null,"COL5383F11":null,"COL5383F12":null,"COL5383F13":null,"COL5383F14":null,"COL5383F15":null,"COL5383F16":null,"COL5383F17":null,"COL5383F18":null,"COL5383F19":null,"COL5383F20":null,"COL5383F21":null,"COL5383F22":null,"COL5383F23":null,"COL5383F24":null,"COL5383F25":null},"id":292},
{"type":"Feature","geometry":{"type":"Polygon","coordinates":[[[-58.084151344011644,-34.96991491675287],[-58.08245515102066,-34.97124944408686],[-58.081899754521885,-34.970779130579935],[-58.08360694324349,-34.96945877053701],[-58.084151344011644,-34.96991491675287]]]},"properties":{"fid":293,"id":null,"Name":null,"descriptio":null,"timestamp":null,"begin":null,"end":null,"altitudeMo":null,"tessellate":null,"extrude":null,"visibility":null,"drawOrder":null,"icon":null,"COL53838E7":null,"COL5383F8C":null,"COL5383F_1":null,"COL53838_1":null,"COL5383F_2":null,"COL5383F_3":null,"COL5383F_4":null,"COL5383F_5":null,"COL5383F_6":null,"COL5383F_7":null,"COL5383F_8":null,"COL5383F_9":null,"COL5383F10":null,"COL5383F11":null,"COL5383F12":null,"COL5383F13":null,"COL5383F14":null,"COL5383F15":null,"COL5383F16":null,"COL5383F17":null,"COL5383F18":null,"COL5383F19":null,"COL5383F20":null,"COL5383F21":null,"COL5383F22":null,"COL5383F23":null,"COL5383F24":null,"COL5383F25":null},"id":293},
{"type":"Feature","geometry":{"type":"Polygon","coordinates":[[[-58.04371894613027,-34.94254059101221],[-58.04211126049859,-34.94372213789969],[-58.04155139820313,-34.943218938766606],[-58.04108433172612,-34.94357504072081],[-58.04022552036478,-34.94278729328256],[-58.042266419376105,-34.941244458453944],[-58.04371894613027,-34.94254059101221]]]},"properties":{"fid":294,"id":null,"Name":null,"descriptio":null,"timestamp":null,"begin":null,"end":null,"altitudeMo":null,"tessellate":null,"extrude":null,"visibility":null,"drawOrder":null,"icon":null,"COL53838E7":null,"COL5383F8C":null,"COL5383F_1":null,"COL53838_1":null,"COL5383F_2":null,"COL5383F_3":null,"COL5383F_4":null,"COL5383F_5":null,"COL5383F_6":null,"COL5383F_7":null,"COL5383F_8":null,"COL5383F_9":null,"COL5383F10":null,"COL5383F11":null,"COL5383F12":null,"COL5383F13":null,"COL5383F14":null,"COL5383F15":null,"COL5383F16":null,"COL5383F17":null,"COL5383F18":null,"COL5383F19":null,"COL5383F20":null,"COL5383F21":null,"COL5383F22":null,"COL5383F23":null,"COL5383F24":null,"COL5383F25":null},"id":294},
{"type":"Feature","geometry":{"type":"Polygon","coordinates":[[[-58.036648735959396,-34.93584375687436],[-58.034476382014,-34.937440315304165],[-58.032654514402445,-34.93573716154268],[-58.034758727027715,-34.93414885655531],[-58.036648735959396,-34.93584375687436]]]},"properties":{"fid":295,"id":null,"Name":null,"descriptio":null,"timestamp":null,"begin":null,"end":null,"altitudeMo":null,"tessellate":null,"extrude":null,"visibility":null,"drawOrder":null,"icon":null,"COL53838E7":null,"COL5383F8C":null,"COL5383F_1":null,"COL53838_1":null,"COL5383F_2":null,"COL5383F_3":null,"COL5383F_4":null,"COL5383F_5":null,"COL5383F_6":null,"COL5383F_7":null,"COL5383F_8":null,"COL5383F_9":null,"COL5383F10":null,"COL5383F11":null,"COL5383F12":null,"COL5383F13":null,"COL5383F14":null,"COL5383F15":null,"COL5383F16":null,"COL5383F17":null,"COL5383F18":null,"COL5383F19":null,"COL5383F20":null,"COL5383F21":null,"COL5383F22":null,"COL5383F23":null,"COL5383F24":null,"COL5383F25":null},"id":295},
{"type":"Feature","geometry":{"type":"Polygon","coordinates":[[[-58.02572051599261,-34.92991370701453],[-58.02525640332976,-34.93026513486123],[-58.02548626227708,-34.93047633031103],[-58.0250083899661,-34.930811216464704],[-58.0249745502147,-34.93080600420064],[-58.024046691506626,-34.92995874803583],[-58.02482111483829,-34.92941423726078],[-58.02496112450802,-34.929477119899296],[-58.025136314236775,-34.92948929255564],[-58.0252558127902,-34.92946326360461],[-58.02572051599261,-34.92991370701453]]]},"properties":{"fid":296,"id":null,"Name":null,"descriptio":null,"timestamp":null,"begin":null,"end":null,"altitudeMo":null,"tessellate":null,"extrude":null,"visibility":null,"drawOrder":null,"icon":null,"COL53838E7":null,"COL5383F8C":null,"COL5383F_1":null,"COL53838_1":null,"COL5383F_2":null,"COL5383F_3":null,"COL5383F_4":null,"COL5383F_5":null,"COL5383F_6":null,"COL5383F_7":null,"COL5383F_8":null,"COL5383F_9":null,"COL5383F10":null,"COL5383F11":null,"COL5383F12":null,"COL5383F13":null,"COL5383F14":null,"COL5383F15":null,"COL5383F16":null,"COL5383F17":null,"COL5383F18":null,"COL5383F19":null,"COL5383F20":null,"COL5383F21":null,"COL5383F22":null,"COL5383F23":null,"COL5383F24":null,"COL5383F25":null},"id":296},
{"type":"Feature","geometry":{"type":"Polygon","coordinates":[[[-58.02636506579535,-34.927464983739426],[-58.02478041633729,-34.92863269266338],[-58.023290278650656,-34.927275122083365],[-58.02488069118005,-34.92610286403444],[-58.02636506579535,-34.927464983739426]]]},"properties":{"fid":297,"id":null,"Name":null,"descriptio":null,"timestamp":null,"begin":null,"end":null,"altitudeMo":null,"tessellate":null,"extrude":null,"visibility":null,"drawOrder":null,"icon":null,"COL53838E7":null,"COL5383F8C":null,"COL5383F_1":null,"COL53838_1":null,"COL5383F_2":null,"COL5383F_3":null,"COL5383F_4":null,"COL5383F_5":null,"COL5383F_6":null,"COL5383F_7":null,"COL5383F_8":null,"COL5383F_9":null,"COL5383F10":null,"COL5383F11":null,"COL5383F12":null,"COL5383F13":null,"COL5383F14":null,"COL5383F15":null,"COL5383F16":null,"COL5383F17":null,"COL5383F18":null,"COL5383F19":null,"COL5383F20":null,"COL5383F21":null,"COL5383F22":null,"COL5383F23":null,"COL5383F24":null,"COL5383F25":null},"id":297},
{"type":"Feature","geometry":{"type":"Polygon","coordinates":[[[-58.03019709187445,-34.92439433116075],[-58.03173777679435,-34.92577128562518],[-58.02620515708206,-34.92988661903963],[-58.024819578426566,-34.92865197748145],[-58.02863727861062,-34.92571167946832],[-58.02852589790029,-34.925635279806095],[-58.03019709187445,-34.92439433116075]]]},"properties":{"fid":298,"id":null,"Name":null,"descriptio":null,"timestamp":null,"begin":null,"end":null,"altitudeMo":null,"tessellate":null,"extrude":null,"visibility":null,"drawOrder":null,"icon":null,"COL53838E7":null,"COL5383F8C":null,"COL5383F_1":null,"COL53838_1":null,"COL5383F_2":null,"COL5383F_3":null,"COL5383F_4":null,"COL5383F_5":null,"COL5383F_6":null,"COL5383F_7":null,"COL5383F_8":null,"COL5383F_9":null,"COL5383F10":null,"COL5383F11":null,"COL5383F12":null,"COL5383F13":null,"COL5383F14":null,"COL5383F15":null,"COL5383F16":null,"COL5383F17":null,"COL5383F18":null,"COL5383F19":null,"COL5383F20":null,"COL5383F21":null,"COL5383F22":null,"COL5383F23":null,"COL5383F24":null,"COL5383F25":null},"id":298},
{"type":"Feature","geometry":{"type":"Polygon","coordinates":[[[-58.021212908640834,-34.928628236115856],[-58.0162811092587,-34.93221210123995],[-58.013422613745085,-34.92961994084308],[-58.01833330724543,-34.92597057795455],[-58.021212908640834,-34.928628236115856]]]},"properties":{"fid":299,"id":null,"Name":null,"descriptio":null,"timestamp":null,"begin":null,"end":null,"altitudeMo":null,"tessellate":null,"extrude":null,"visibility":null,"drawOrder":null,"icon":null,"COL53838E7":null,"COL5383F8C":null,"COL5383F_1":null,"COL53838_1":null,"COL5383F_2":null,"COL5383F_3":null,"COL5383F_4":null,"COL5383F_5":null,"COL5383F_6":null,"COL5383F_7":null,"COL5383F_8":null,"COL5383F_9":null,"COL5383F10":null,"COL5383F11":null,"COL5383F12":null,"COL5383F13":null,"COL5383F14":null,"COL5383F15":null,"COL5383F16":null,"COL5383F17":null,"COL5383F18":null,"COL5383F19":null,"COL5383F20":null,"COL5383F21":null,"COL5383F22":null,"COL5383F23":null,"COL5383F24":null,"COL5383F25":null},"id":299},
{"type":"Feature","geometry":{"type":"Polygon","coordinates":[[[-58.026208311370844,-34.94540407745257],[-58.02522163185216,-34.94617590953621],[-58.02424011867241,-34.9453161262252],[-58.02523755648243,-34.94456778684599],[-58.026208311370844,-34.94540407745257]]]},"properties":{"fid":300,"id":null,"Name":null,"descriptio":null,"timestamp":null,"begin":null,"end":null,"altitudeMo":null,"tessellate":null,"extrude":null,"visibility":null,"drawOrder":null,"icon":null,"COL53838E7":null,"COL5383F8C":null,"COL5383F_1":null,"COL53838_1":null,"COL5383F_2":null,"COL5383F_3":null,"COL5383F_4":null,"COL5383F_5":null,"COL5383F_6":null,"COL5383F_7":null,"COL5383F_8":null,"COL5383F_9":null,"COL5383F10":null,"COL5383F11":null,"COL5383F12":null,"COL5383F13":null,"COL5383F14":null,"COL5383F15":null,"COL5383F16":null,"COL5383F17":null,"COL5383F18":null,"COL5383F19":null,"COL5383F20":null,"COL5383F21":null,"COL5383F22":null,"COL5383F23":null,"COL5383F24":null,"COL5383F25":null},"id":300},
{"type":"Feature","geometry":{"type":"Polygon","coordinates":[[[-58.02924785677664,-34.94804084327846],[-58.02721187448686,-34.94959751628087],[-58.025259172536806,-34.94791543661169],[-58.02733986591333,-34.94638283216185],[-58.02924785677664,-34.94804084327846]]]},"properties":{"fid":301,"id":null,"Name":null,"descriptio":null,"timestamp":null,"begin":null,"end":null,"altitudeMo":null,"tessellate":null,"extrude":null,"visibility":null,"drawOrder":null,"icon":null,"COL53838E7":null,"COL5383F8C":null,"COL5383F_1":null,"COL53838_1":null,"COL5383F_2":null,"COL5383F_3":null,"COL5383F_4":null,"COL5383F_5":null,"COL5383F_6":null,"COL5383F_7":null,"COL5383F_8":null,"COL5383F_9":null,"COL5383F10":null,"COL5383F11":null,"COL5383F12":null,"COL5383F13":null,"COL5383F14":null,"COL5383F15":null,"COL5383F16":null,"COL5383F17":null,"COL5383F18":null,"COL5383F19":null,"COL5383F20":null,"COL5383F21":null,"COL5383F22":null,"COL5383F23":null,"COL5383F24":null,"COL5383F25":null},"id":301},
{"type":"Feature","geometry":{"type":"Polygon","coordinates":[[[-58.02695948896214,-34.9497332747791],[-58.02490089368969,-34.95128487772521],[-58.02297073000651,-34.94960779032033],[-58.02501189005032,-34.94807458398116],[-58.02695948896214,-34.9497332747791]]]},"properties":{"fid":302,"id":null,"Name":null,"descriptio":null,"timestamp":null,"begin":null,"end":null,"altitudeMo":null,"tessellate":null,"extrude":null,"visibility":null,"drawOrder":null,"icon":null,"COL53838E7":null,"COL5383F8C":null,"COL5383F_1":null,"COL53838_1":null,"COL5383F_2":null,"COL5383F_3":null,"COL5383F_4":null,"COL5383F_5":null,"COL5383F_6":null,"COL5383F_7":null,"COL5383F_8":null,"COL5383F_9":null,"COL5383F10":null,"COL5383F11":null,"COL5383F12":null,"COL5383F13":null,"COL5383F14":null,"COL5383F15":null,"COL5383F16":null,"COL5383F17":null,"COL5383F18":null,"COL5383F19":null,"COL5383F20":null,"COL5383F21":null,"COL5383F22":null,"COL5383F23":null,"COL5383F24":null,"COL5383F25":null},"id":302},
{"type":"Feature","geometry":{"type":"Polygon","coordinates":[[[-58.03669393351714,-34.951103175009685],[-58.0345723266898,-34.95269122133106],[-58.029583316489614,-34.94821878044507],[-58.031671606134346,-34.94660230810186],[-58.03669393351714,-34.951103175009685]]]},"properties":{"fid":303,"id":null,"Name":null,"descriptio":null,"timestamp":null,"begin":null,"end":null,"altitudeMo":null,"tessellate":null,"extrude":null,"visibility":null,"drawOrder":null,"icon":null,"COL53838E7":null,"COL5383F8C":null,"COL5383F_1":null,"COL53838_1":null,"COL5383F_2":null,"COL5383F_3":null,"COL5383F_4":null,"COL5383F_5":null,"COL5383F_6":null,"COL5383F_7":null,"COL5383F_8":null,"COL5383F_9":null,"COL5383F10":null,"COL5383F11":null,"COL5383F12":null,"COL5383F13":null,"COL5383F14":null,"COL5383F15":null,"COL5383F16":null,"COL5383F17":null,"COL5383F18":null,"COL5383F19":null,"COL5383F20":null,"COL5383F21":null,"COL5383F22":null,"COL5383F23":null,"COL5383F24":null,"COL5383F25":null},"id":303},
{"type":"Feature","geometry":{"type":"Polygon","coordinates":[[[-58.026162871758146,-34.95650815843142],[-58.02404137377313,-34.958077367319724],[-58.02064006198069,-34.95493574406325],[-58.022670080348895,-34.953402399708686],[-58.026162871758146,-34.95650815843142]]]},"properties":{"fid":304,"id":null,"Name":null,"descriptio":null,"timestamp":null,"begin":null,"end":null,"altitudeMo":null,"tessellate":null,"extrude":null,"visibility":null,"drawOrder":null,"icon":null,"COL53838E7":null,"COL5383F8C":null,"COL5383F_1":null,"COL53838_1":null,"COL5383F_2":null,"COL5383F_3":null,"COL5383F_4":null,"COL5383F_5":null,"COL5383F_6":null,"COL5383F_7":null,"COL5383F_8":null,"COL5383F_9":null,"COL5383F10":null,"COL5383F11":null,"COL5383F12":null,"COL5383F13":null,"COL5383F14":null,"COL5383F15":null,"COL5383F16":null,"COL5383F17":null,"COL5383F18":null,"COL5383F19":null,"COL5383F20":null,"COL5383F21":null,"COL5383F22":null,"COL5383F23":null,"COL5383F24":null,"COL5383F25":null},"id":304},
{"type":"Feature","geometry":{"type":"Polygon","coordinates":[[[-58.02300537844339,-34.96136583476609],[-58.023919468387064,-34.9622105458327],[-58.02190454866877,-34.96381408122487],[-58.02091810609651,-34.96291689422235],[-58.02300537844339,-34.96136583476609]]]},"properties":{"fid":305,"id":null,"Name":null,"descriptio":null,"timestamp":null,"begin":null,"end":null,"altitudeMo":null,"tessellate":null,"extrude":null,"visibility":null,"drawOrder":null,"icon":null,"COL53838E7":null,"COL5383F8C":null,"COL5383F_1":null,"COL53838_1":null,"COL5383F_2":null,"COL5383F_3":null,"COL5383F_4":null,"COL5383F_5":null,"COL5383F_6":null,"COL5383F_7":null,"COL5383F_8":null,"COL5383F_9":null,"COL5383F10":null,"COL5383F11":null,"COL5383F12":null,"COL5383F13":null,"COL5383F14":null,"COL5383F15":null,"COL5383F16":null,"COL5383F17":null,"COL5383F18":null,"COL5383F19":null,"COL5383F20":null,"COL5383F21":null,"COL5383F22":null,"COL5383F23":null,"COL5383F24":null,"COL5383F25":null},"id":305},
{"type":"Feature","geometry":{"type":"Polygon","coordinates":[[[-58.03549562279913,-34.96690887290658],[-58.03447412388643,-34.967708183293404],[-58.03276548366322,-34.966216649015486],[-58.033860460723446,-34.96542320481197],[-58.03549562279913,-34.96690887290658]]]},"properties":{"fid":306,"id":null,"Name":null,"descriptio":null,"timestamp":null,"begin":null,"end":null,"altitudeMo":null,"tessellate":null,"extrude":null,"visibility":null,"drawOrder":null,"icon":null,"COL53838E7":null,"COL5383F8C":null,"COL5383F_1":null,"COL53838_1":null,"COL5383F_2":null,"COL5383F_3":null,"COL5383F_4":null,"COL5383F_5":null,"COL5383F_6":null,"COL5383F_7":null,"COL5383F_8":null,"COL5383F_9":null,"COL5383F10":null,"COL5383F11":null,"COL5383F12":null,"COL5383F13":null,"COL5383F14":null,"COL5383F15":null,"COL5383F16":null,"COL5383F17":null,"COL5383F18":null,"COL5383F19":null,"COL5383F20":null,"COL5383F21":null,"COL5383F22":null,"COL5383F23":null,"COL5383F24":null,"COL5383F25":null},"id":306},
{"type":"Feature","geometry":{"type":"Polygon","coordinates":[[[-58.03922747677544,-34.96145408663813],[-58.04081160538827,-34.96294352196099],[-58.039098349291464,-34.96425851151284],[-58.03748570223045,-34.962777917147925],[-58.03922747677544,-34.96145408663813]]]},"properties":{"fid":307,"id":null,"Name":null,"descriptio":null,"timestamp":null,"begin":null,"end":null,"altitudeMo":null,"tessellate":null,"extrude":null,"visibility":null,"drawOrder":null,"icon":null,"COL53838E7":null,"COL5383F8C":null,"COL5383F_1":null,"COL53838_1":null,"COL5383F_2":null,"COL5383F_3":null,"COL5383F_4":null,"COL5383F_5":null,"COL5383F_6":null,"COL5383F_7":null,"COL5383F_8":null,"COL5383F_9":null,"COL5383F10":null,"COL5383F11":null,"COL5383F12":null,"COL5383F13":null,"COL5383F14":null,"COL5383F15":null,"COL5383F16":null,"COL5383F17":null,"COL5383F18":null,"COL5383F19":null,"COL5383F20":null,"COL5383F21":null,"COL5383F22":null,"COL5383F23":null,"COL5383F24":null,"COL5383F25":null},"id":307},
{"type":"Feature","geometry":{"type":"Polygon","coordinates":[[[-58.04315681890823,-34.96838924129238],[-58.03767950083608,-34.97245930522946],[-58.035783115451686,-34.970759650173335],[-58.04123820530711,-34.96667066401376],[-58.04315681890823,-34.96838924129238]]]},"properties":{"fid":308,"id":null,"Name":null,"descriptio":null,"timestamp":null,"begin":null,"end":null,"altitudeMo":null,"tessellate":null,"extrude":null,"visibility":null,"drawOrder":null,"icon":null,"COL53838E7":null,"COL5383F8C":null,"COL5383F_1":null,"COL53838_1":null,"COL5383F_2":null,"COL5383F_3":null,"COL5383F_4":null,"COL5383F_5":null,"COL5383F_6":null,"COL5383F_7":null,"COL5383F_8":null,"COL5383F_9":null,"COL5383F10":null,"COL5383F11":null,"COL5383F12":null,"COL5383F13":null,"COL5383F14":null,"COL5383F15":null,"COL5383F16":null,"COL5383F17":null,"COL5383F18":null,"COL5383F19":null,"COL5383F20":null,"COL5383F21":null,"COL5383F22":null,"COL5383F23":null,"COL5383F24":null,"COL5383F25":null},"id":308},
{"type":"Feature","geometry":{"type":"Polygon","coordinates":[[[-58.06317646109496,-34.99426031627031],[-58.061342954574855,-34.99561564775014],[-58.06108288903318,-34.9955928450563],[-58.05937962586243,-34.994069126072276],[-58.06137138726906,-34.99260912651721],[-58.06317646109496,-34.99426031627031]]]},"properties":{"fid":309,"id":null,"Name":null,"descriptio":null,"timestamp":null,"begin":null,"end":null,"altitudeMo":null,"tessellate":null,"extrude":null,"visibility":null,"drawOrder":null,"icon":null,"COL53838E7":null,"COL5383F8C":null,"COL5383F_1":null,"COL53838_1":null,"COL5383F_2":null,"COL5383F_3":null,"COL5383F_4":null,"COL5383F_5":null,"COL5383F_6":null,"COL5383F_7":null,"COL5383F_8":null,"COL5383F_9":null,"COL5383F10":null,"COL5383F11":null,"COL5383F12":null,"COL5383F13":null,"COL5383F14":null,"COL5383F15":null,"COL5383F16":null,"COL5383F17":null,"COL5383F18":null,"COL5383F19":null,"COL5383F20":null,"COL5383F21":null,"COL5383F22":null,"COL5383F23":null,"COL5383F24":null,"COL5383F25":null},"id":309},
{"type":"Feature","geometry":{"type":"Polygon","coordinates":[[[-58.06913071886235,-35.00317566611854],[-58.06799692341534,-35.00404572635525],[-58.06625654581987,-35.002521509902344],[-58.065477632825655,-35.00311748264523],[-58.06474649202144,-35.00240652818829],[-58.065828831038274,-35.00155665708381],[-58.066652437337304,-35.00231103615547],[-58.06746580911702,-35.00169462540332],[-58.06913071886235,-35.00317566611854]]]},"properties":{"fid":310,"id":null,"Name":null,"descriptio":null,"timestamp":null,"begin":null,"end":null,"altitudeMo":null,"tessellate":null,"extrude":null,"visibility":null,"drawOrder":null,"icon":null,"COL53838E7":null,"COL5383F8C":null,"COL5383F_1":null,"COL53838_1":null,"COL5383F_2":null,"COL5383F_3":null,"COL5383F_4":null,"COL5383F_5":null,"COL5383F_6":null,"COL5383F_7":null,"COL5383F_8":null,"COL5383F_9":null,"COL5383F10":null,"COL5383F11":null,"COL5383F12":null,"COL5383F13":null,"COL5383F14":null,"COL5383F15":null,"COL5383F16":null,"COL5383F17":null,"COL5383F18":null,"COL5383F19":null,"COL5383F20":null,"COL5383F21":null,"COL5383F22":null,"COL5383F23":null,"COL5383F24":null,"COL5383F25":null},"id":310},
{"type":"Feature","geometry":{"type":"Polygon","coordinates":[[[-58.0650470386198,-35.00858960089053],[-58.06382365233235,-35.00748617739258],[-58.06922160003532,-35.00346732036616],[-58.07046265236909,-35.00454299928106],[-58.0650470386198,-35.00858960089053]]]},"properties":{"fid":311,"id":null,"Name":null,"descriptio":null,"timestamp":null,"begin":null,"end":null,"altitudeMo":null,"tessellate":null,"extrude":null,"visibility":null,"drawOrder":null,"icon":null,"COL53838E7":null,"COL5383F8C":null,"COL5383F_1":null,"COL53838_1":null,"COL5383F_2":null,"COL5383F_3":null,"COL5383F_4":null,"COL5383F_5":null,"COL5383F_6":null,"COL5383F_7":null,"COL5383F_8":null,"COL5383F_9":null,"COL5383F10":null,"COL5383F11":null,"COL5383F12":null,"COL5383F13":null,"COL5383F14":null,"COL5383F15":null,"COL5383F16":null,"COL5383F17":null,"COL5383F18":null,"COL5383F19":null,"COL5383F20":null,"COL5383F21":null,"COL5383F22":null,"COL5383F23":null,"COL5383F24":null,"COL5383F25":null},"id":311},
{"type":"Feature","geometry":{"type":"Polygon","coordinates":[[[-58.06745316783966,-35.01325029232418],[-58.06110313206091,-35.01796012803008],[-58.05865788756724,-35.01568328461176],[-58.06497388966225,-35.01097303210333],[-58.06745316783966,-35.01325029232418]]]},"properties":{"fid":312,"id":null,"Name":null,"descriptio":null,"timestamp":null,"begin":null,"end":null,"altitudeMo":null,"tessellate":null,"extrude":null,"visibility":null,"drawOrder":null,"icon":null,"COL53838E7":null,"COL5383F8C":null,"COL5383F_1":null,"COL53838_1":null,"COL5383F_2":null,"COL5383F_3":null,"COL5383F_4":null,"COL5383F_5":null,"COL5383F_6":null,"COL5383F_7":null,"COL5383F_8":null,"COL5383F_9":null,"COL5383F10":null,"COL5383F11":null,"COL5383F12":null,"COL5383F13":null,"COL5383F14":null,"COL5383F15":null,"COL5383F16":null,"COL5383F17":null,"COL5383F18":null,"COL5383F19":null,"COL5383F20":null,"COL5383F21":null,"COL5383F22":null,"COL5383F23":null,"COL5383F24":null,"COL5383F25":null},"id":312},
{"type":"Feature","geometry":{"type":"Polygon","coordinates":[[[-58.07847089553492,-35.02678533957391],[-58.075538761194025,-35.028927653511914],[-58.0731169712826,-35.02670740911133],[-58.07604042229451,-35.02457200805676],[-58.07847089553492,-35.02678533957391]]]},"properties":{"fid":313,"id":null,"Name":null,"descriptio":null,"timestamp":null,"begin":null,"end":null,"altitudeMo":null,"tessellate":null,"extrude":null,"visibility":null,"drawOrder":null,"icon":null,"COL53838E7":null,"COL5383F8C":null,"COL5383F_1":null,"COL53838_1":null,"COL5383F_2":null,"COL5383F_3":null,"COL5383F_4":null,"COL5383F_5":null,"COL5383F_6":null,"COL5383F_7":null,"COL5383F_8":null,"COL5383F_9":null,"COL5383F10":null,"COL5383F11":null,"COL5383F12":null,"COL5383F13":null,"COL5383F14":null,"COL5383F15":null,"COL5383F16":null,"COL5383F17":null,"COL5383F18":null,"COL5383F19":null,"COL5383F20":null,"COL5383F21":null,"COL5383F22":null,"COL5383F23":null,"COL5383F24":null,"COL5383F25":null},"id":313},
{"type":"Feature","geometry":{"type":"Polygon","coordinates":[[[-58.08271112512714,-35.02795731796563],[-58.079899666235875,-35.03003171591931],[-58.07880045972485,-35.029049284217926],[-58.0816279262766,-35.02701712228326],[-58.08271112512714,-35.02795731796563]]]},"properties":{"fid":314,"id":null,"Name":null,"descriptio":null,"timestamp":null,"begin":null,"end":null,"altitudeMo":null,"tessellate":null,"extrude":null,"visibility":null,"drawOrder":null,"icon":null,"COL53838E7":null,"COL5383F8C":null,"COL5383F_1":null,"COL53838_1":null,"COL5383F_2":null,"COL5383F_3":null,"COL5383F_4":null,"COL5383F_5":null,"COL5383F_6":null,"COL5383F_7":null,"COL5383F_8":null,"COL5383F_9":null,"COL5383F10":null,"COL5383F11":null,"COL5383F12":null,"COL5383F13":null,"COL5383F14":null,"COL5383F15":null,"COL5383F16":null,"COL5383F17":null,"COL5383F18":null,"COL5383F19":null,"COL5383F20":null,"COL5383F21":null,"COL5383F22":null,"COL5383F23":null,"COL5383F24":null,"COL5383F25":null},"id":314},
{"type":"Feature","geometry":{"type":"Polygon","coordinates":[[[-58.087479634484225,-35.0243403026216],[-58.08624996351668,-35.02530691934495],[-58.083802645841175,-35.02307948864427],[-58.08505796567447,-35.02210630825259],[-58.087479634484225,-35.0243403026216]]]},"properties":{"fid":315,"id":null,"Name":null,"descriptio":null,"timestamp":null,"begin":null,"end":null,"altitudeMo":null,"tessellate":null,"extrude":null,"visibility":null,"drawOrder":null,"icon":null,"COL53838E7":null,"COL5383F8C":null,"COL5383F_1":null,"COL53838_1":null,"COL5383F_2":null,"COL5383F_3":null,"COL5383F_4":null,"COL5383F_5":null,"COL5383F_6":null,"COL5383F_7":null,"COL5383F_8":null,"COL5383F_9":null,"COL5383F10":null,"COL5383F11":null,"COL5383F12":null,"COL5383F13":null,"COL5383F14":null,"COL5383F15":null,"COL5383F16":null,"COL5383F17":null,"COL5383F18":null,"COL5383F19":null,"COL5383F20":null,"COL5383F21":null,"COL5383F22":null,"COL5383F23":null,"COL5383F24":null,"COL5383F25":null},"id":315},
{"type":"Feature","geometry":{"type":"Polygon","coordinates":[[[-58.08628409878317,-35.01891937730609],[-58.08322302961964,-35.02114376937227],[-58.08202437672348,-35.02005490118773],[-58.08504311215912,-35.017822877753815],[-58.08628409878317,-35.01891937730609]]]},"properties":{"fid":316,"id":null,"Name":null,"descriptio":null,"timestamp":null,"begin":null,"end":null,"altitudeMo":null,"tessellate":null,"extrude":null,"visibility":null,"drawOrder":null,"icon":null,"COL53838E7":null,"COL5383F8C":null,"COL5383F_1":null,"COL53838_1":null,"COL5383F_2":null,"COL5383F_3":null,"COL5383F_4":null,"COL5383F_5":null,"COL5383F_6":null,"COL5383F_7":null,"COL5383F_8":null,"COL5383F_9":null,"COL5383F10":null,"COL5383F11":null,"COL5383F12":null,"COL5383F13":null,"COL5383F14":null,"COL5383F15":null,"COL5383F16":null,"COL5383F17":null,"COL5383F18":null,"COL5383F19":null,"COL5383F20":null,"COL5383F21":null,"COL5383F22":null,"COL5383F23":null,"COL5383F24":null,"COL5383F25":null},"id":316},
{"type":"Feature","geometry":{"type":"Polygon","coordinates":[[[-58.111912211059995,-35.06162151570663],[-58.110329548816566,-35.06276119079596],[-58.109635193345376,-35.062075546948215],[-58.11121327814323,-35.06094979539352],[-58.111912211059995,-35.06162151570663]]]},"properties":{"fid":317,"id":null,"Name":null,"descriptio":null,"timestamp":null,"begin":null,"end":null,"altitudeMo":null,"tessellate":null,"extrude":null,"visibility":null,"drawOrder":null,"icon":null,"COL53838E7":null,"COL5383F8C":null,"COL5383F_1":null,"COL53838_1":null,"COL5383F_2":null,"COL5383F_3":null,"COL5383F_4":null,"COL5383F_5":null,"COL5383F_6":null,"COL5383F_7":null,"COL5383F_8":null,"COL5383F_9":null,"COL5383F10":null,"COL5383F11":null,"COL5383F12":null,"COL5383F13":null,"COL5383F14":null,"COL5383F15":null,"COL5383F16":null,"COL5383F17":null,"COL5383F18":null,"COL5383F19":null,"COL5383F20":null,"COL5383F21":null,"COL5383F22":null,"COL5383F23":null,"COL5383F24":null,"COL5383F25":null},"id":317},
{"type":"Feature","geometry":{"type":"Polygon","coordinates":[[[-58.023109024045866,-34.99536829960567],[-58.01993359843939,-34.997722088994024],[-58.01906153487388,-34.99688269415171],[-58.0221863205935,-34.99451411608125],[-58.023109024045866,-34.99536829960567]]]},"properties":{"fid":318,"id":null,"Name":null,"descriptio":null,"timestamp":null,"begin":null,"end":null,"altitudeMo":null,"tessellate":null,"extrude":null,"visibility":null,"drawOrder":null,"icon":null,"COL53838E7":null,"COL5383F8C":null,"COL5383F_1":null,"COL53838_1":null,"COL5383F_2":null,"COL5383F_3":null,"COL5383F_4":null,"COL5383F_5":null,"COL5383F_6":null,"COL5383F_7":null,"COL5383F_8":null,"COL5383F_9":null,"COL5383F10":null,"COL5383F11":null,"COL5383F12":null,"COL5383F13":null,"COL5383F14":null,"COL5383F15":null,"COL5383F16":null,"COL5383F17":null,"COL5383F18":null,"COL5383F19":null,"COL5383F20":null,"COL5383F21":null,"COL5383F22":null,"COL5383F23":null,"COL5383F24":null,"COL5383F25":null},"id":318},
{"type":"Feature","geometry":{"type":"Polygon","coordinates":[[[-58.00449062801093,-34.97925264849735],[-58.00325367265319,-34.980158865073626],[-58.0019660725838,-34.978952380610146],[-58.00317695068077,-34.97807022309741],[-58.00449062801093,-34.97925264849735]]]},"properties":{"fid":319,"id":null,"Name":null,"descriptio":null,"timestamp":null,"begin":null,"end":null,"altitudeMo":null,"tessellate":null,"extrude":null,"visibility":null,"drawOrder":null,"icon":null,"COL53838E7":null,"COL5383F8C":null,"COL5383F_1":null,"COL53838_1":null,"COL5383F_2":null,"COL5383F_3":null,"COL5383F_4":null,"COL5383F_5":null,"COL5383F_6":null,"COL5383F_7":null,"COL5383F_8":null,"COL5383F_9":null,"COL5383F10":null,"COL5383F11":null,"COL5383F12":null,"COL5383F13":null,"COL5383F14":null,"COL5383F15":null,"COL5383F16":null,"COL5383F17":null,"COL5383F18":null,"COL5383F19":null,"COL5383F20":null,"COL5383F21":null,"COL5383F22":null,"COL5383F23":null,"COL5383F24":null,"COL5383F25":null},"id":319},
{"type":"Feature","geometry":{"type":"Polygon","coordinates":[[[-57.940040080414256,-35.002105276840204],[-57.93850012217931,-35.00319097528673],[-57.93682189778552,-35.00165900477671],[-57.93830361285494,-35.00052338827482],[-57.940040080414256,-35.002105276840204]]]},"properties":{"fid":320,"id":null,"Name":null,"descriptio":null,"timestamp":null,"begin":null,"end":null,"altitudeMo":null,"tessellate":null,"extrude":null,"visibility":null,"drawOrder":null,"icon":null,"COL53838E7":null,"COL5383F8C":null,"COL5383F_1":null,"COL53838_1":null,"COL5383F_2":null,"COL5383F_3":null,"COL5383F_4":null,"COL5383F_5":null,"COL5383F_6":null,"COL5383F_7":null,"COL5383F_8":null,"COL5383F_9":null,"COL5383F10":null,"COL5383F11":null,"COL5383F12":null,"COL5383F13":null,"COL5383F14":null,"COL5383F15":null,"COL5383F16":null,"COL5383F17":null,"COL5383F18":null,"COL5383F19":null,"COL5383F20":null,"COL5383F21":null,"COL5383F22":null,"COL5383F23":null,"COL5383F24":null,"COL5383F25":null},"id":320},
{"type":"Feature","geometry":{"type":"Polygon","coordinates":[[[-57.940176437141595,-35.00480155966166],[-57.93699906870003,-35.007125121016905],[-57.93565774377995,-35.00266889082443],[-57.93572669168471,-35.002292454067394],[-57.93676203979591,-35.001673720735376],[-57.940176437141595,-35.00480155966166]]]},"properties":{"fid":321,"id":null,"Name":null,"descriptio":null,"timestamp":null,"begin":null,"end":null,"altitudeMo":null,"tessellate":null,"extrude":null,"visibility":null,"drawOrder":null,"icon":null,"COL53838E7":null,"COL5383F8C":null,"COL5383F_1":null,"COL53838_1":null,"COL5383F_2":null,"COL5383F_3":null,"COL5383F_4":null,"COL5383F_5":null,"COL5383F_6":null,"COL5383F_7":null,"COL5383F_8":null,"COL5383F_9":null,"COL5383F10":null,"COL5383F11":null,"COL5383F12":null,"COL5383F13":null,"COL5383F14":null,"COL5383F15":null,"COL5383F16":null,"COL5383F17":null,"COL5383F18":null,"COL5383F19":null,"COL5383F20":null,"COL5383F21":null,"COL5383F22":null,"COL5383F23":null,"COL5383F24":null,"COL5383F25":null},"id":321},
{"type":"Feature","geometry":{"type":"Polygon","coordinates":[[[-57.9408837520805,-34.99862145696123],[-57.942503540954334,-34.99739722324737],[-57.94597693410788,-35.00054688008022],[-57.94429644242427,-35.00181908060905],[-57.9408837520805,-34.99862145696123]]]},"properties":{"fid":322,"id":null,"Name":null,"descriptio":null,"timestamp":null,"begin":null,"end":null,"altitudeMo":null,"tessellate":null,"extrude":null,"visibility":null,"drawOrder":null,"icon":null,"COL53838E7":null,"COL5383F8C":null,"COL5383F_1":null,"COL53838_1":null,"COL5383F_2":null,"COL5383F_3":null,"COL5383F_4":null,"COL5383F_5":null,"COL5383F_6":null,"COL5383F_7":null,"COL5383F_8":null,"COL5383F_9":null,"COL5383F10":null,"COL5383F11":null,"COL5383F12":null,"COL5383F13":null,"COL5383F14":null,"COL5383F15":null,"COL5383F16":null,"COL5383F17":null,"COL5383F18":null,"COL5383F19":null,"COL5383F20":null,"COL5383F21":null,"COL5383F22":null,"COL5383F23":null,"COL5383F24":null,"COL5383F25":null},"id":322},
{"type":"Feature","geometry":{"type":"Polygon","coordinates":[[[-57.95701811610859,-34.99534181926769],[-57.95875433240831,-34.99694441950984],[-57.95631390158171,-34.998714481467964],[-57.95460231208408,-34.9971472259857],[-57.95701811610859,-34.99534181926769]]]},"properties":{"fid":323,"id":null,"Name":null,"descriptio":null,"timestamp":null,"begin":null,"end":null,"altitudeMo":null,"tessellate":null,"extrude":null,"visibility":null,"drawOrder":null,"icon":null,"COL53838E7":null,"COL5383F8C":null,"COL5383F_1":null,"COL53838_1":null,"COL5383F_2":null,"COL5383F_3":null,"COL5383F_4":null,"COL5383F_5":null,"COL5383F_6":null,"COL5383F_7":null,"COL5383F_8":null,"COL5383F_9":null,"COL5383F10":null,"COL5383F11":null,"COL5383F12":null,"COL5383F13":null,"COL5383F14":null,"COL5383F15":null,"COL5383F16":null,"COL5383F17":null,"COL5383F18":null,"COL5383F19":null,"COL5383F20":null,"COL5383F21":null,"COL5383F22":null,"COL5383F23":null,"COL5383F24":null,"COL5383F25":null},"id":323},
{"type":"Feature","geometry":{"type":"Polygon","coordinates":[[[-57.98258532694432,-34.9828082936399],[-57.98163783871192,-34.983505812947975],[-57.98067757661277,-34.982647200704115],[-57.98162557714767,-34.981928718716304],[-57.98258532694432,-34.9828082936399]]]},"properties":{"fid":324,"id":null,"Name":null,"descriptio":null,"timestamp":null,"begin":null,"end":null,"altitudeMo":null,"tessellate":null,"extrude":null,"visibility":null,"drawOrder":null,"icon":null,"COL53838E7":null,"COL5383F8C":null,"COL5383F_1":null,"COL53838_1":null,"COL5383F_2":null,"COL5383F_3":null,"COL5383F_4":null,"COL5383F_5":null,"COL5383F_6":null,"COL5383F_7":null,"COL5383F_8":null,"COL5383F_9":null,"COL5383F10":null,"COL5383F11":null,"COL5383F12":null,"COL5383F13":null,"COL5383F14":null,"COL5383F15":null,"COL5383F16":null,"COL5383F17":null,"COL5383F18":null,"COL5383F19":null,"COL5383F20":null,"COL5383F21":null,"COL5383F22":null,"COL5383F23":null,"COL5383F24":null,"COL5383F25":null},"id":324},
{"type":"Feature","geometry":{"type":"Polygon","coordinates":[[[-57.91993611577882,-34.96285629308642],[-57.91921742900582,-34.96339640718724],[-57.91633507312899,-34.960822574283625],[-57.917089131458525,-34.9602271415817],[-57.91993611577882,-34.96285629308642]]]},"properties":{"fid":325,"id":null,"Name":null,"descriptio":null,"timestamp":null,"begin":null,"end":null,"altitudeMo":null,"tessellate":null,"extrude":null,"visibility":null,"drawOrder":null,"icon":null,"COL53838E7":null,"COL5383F8C":null,"COL5383F_1":null,"COL53838_1":null,"COL5383F_2":null,"COL5383F_3":null,"COL5383F_4":null,"COL5383F_5":null,"COL5383F_6":null,"COL5383F_7":null,"COL5383F_8":null,"COL5383F_9":null,"COL5383F10":null,"COL5383F11":null,"COL5383F12":null,"COL5383F13":null,"COL5383F14":null,"COL5383F15":null,"COL5383F16":null,"COL5383F17":null,"COL5383F18":null,"COL5383F19":null,"COL5383F20":null,"COL5383F21":null,"COL5383F22":null,"COL5383F23":null,"COL5383F24":null,"COL5383F25":null},"id":325},
{"type":"Feature","geometry":{"type":"Polygon","coordinates":[[[-57.89718919413635,-34.95310460806616],[-57.89489603723223,-34.95476411076161],[-57.8939753290289,-34.95390201980349],[-57.89621789958181,-34.95222767218253],[-57.89718919413635,-34.95310460806616]]]},"properties":{"fid":326,"id":null,"Name":null,"descriptio":null,"timestamp":null,"begin":null,"end":null,"altitudeMo":null,"tessellate":null,"extrude":null,"visibility":null,"drawOrder":null,"icon":null,"COL53838E7":null,"COL5383F8C":null,"COL5383F_1":null,"COL53838_1":null,"COL5383F_2":null,"COL5383F_3":null,"COL5383F_4":null,"COL5383F_5":null,"COL5383F_6":null,"COL5383F_7":null,"COL5383F_8":null,"COL5383F_9":null,"COL5383F10":null,"COL5383F11":null,"COL5383F12":null,"COL5383F13":null,"COL5383F14":null,"COL5383F15":null,"COL5383F16":null,"COL5383F17":null,"COL5383F18":null,"COL5383F19":null,"COL5383F20":null,"COL5383F21":null,"COL5383F22":null,"COL5383F23":null,"COL5383F24":null,"COL5383F25":null},"id":326},
{"type":"Feature","geometry":{"type":"Polygon","coordinates":[[[-57.8867280716547,-34.943577163916906],[-57.88484095813565,-34.944970828420715],[-57.883937440468955,-34.944108963418415],[-57.88579854449702,-34.942735838142156],[-57.8867280716547,-34.943577163916906]]]},"properties":{"fid":327,"id":null,"Name":null,"descriptio":null,"timestamp":null,"begin":null,"end":null,"altitudeMo":null,"tessellate":null,"extrude":null,"visibility":null,"drawOrder":null,"icon":null,"COL53838E7":null,"COL5383F8C":null,"COL5383F_1":null,"COL53838_1":null,"COL5383F_2":null,"COL5383F_3":null,"COL5383F_4":null,"COL5383F_5":null,"COL5383F_6":null,"COL5383F_7":null,"COL5383F_8":null,"COL5383F_9":null,"COL5383F10":null,"COL5383F11":null,"COL5383F12":null,"COL5383F13":null,"COL5383F14":null,"COL5383F15":null,"COL5383F16":null,"COL5383F17":null,"COL5383F18":null,"COL5383F19":null,"COL5383F20":null,"COL5383F21":null,"COL5383F22":null,"COL5383F23":null,"COL5383F24":null,"COL5383F25":null},"id":327},
{"type":"Feature","geometry":{"type":"Polygon","coordinates":[[[-57.87879531231839,-34.94757155736461],[-57.877488630761746,-34.948513720669254],[-57.87486640553504,-34.94613228050879],[-57.87615627955252,-34.94518285828119],[-57.87879531231839,-34.94757155736461]]]},"properties":{"fid":328,"id":null,"Name":null,"descriptio":null,"timestamp":null,"begin":null,"end":null,"altitudeMo":null,"tessellate":null,"extrude":null,"visibility":null,"drawOrder":null,"icon":null,"COL53838E7":null,"COL5383F8C":null,"COL5383F_1":null,"COL53838_1":null,"COL5383F_2":null,"COL5383F_3":null,"COL5383F_4":null,"COL5383F_5":null,"COL5383F_6":null,"COL5383F_7":null,"COL5383F_8":null,"COL5383F_9":null,"COL5383F10":null,"COL5383F11":null,"COL5383F12":null,"COL5383F13":null,"COL5383F14":null,"COL5383F15":null,"COL5383F16":null,"COL5383F17":null,"COL5383F18":null,"COL5383F19":null,"COL5383F20":null,"COL5383F21":null,"COL5383F22":null,"COL5383F23":null,"COL5383F24":null,"COL5383F25":null},"id":328},
{"type":"Feature","geometry":{"type":"Polygon","coordinates":[[[-57.859134491661095,-34.96391107974369],[-57.86035494934812,-34.96499548658116],[-57.85780905186284,-34.96685959075099],[-57.856622200839816,-34.96578973743826],[-57.859134491661095,-34.96391107974369]]]},"properties":{"fid":329,"id":null,"Name":null,"descriptio":null,"timestamp":null,"begin":null,"end":null,"altitudeMo":null,"tessellate":null,"extrude":null,"visibility":null,"drawOrder":null,"icon":null,"COL53838E7":null,"COL5383F8C":null,"COL5383F_1":null,"COL53838_1":null,"COL5383F_2":null,"COL5383F_3":null,"COL5383F_4":null,"COL5383F_5":null,"COL5383F_6":null,"COL5383F_7":null,"COL5383F_8":null,"COL5383F_9":null,"COL5383F10":null,"COL5383F11":null,"COL5383F12":null,"COL5383F13":null,"COL5383F14":null,"COL5383F15":null,"COL5383F16":null,"COL5383F17":null,"COL5383F18":null,"COL5383F19":null,"COL5383F20":null,"COL5383F21":null,"COL5383F22":null,"COL5383F23":null,"COL5383F24":null,"COL5383F25":null},"id":329},
{"type":"Feature","geometry":{"type":"Polygon","coordinates":[[[-57.85311435467952,-34.96707733735167],[-57.85064538255217,-34.968914676069176],[-57.84982397158233,-34.96816589810818],[-57.852292025371646,-34.96636352300151],[-57.85311435467952,-34.96707733735167]]]},"properties":{"fid":330,"id":null,"Name":null,"descriptio":null,"timestamp":null,"begin":null,"end":null,"altitudeMo":null,"tessellate":null,"extrude":null,"visibility":null,"drawOrder":null,"icon":null,"COL53838E7":null,"COL5383F8C":null,"COL5383F_1":null,"COL53838_1":null,"COL5383F_2":null,"COL5383F_3":null,"COL5383F_4":null,"COL5383F_5":null,"COL5383F_6":null,"COL5383F_7":null,"COL5383F_8":null,"COL5383F_9":null,"COL5383F10":null,"COL5383F11":null,"COL5383F12":null,"COL5383F13":null,"COL5383F14":null,"COL5383F15":null,"COL5383F16":null,"COL5383F17":null,"COL5383F18":null,"COL5383F19":null,"COL5383F20":null,"COL5383F21":null,"COL5383F22":null,"COL5383F23":null,"COL5383F24":null,"COL5383F25":null},"id":330},
{"type":"Feature","geometry":{"type":"Polygon","coordinates":[[[-57.853959799963214,-34.96788245984098],[-57.851474386487105,-34.96969854643467],[-57.85066126844657,-34.96895691340245],[-57.853163292258564,-34.967155122331185],[-57.853959799963214,-34.96788245984098]]]},"properties":{"fid":331,"id":null,"Name":null,"descriptio":null,"timestamp":null,"begin":null,"end":null,"altitudeMo":null,"tessellate":null,"extrude":null,"visibility":null,"drawOrder":null,"icon":null,"COL53838E7":null,"COL5383F8C":null,"COL5383F_1":null,"COL53838_1":null,"COL5383F_2":null,"COL5383F_3":null,"COL5383F_4":null,"COL5383F_5":null,"COL5383F_6":null,"COL5383F_7":null,"COL5383F_8":null,"COL5383F_9":null,"COL5383F10":null,"COL5383F11":null,"COL5383F12":null,"COL5383F13":null,"COL5383F14":null,"COL5383F15":null,"COL5383F16":null,"COL5383F17":null,"COL5383F18":null,"COL5383F19":null,"COL5383F20":null,"COL5383F21":null,"COL5383F22":null,"COL5383F23":null,"COL5383F24":null,"COL5383F25":null},"id":331},
{"type":"Feature","geometry":{"type":"Polygon","coordinates":[[[-57.8481976492022,-34.96603927795473],[-57.85022331590043,-34.967837322735775],[-57.84925352848276,-34.9685403893894],[-57.84726146402758,-34.966756909905335],[-57.8481976492022,-34.96603927795473]]]},"properties":{"fid":332,"id":null,"Name":null,"descriptio":null,"timestamp":null,"begin":null,"end":null,"altitudeMo":null,"tessellate":null,"extrude":null,"visibility":null,"drawOrder":null,"icon":null,"COL53838E7":null,"COL5383F8C":null,"COL5383F_1":null,"COL53838_1":null,"COL5383F_2":null,"COL5383F_3":null,"COL5383F_4":null,"COL5383F_5":null,"COL5383F_6":null,"COL5383F_7":null,"COL5383F_8":null,"COL5383F_9":null,"COL5383F10":null,"COL5383F11":null,"COL5383F12":null,"COL5383F13":null,"COL5383F14":null,"COL5383F15":null,"COL5383F16":null,"COL5383F17":null,"COL5383F18":null,"COL5383F19":null,"COL5383F20":null,"COL5383F21":null,"COL5383F22":null,"COL5383F23":null,"COL5383F24":null,"COL5383F25":null},"id":332},
{"type":"Feature","geometry":{"type":"Polygon","coordinates":[[[-57.85059297619713,-34.9689696895145],[-57.84804655758322,-34.970840564634806],[-57.845217032418816,-34.96827300880571],[-57.84720202966052,-34.966755855878134],[-57.84923563305435,-34.96857503568066],[-57.84976398796582,-34.96818581361107],[-57.85059297619713,-34.9689696895145]]]},"properties":{"fid":333,"id":null,"Name":null,"descriptio":null,"timestamp":null,"begin":null,"end":null,"altitudeMo":null,"tessellate":null,"extrude":null,"visibility":null,"drawOrder":null,"icon":null,"COL53838E7":null,"COL5383F8C":null,"COL5383F_1":null,"COL53838_1":null,"COL5383F_2":null,"COL5383F_3":null,"COL5383F_4":null,"COL5383F_5":null,"COL5383F_6":null,"COL5383F_7":null,"COL5383F_8":null,"COL5383F_9":null,"COL5383F10":null,"COL5383F11":null,"COL5383F12":null,"COL5383F13":null,"COL5383F14":null,"COL5383F15":null,"COL5383F16":null,"COL5383F17":null,"COL5383F18":null,"COL5383F19":null,"COL5383F20":null,"COL5383F21":null,"COL5383F22":null,"COL5383F23":null,"COL5383F24":null,"COL5383F25":null},"id":333},
{"type":"Feature","geometry":{"type":"Polygon","coordinates":[[[-57.84882724849683,-34.97184736166599],[-57.84688735320347,-34.973260448470704],[-57.84566769590587,-34.97214795187709],[-57.84761644069638,-34.97072105585487],[-57.84882724849683,-34.97184736166599]]]},"properties":{"fid":334,"id":null,"Name":null,"descriptio":null,"timestamp":null,"begin":null,"end":null,"altitudeMo":null,"tessellate":null,"extrude":null,"visibility":null,"drawOrder":null,"icon":null,"COL53838E7":null,"COL5383F8C":null,"COL5383F_1":null,"COL53838_1":null,"COL5383F_2":null,"COL5383F_3":null,"COL5383F_4":null,"COL5383F_5":null,"COL5383F_6":null,"COL5383F_7":null,"COL5383F_8":null,"COL5383F_9":null,"COL5383F10":null,"COL5383F11":null,"COL5383F12":null,"COL5383F13":null,"COL5383F14":null,"COL5383F15":null,"COL5383F16":null,"COL5383F17":null,"COL5383F18":null,"COL5383F19":null,"COL5383F20":null,"COL5383F21":null,"COL5383F22":null,"COL5383F23":null,"COL5383F24":null,"COL5383F25":null},"id":334},
{"type":"Feature","geometry":{"type":"Polygon","coordinates":[[[-57.848860664692836,-34.97186893187988],[-57.850080728419705,-34.97296741897447],[-57.84816611749284,-34.97438796644283],[-57.846920769416315,-34.973282019216626],[-57.848860664692836,-34.97186893187988]]]},"properties":{"fid":335,"id":null,"Name":null,"descriptio":null,"timestamp":null,"begin":null,"end":null,"altitudeMo":null,"tessellate":null,"extrude":null,"visibility":null,"drawOrder":null,"icon":null,"COL53838E7":null,"COL5383F8C":null,"COL5383F_1":null,"COL53838_1":null,"COL5383F_2":null,"COL5383F_3":null,"COL5383F_4":null,"COL5383F_5":null,"COL5383F_6":null,"COL5383F_7":null,"COL5383F_8":null,"COL5383F_9":null,"COL5383F10":null,"COL5383F11":null,"COL5383F12":null,"COL5383F13":null,"COL5383F14":null,"COL5383F15":null,"COL5383F16":null,"COL5383F17":null,"COL5383F18":null,"COL5383F19":null,"COL5383F20":null,"COL5383F21":null,"COL5383F22":null,"COL5383F23":null,"COL5383F24":null,"COL5383F25":null},"id":335},
{"type":"Feature","geometry":{"type":"Polygon","coordinates":[[[-57.859313757975244,-34.97269006582152],[-57.85683770812329,-34.974471462393424],[-57.85629390616434,-34.97398635723053],[-57.85876155177148,-34.9722013269959],[-57.859313757975244,-34.97269006582152]]]},"properties":{"fid":336,"id":null,"Name":null,"descriptio":null,"timestamp":null,"begin":null,"end":null,"altitudeMo":null,"tessellate":null,"extrude":null,"visibility":null,"drawOrder":null,"icon":null,"COL53838E7":null,"COL5383F8C":null,"COL5383F_1":null,"COL53838_1":null,"COL5383F_2":null,"COL5383F_3":null,"COL5383F_4":null,"COL5383F_5":null,"COL5383F_6":null,"COL5383F_7":null,"COL5383F_8":null,"COL5383F_9":null,"COL5383F10":null,"COL5383F11":null,"COL5383F12":null,"COL5383F13":null,"COL5383F14":null,"COL5383F15":null,"COL5383F16":null,"COL5383F17":null,"COL5383F18":null,"COL5383F19":null,"COL5383F20":null,"COL5383F21":null,"COL5383F22":null,"COL5383F23":null,"COL5383F24":null,"COL5383F25":null},"id":336},
{"type":"Feature","geometry":{"type":"Polygon","coordinates":[[[-57.85382279301981,-34.979806044624354],[-57.8518339772019,-34.981298757672704],[-57.85078484337216,-34.9803186926915],[-57.85277744228815,-34.978843545163805],[-57.85382279301981,-34.979806044624354]]]},"properties":{"fid":337,"id":null,"Name":null,"descriptio":null,"timestamp":null,"begin":null,"end":null,"altitudeMo":null,"tessellate":null,"extrude":null,"visibility":null,"drawOrder":null,"icon":null,"COL53838E7":null,"COL5383F8C":null,"COL5383F_1":null,"COL53838_1":null,"COL5383F_2":null,"COL5383F_3":null,"COL5383F_4":null,"COL5383F_5":null,"COL5383F_6":null,"COL5383F_7":null,"COL5383F_8":null,"COL5383F_9":null,"COL5383F10":null,"COL5383F11":null,"COL5383F12":null,"COL5383F13":null,"COL5383F14":null,"COL5383F15":null,"COL5383F16":null,"COL5383F17":null,"COL5383F18":null,"COL5383F19":null,"COL5383F20":null,"COL5383F21":null,"COL5383F22":null,"COL5383F23":null,"COL5383F24":null,"COL5383F25":null},"id":337},
{"type":"Feature","geometry":{"type":"Polygon","coordinates":[[[-57.855909396464455,-34.98514861187334],[-57.85400289651796,-34.98657638165591],[-57.85102272207513,-34.983894407075034],[-57.85298034277758,-34.98246059513117],[-57.855909396464455,-34.98514861187334]]]},"properties":{"fid":338,"id":null,"Name":null,"descriptio":null,"timestamp":null,"begin":null,"end":null,"altitudeMo":null,"tessellate":null,"extrude":null,"visibility":null,"drawOrder":null,"icon":null,"COL53838E7":null,"COL5383F8C":null,"COL5383F_1":null,"COL53838_1":null,"COL5383F_2":null,"COL5383F_3":null,"COL5383F_4":null,"COL5383F_5":null,"COL5383F_6":null,"COL5383F_7":null,"COL5383F_8":null,"COL5383F_9":null,"COL5383F10":null,"COL5383F11":null,"COL5383F12":null,"COL5383F13":null,"COL5383F14":null,"COL5383F15":null,"COL5383F16":null,"COL5383F17":null,"COL5383F18":null,"COL5383F19":null,"COL5383F20":null,"COL5383F21":null,"COL5383F22":null,"COL5383F23":null,"COL5383F24":null,"COL5383F25":null},"id":338},
{"type":"Feature","geometry":{"type":"Polygon","coordinates":[[[-57.867936889534434,-34.97807761770595],[-57.86988388079421,-34.97982501339605],[-57.86809194555598,-34.98110817680941],[-57.86619003862312,-34.979424479619695],[-57.867936889534434,-34.97807761770595]]]},"properties":{"fid":339,"id":null,"Name":null,"descriptio":null,"timestamp":null,"begin":null,"end":null,"altitudeMo":null,"tessellate":null,"extrude":null,"visibility":null,"drawOrder":null,"icon":null,"COL53838E7":null,"COL5383F8C":null,"COL5383F_1":null,"COL53838_1":null,"COL5383F_2":null,"COL5383F_3":null,"COL5383F_4":null,"COL5383F_5":null,"COL5383F_6":null,"COL5383F_7":null,"COL5383F_8":null,"COL5383F_9":null,"COL5383F10":null,"COL5383F11":null,"COL5383F12":null,"COL5383F13":null,"COL5383F14":null,"COL5383F15":null,"COL5383F16":null,"COL5383F17":null,"COL5383F18":null,"COL5383F19":null,"COL5383F20":null,"COL5383F21":null,"COL5383F22":null,"COL5383F23":null,"COL5383F24":null,"COL5383F25":null},"id":339},
{"type":"Feature","geometry":{"type":"Polygon","coordinates":[[[-57.86790031338211,-34.98129011682417],[-57.86611689863516,-34.98256990294922],[-57.86463632292935,-34.98118378526176],[-57.86498299931142,-34.98092066580637],[-57.86462266602467,-34.98056469236679],[-57.86507794137578,-34.98020908193773],[-57.866114784711556,-34.98117832121639],[-57.867049986729874,-34.98049898762055],[-57.86790031338211,-34.98129011682417]]]},"properties":{"fid":340,"id":null,"Name":null,"descriptio":null,"timestamp":null,"begin":null,"end":null,"altitudeMo":null,"tessellate":null,"extrude":null,"visibility":null,"drawOrder":null,"icon":null,"COL53838E7":null,"COL5383F8C":null,"COL5383F_1":null,"COL53838_1":null,"COL5383F_2":null,"COL5383F_3":null,"COL5383F_4":null,"COL5383F_5":null,"COL5383F_6":null,"COL5383F_7":null,"COL5383F_8":null,"COL5383F_9":null,"COL5383F10":null,"COL5383F11":null,"COL5383F12":null,"COL5383F13":null,"COL5383F14":null,"COL5383F15":null,"COL5383F16":null,"COL5383F17":null,"COL5383F18":null,"COL5383F19":null,"COL5383F20":null,"COL5383F21":null,"COL5383F22":null,"COL5383F23":null,"COL5383F24":null,"COL5383F25":null},"id":340},
{"type":"Feature","geometry":{"type":"Polygon","coordinates":[[[-57.865315754601866,-34.98544728888776],[-57.866369649183454,-34.98641682645748],[-57.86362294925037,-34.98846630905218],[-57.862586412553156,-34.98748306835498],[-57.865315754601866,-34.98544728888776]]]},"properties":{"fid":341,"id":null,"Name":null,"descriptio":null,"timestamp":null,"begin":null,"end":null,"altitudeMo":null,"tessellate":null,"extrude":null,"visibility":null,"drawOrder":null,"icon":null,"COL53838E7":null,"COL5383F8C":null,"COL5383F_1":null,"COL53838_1":null,"COL5383F_2":null,"COL5383F_3":null,"COL5383F_4":null,"COL5383F_5":null,"COL5383F_6":null,"COL5383F_7":null,"COL5383F_8":null,"COL5383F_9":null,"COL5383F10":null,"COL5383F11":null,"COL5383F12":null,"COL5383F13":null,"COL5383F14":null,"COL5383F15":null,"COL5383F16":null,"COL5383F17":null,"COL5383F18":null,"COL5383F19":null,"COL5383F20":null,"COL5383F21":null,"COL5383F22":null,"COL5383F23":null,"COL5383F24":null,"COL5383F25":null},"id":341},
{"type":"Feature","geometry":{"type":"Polygon","coordinates":[[[-57.91945999247945,-34.99502362577841],[-57.920700477573334,-34.996205685062655],[-57.918418645754365,-34.997890278047535],[-57.91717719607604,-34.99674663939581],[-57.91945999247945,-34.99502362577841]]]},"properties":{"fid":342,"id":null,"Name":null,"descriptio":null,"timestamp":null,"begin":null,"end":null,"altitudeMo":null,"tessellate":null,"extrude":null,"visibility":null,"drawOrder":null,"icon":null,"COL53838E7":null,"COL5383F8C":null,"COL5383F_1":null,"COL53838_1":null,"COL5383F_2":null,"COL5383F_3":null,"COL5383F_4":null,"COL5383F_5":null,"COL5383F_6":null,"COL5383F_7":null,"COL5383F_8":null,"COL5383F_9":null,"COL5383F10":null,"COL5383F11":null,"COL5383F12":null,"COL5383F13":null,"COL5383F14":null,"COL5383F15":null,"COL5383F16":null,"COL5383F17":null,"COL5383F18":null,"COL5383F19":null,"COL5383F20":null,"COL5383F21":null,"COL5383F22":null,"COL5383F23":null,"COL5383F24":null,"COL5383F25":null},"id":342},
{"type":"Feature","geometry":{"type":"Polygon","coordinates":[[[-57.85774534674631,-34.97762195331625],[-57.856520435222315,-34.97849538979633],[-57.85605130505474,-34.978078032465895],[-57.85722535537584,-34.977200206409236],[-57.85774534674631,-34.97762195331625]]]},"properties":{"fid":343,"id":null,"Name":null,"descriptio":null,"timestamp":null,"begin":null,"end":null,"altitudeMo":null,"tessellate":null,"extrude":null,"visibility":null,"drawOrder":null,"icon":null,"COL53838E7":null,"COL5383F8C":null,"COL5383F_1":null,"COL53838_1":null,"COL5383F_2":null,"COL5383F_3":null,"COL5383F_4":null,"COL5383F_5":null,"COL5383F_6":null,"COL5383F_7":null,"COL5383F_8":null,"COL5383F_9":null,"COL5383F10":null,"COL5383F11":null,"COL5383F12":null,"COL5383F13":null,"COL5383F14":null,"COL5383F15":null,"COL5383F16":null,"COL5383F17":null,"COL5383F18":null,"COL5383F19":null,"COL5383F20":null,"COL5383F21":null,"COL5383F22":null,"COL5383F23":null,"COL5383F24":null,"COL5383F25":null},"id":343},
{"type":"Feature","geometry":{"type":"Polygon","coordinates":[[[-57.861095177538125,-34.98160742185253],[-57.86310270173489,-34.98347486681996],[-57.86176055946383,-34.984444188272484],[-57.859725747847634,-34.9826461670058],[-57.861095177538125,-34.98160742185253]]]},"properties":{"fid":344,"id":null,"Name":null,"descriptio":null,"timestamp":null,"begin":null,"end":null,"altitudeMo":null,"tessellate":null,"extrude":null,"visibility":null,"drawOrder":null,"icon":null,"COL53838E7":null,"COL5383F8C":null,"COL5383F_1":null,"COL53838_1":null,"COL5383F_2":null,"COL5383F_3":null,"COL5383F_4":null,"COL5383F_5":null,"COL5383F_6":null,"COL5383F_7":null,"COL5383F_8":null,"COL5383F_9":null,"COL5383F10":null,"COL5383F11":null,"COL5383F12":null,"COL5383F13":null,"COL5383F14":null,"COL5383F15":null,"COL5383F16":null,"COL5383F17":null,"COL5383F18":null,"COL5383F19":null,"COL5383F20":null,"COL5383F21":null,"COL5383F22":null,"COL5383F23":null,"COL5383F24":null,"COL5383F25":null},"id":344},
{"type":"Feature","geometry":{"type":"Polygon","coordinates":[[[-57.86899064512531,-35.000843321990736],[-57.87015338746425,-35.00188466729683],[-57.8677346576296,-35.003723214714924],[-57.866521681831166,-35.00265299263545],[-57.86899064512531,-35.000843321990736]]]},"properties":{"fid":345,"id":null,"Name":null,"descriptio":null,"timestamp":null,"begin":null,"end":null,"altitudeMo":null,"tessellate":null,"extrude":null,"visibility":null,"drawOrder":null,"icon":null,"COL53838E7":null,"COL5383F8C":null,"COL5383F_1":null,"COL53838_1":null,"COL5383F_2":null,"COL5383F_3":null,"COL5383F_4":null,"COL5383F_5":null,"COL5383F_6":null,"COL5383F_7":null,"COL5383F_8":null,"COL5383F_9":null,"COL5383F10":null,"COL5383F11":null,"COL5383F12":null,"COL5383F13":null,"COL5383F14":null,"COL5383F15":null,"COL5383F16":null,"COL5383F17":null,"COL5383F18":null,"COL5383F19":null,"COL5383F20":null,"COL5383F21":null,"COL5383F22":null,"COL5383F23":null,"COL5383F24":null,"COL5383F25":null},"id":345},
{"type":"Feature","geometry":{"type":"Polygon","coordinates":[[[-57.87020787612356,-35.00191359441939],[-57.871386732407124,-35.00299017450551],[-57.86895443701858,-35.00485997490994],[-57.86776772874787,-35.003758759219224],[-57.87020787612356,-35.00191359441939]]]},"properties":{"fid":346,"id":null,"Name":null,"descriptio":null,"timestamp":null,"begin":null,"end":null,"altitudeMo":null,"tessellate":null,"extrude":null,"visibility":null,"drawOrder":null,"icon":null,"COL53838E7":null,"COL5383F8C":null,"COL5383F_1":null,"COL53838_1":null,"COL5383F_2":null,"COL5383F_3":null,"COL5383F_4":null,"COL5383F_5":null,"COL5383F_6":null,"COL5383F_7":null,"COL5383F_8":null,"COL5383F_9":null,"COL5383F10":null,"COL5383F11":null,"COL5383F12":null,"COL5383F13":null,"COL5383F14":null,"COL5383F15":null,"COL5383F16":null,"COL5383F17":null,"COL5383F18":null,"COL5383F19":null,"COL5383F20":null,"COL5383F21":null,"COL5383F22":null,"COL5383F23":null,"COL5383F24":null,"COL5383F25":null},"id":346},
{"type":"Feature","geometry":{"type":"Polygon","coordinates":[[[-57.8212371708266,-34.95702211665216],[-57.82587826606625,-34.9613848177232],[-57.82457964082006,-34.962312552552206],[-57.81960750428953,-34.95762219629707],[-57.8212371708266,-34.95702211665216]]]},"properties":{"fid":347,"id":null,"Name":null,"descriptio":null,"timestamp":null,"begin":null,"end":null,"altitudeMo":null,"tessellate":null,"extrude":null,"visibility":null,"drawOrder":null,"icon":null,"COL53838E7":null,"COL5383F8C":null,"COL5383F_1":null,"COL53838_1":null,"COL5383F_2":null,"COL5383F_3":null,"COL5383F_4":null,"COL5383F_5":null,"COL5383F_6":null,"COL5383F_7":null,"COL5383F_8":null,"COL5383F_9":null,"COL5383F10":null,"COL5383F11":null,"COL5383F12":null,"COL5383F13":null,"COL5383F14":null,"COL5383F15":null,"COL5383F16":null,"COL5383F17":null,"COL5383F18":null,"COL5383F19":null,"COL5383F20":null,"COL5383F21":null,"COL5383F22":null,"COL5383F23":null,"COL5383F24":null,"COL5383F25":null},"id":347},
{"type":"Feature","geometry":{"type":"Polygon","coordinates":[[[-57.839282251203024,-34.954897185661665],[-57.843722302743245,-34.95918571550302],[-57.841269019373044,-34.960750430421896],[-57.83619594801549,-34.95598901599347],[-57.839282251203024,-34.954897185661665]]]},"properties":{"fid":348,"id":null,"Name":null,"descriptio":null,"timestamp":null,"begin":null,"end":null,"altitudeMo":null,"tessellate":null,"extrude":null,"visibility":null,"drawOrder":null,"icon":null,"COL53838E7":null,"COL5383F8C":null,"COL5383F_1":null,"COL53838_1":null,"COL5383F_2":null,"COL5383F_3":null,"COL5383F_4":null,"COL5383F_5":null,"COL5383F_6":null,"COL5383F_7":null,"COL5383F_8":null,"COL5383F_9":null,"COL5383F10":null,"COL5383F11":null,"COL5383F12":null,"COL5383F13":null,"COL5383F14":null,"COL5383F15":null,"COL5383F16":null,"COL5383F17":null,"COL5383F18":null,"COL5383F19":null,"COL5383F20":null,"COL5383F21":null,"COL5383F22":null,"COL5383F23":null,"COL5383F24":null,"COL5383F25":null},"id":348},
{"type":"Feature","geometry":{"type":"Polygon","coordinates":[[[-58.16969019768836,-34.93419253399849],[-58.169274928918064,-34.93682969593071],[-58.16609486664513,-34.93929926010825],[-58.16367844615452,-34.93722074290574],[-58.16869110933933,-34.933296333564265],[-58.16969019768836,-34.93419253399849]]]},"properties":{"fid":349,"id":null,"Name":null,"descriptio":null,"timestamp":null,"begin":null,"end":null,"altitudeMo":null,"tessellate":null,"extrude":null,"visibility":null,"drawOrder":null,"icon":null,"COL53838E7":null,"COL5383F8C":null,"COL5383F_1":null,"COL53838_1":null,"COL5383F_2":null,"COL5383F_3":null,"COL5383F_4":null,"COL5383F_5":null,"COL5383F_6":null,"COL5383F_7":null,"COL5383F_8":null,"COL5383F_9":null,"COL5383F10":null,"COL5383F11":null,"COL5383F12":null,"COL5383F13":null,"COL5383F14":null,"COL5383F15":null,"COL5383F16":null,"COL5383F17":null,"COL5383F18":null,"COL5383F19":null,"COL5383F20":null,"COL5383F21":null,"COL5383F22":null,"COL5383F23":null,"COL5383F24":null,"COL5383F25":null},"id":349},
{"type":"Feature","geometry":{"type":"Polygon","coordinates":[[[-58.12483272877483,-34.874646933076725],[-58.1224310040707,-34.87652598606185],[-58.120026132635594,-34.8744398134105],[-58.12154753507344,-34.87321155744367],[-58.12218075102734,-34.87372485039836],[-58.12293271481842,-34.873121065816306],[-58.12483272877483,-34.874646933076725]]]},"properties":{"fid":350,"id":null,"Name":null,"descriptio":null,"timestamp":null,"begin":null,"end":null,"altitudeMo":null,"tessellate":null,"extrude":null,"visibility":null,"drawOrder":null,"icon":null,"COL53838E7":null,"COL5383F8C":null,"COL5383F_1":null,"COL53838_1":null,"COL5383F_2":null,"COL5383F_3":null,"COL5383F_4":null,"COL5383F_5":null,"COL5383F_6":null,"COL5383F_7":null,"COL5383F_8":null,"COL5383F_9":null,"COL5383F10":null,"COL5383F11":null,"COL5383F12":null,"COL5383F13":null,"COL5383F14":null,"COL5383F15":null,"COL5383F16":null,"COL5383F17":null,"COL5383F18":null,"COL5383F19":null,"COL5383F20":null,"COL5383F21":null,"COL5383F22":null,"COL5383F23":null,"COL5383F24":null,"COL5383F25":null},"id":350},
{"type":"Feature","geometry":{"type":"Polygon","coordinates":[[[-58.17717170862164,-34.923147406832555],[-58.17599192035503,-34.92408776530608],[-58.17503448858433,-34.92399645970049],[-58.175237143364306,-34.92251344980026],[-58.175850838765065,-34.92202265333613],[-58.17717170862164,-34.923147406832555]]]},"properties":{"fid":351,"id":null,"Name":null,"descriptio":null,"timestamp":null,"begin":null,"end":null,"altitudeMo":null,"tessellate":null,"extrude":null,"visibility":null,"drawOrder":null,"icon":null,"COL53838E7":null,"COL5383F8C":null,"COL5383F_1":null,"COL53838_1":null,"COL5383F_2":null,"COL5383F_3":null,"COL5383F_4":null,"COL5383F_5":null,"COL5383F_6":null,"COL5383F_7":null,"COL5383F_8":null,"COL5383F_9":null,"COL5383F10":null,"COL5383F11":null,"COL5383F12":null,"COL5383F13":null,"COL5383F14":null,"COL5383F15":null,"COL5383F16":null,"COL5383F17":null,"COL5383F18":null,"COL5383F19":null,"COL5383F20":null,"COL5383F21":null,"COL5383F22":null,"COL5383F23":null,"COL5383F24":null,"COL5383F25":null},"id":351},
{"type":"Feature","geometry":{"type":"Polygon","coordinates":[[[-58.111233890697676,-34.869903931514585],[-58.110486436175215,-34.87049372677022],[-58.10903921090019,-34.86921944535878],[-58.1097781814719,-34.86862952695375],[-58.111233890697676,-34.869903931514585]]]},"properties":{"fid":352,"id":null,"Name":null,"descriptio":null,"timestamp":null,"begin":null,"end":null,"altitudeMo":null,"tessellate":null,"extrude":null,"visibility":null,"drawOrder":null,"icon":null,"COL53838E7":null,"COL5383F8C":null,"COL5383F_1":null,"COL53838_1":null,"COL5383F_2":null,"COL5383F_3":null,"COL5383F_4":null,"COL5383F_5":null,"COL5383F_6":null,"COL5383F_7":null,"COL5383F_8":null,"COL5383F_9":null,"COL5383F10":null,"COL5383F11":null,"COL5383F12":null,"COL5383F13":null,"COL5383F14":null,"COL5383F15":null,"COL5383F16":null,"COL5383F17":null,"COL5383F18":null,"COL5383F19":null,"COL5383F20":null,"COL5383F21":null,"COL5383F22":null,"COL5383F23":null,"COL5383F24":null,"COL5383F25":null},"id":352},
{"type":"Feature","geometry":{"type":"Polygon","coordinates":[[[-58.099407037805165,-34.86247467809457],[-58.09865092981043,-34.86307125870825],[-58.097919067938875,-34.86243042582141],[-58.0986625336597,-34.86183015539073],[-58.099407037805165,-34.86247467809457]]]},"properties":{"fid":353,"id":null,"Name":null,"descriptio":null,"timestamp":null,"begin":null,"end":null,"altitudeMo":null,"tessellate":null,"extrude":null,"visibility":null,"drawOrder":null,"icon":null,"COL53838E7":null,"COL5383F8C":null,"COL5383F_1":null,"COL53838_1":null,"COL5383F_2":null,"COL5383F_3":null,"COL5383F_4":null,"COL5383F_5":null,"COL5383F_6":null,"COL5383F_7":null,"COL5383F_8":null,"COL5383F_9":null,"COL5383F10":null,"COL5383F11":null,"COL5383F12":null,"COL5383F13":null,"COL5383F14":null,"COL5383F15":null,"COL5383F16":null,"COL5383F17":null,"COL5383F18":null,"COL5383F19":null,"COL5383F20":null,"COL5383F21":null,"COL5383F22":null,"COL5383F23":null,"COL5383F24":null,"COL5383F25":null},"id":353},
{"type":"Feature","geometry":{"type":"Polygon","coordinates":[[[-58.02939434984367,-34.86847182745417],[-58.027324278600545,-34.869350841818466],[-58.02697326906618,-34.8687717150489],[-58.027462243382104,-34.86837055803361],[-58.02893233400836,-34.86774405239216],[-58.02939434984367,-34.86847182745417]]]},"properties":{"fid":354,"id":null,"Name":null,"descriptio":null,"timestamp":null,"begin":null,"end":null,"altitudeMo":null,"tessellate":null,"extrude":null,"visibility":null,"drawOrder":null,"icon":null,"COL53838E7":null,"COL5383F8C":null,"COL5383F_1":null,"COL53838_1":null,"COL5383F_2":null,"COL5383F_3":null,"COL5383F_4":null,"COL5383F_5":null,"COL5383F_6":null,"COL5383F_7":null,"COL5383F_8":null,"COL5383F_9":null,"COL5383F10":null,"COL5383F11":null,"COL5383F12":null,"COL5383F13":null,"COL5383F14":null,"COL5383F15":null,"COL5383F16":null,"COL5383F17":null,"COL5383F18":null,"COL5383F19":null,"COL5383F20":null,"COL5383F21":null,"COL5383F22":null,"COL5383F23":null,"COL5383F24":null,"COL5383F25":null},"id":354},
{"type":"Feature","geometry":{"type":"Polygon","coordinates":[[[-58.014136816619754,-34.89394468708852],[-58.01254695758032,-34.895114495928006],[-58.011982587931236,-34.89458428537099],[-58.01358092797727,-34.89341462244046],[-58.014136816619754,-34.89394468708852]]]},"properties":{"fid":355,"id":null,"Name":null,"descriptio":null,"timestamp":null,"begin":null,"end":null,"altitudeMo":null,"tessellate":null,"extrude":null,"visibility":null,"drawOrder":null,"icon":null,"COL53838E7":null,"COL5383F8C":null,"COL5383F_1":null,"COL53838_1":null,"COL5383F_2":null,"COL5383F_3":null,"COL5383F_4":null,"COL5383F_5":null,"COL5383F_6":null,"COL5383F_7":null,"COL5383F_8":null,"COL5383F_9":null,"COL5383F10":null,"COL5383F11":null,"COL5383F12":null,"COL5383F13":null,"COL5383F14":null,"COL5383F15":null,"COL5383F16":null,"COL5383F17":null,"COL5383F18":null,"COL5383F19":null,"COL5383F20":null,"COL5383F21":null,"COL5383F22":null,"COL5383F23":null,"COL5383F24":null,"COL5383F25":null},"id":355},
{"type":"Feature","geometry":{"type":"Polygon","coordinates":[[[-58.01388918340153,-34.89101057239044],[-58.015728144040445,-34.89271194338856],[-58.01571806277637,-34.89277821229488],[-58.01417533127838,-34.893931330531345],[-58.012282243558474,-34.892187092997915],[-58.01388918340153,-34.89101057239044]]]},"properties":{"fid":356,"id":null,"Name":null,"descriptio":null,"timestamp":null,"begin":null,"end":null,"altitudeMo":null,"tessellate":null,"extrude":null,"visibility":null,"drawOrder":null,"icon":null,"COL53838E7":null,"COL5383F8C":null,"COL5383F_1":null,"COL53838_1":null,"COL5383F_2":null,"COL5383F_3":null,"COL5383F_4":null,"COL5383F_5":null,"COL5383F_6":null,"COL5383F_7":null,"COL5383F_8":null,"COL5383F_9":null,"COL5383F10":null,"COL5383F11":null,"COL5383F12":null,"COL5383F13":null,"COL5383F14":null,"COL5383F15":null,"COL5383F16":null,"COL5383F17":null,"COL5383F18":null,"COL5383F19":null,"COL5383F20":null,"COL5383F21":null,"COL5383F22":null,"COL5383F23":null,"COL5383F24":null,"COL5383F25":null},"id":356},
{"type":"Feature","geometry":{"type":"Polygon","coordinates":[[[-58.00026299774789,-34.901041421640855],[-57.99879218983406,-34.9021885272863],[-57.99784206592312,-34.9012917599502],[-57.99932483362755,-34.90017633093034],[-58.00026299774789,-34.901041421640855]]]},"properties":{"fid":357,"id":null,"Name":null,"descriptio":null,"timestamp":null,"begin":null,"end":null,"altitudeMo":null,"tessellate":null,"extrude":null,"visibility":null,"drawOrder":null,"icon":null,"COL53838E7":null,"COL5383F8C":null,"COL5383F_1":null,"COL53838_1":null,"COL5383F_2":null,"COL5383F_3":null,"COL5383F_4":null,"COL5383F_5":null,"COL5383F_6":null,"COL5383F_7":null,"COL5383F_8":null,"COL5383F_9":null,"COL5383F10":null,"COL5383F11":null,"COL5383F12":null,"COL5383F13":null,"COL5383F14":null,"COL5383F15":null,"COL5383F16":null,"COL5383F17":null,"COL5383F18":null,"COL5383F19":null,"COL5383F20":null,"COL5383F21":null,"COL5383F22":null,"COL5383F23":null,"COL5383F24":null,"COL5383F25":null},"id":357},
{"type":"Feature","geometry":{"type":"Polygon","coordinates":[[[-58.04113897804847,-34.94945818867645],[-58.04012802183952,-34.950183131625906],[-58.03719274446348,-34.94754831744549],[-58.03819570196216,-34.94680229040549],[-58.04113897804847,-34.94945818867645]]]},"properties":{"fid":358,"id":null,"Name":null,"descriptio":null,"timestamp":null,"begin":null,"end":null,"altitudeMo":null,"tessellate":null,"extrude":null,"visibility":null,"drawOrder":null,"icon":null,"COL53838E7":null,"COL5383F8C":null,"COL5383F_1":null,"COL53838_1":null,"COL5383F_2":null,"COL5383F_3":null,"COL5383F_4":null,"COL5383F_5":null,"COL5383F_6":null,"COL5383F_7":null,"COL5383F_8":null,"COL5383F_9":null,"COL5383F10":null,"COL5383F11":null,"COL5383F12":null,"COL5383F13":null,"COL5383F14":null,"COL5383F15":null,"COL5383F16":null,"COL5383F17":null,"COL5383F18":null,"COL5383F19":null,"COL5383F20":null,"COL5383F21":null,"COL5383F22":null,"COL5383F23":null,"COL5383F24":null,"COL5383F25":null},"id":358},
{"type":"Feature","geometry":{"type":"Polygon","coordinates":[[[-58.038253905944046,-34.945072467654654],[-58.03923925812482,-34.945955511975306],[-58.03715945249772,-34.947519807387465],[-58.03619125141214,-34.946630030827244],[-58.038253905944046,-34.945072467654654]]]},"properties":{"fid":359,"id":null,"Name":null,"descriptio":null,"timestamp":null,"begin":null,"end":null,"altitudeMo":null,"tessellate":null,"extrude":null,"visibility":null,"drawOrder":null,"icon":null,"COL53838E7":null,"COL5383F8C":null,"COL5383F_1":null,"COL53838_1":null,"COL5383F_2":null,"COL5383F_3":null,"COL5383F_4":null,"COL5383F_5":null,"COL5383F_6":null,"COL5383F_7":null,"COL5383F_8":null,"COL5383F_9":null,"COL5383F10":null,"COL5383F11":null,"COL5383F12":null,"COL5383F13":null,"COL5383F14":null,"COL5383F15":null,"COL5383F16":null,"COL5383F17":null,"COL5383F18":null,"COL5383F19":null,"COL5383F20":null,"COL5383F21":null,"COL5383F22":null,"COL5383F23":null,"COL5383F24":null,"COL5383F25":null},"id":359},
{"type":"Feature","geometry":{"type":"Polygon","coordinates":[[[-58.03639982379178,-34.948923603877375],[-58.035448347029806,-34.94964597262607],[-58.03502054663769,-34.949243947465405],[-58.035967193587055,-34.948545979312186],[-58.03639982379178,-34.948923603877375]]]},"properties":{"fid":360,"id":null,"Name":null,"descriptio":null,"timestamp":null,"begin":null,"end":null,"altitudeMo":null,"tessellate":null,"extrude":null,"visibility":null,"drawOrder":null,"icon":null,"COL53838E7":null,"COL5383F8C":null,"COL5383F_1":null,"COL53838_1":null,"COL5383F_2":null,"COL5383F_3":null,"COL5383F_4":null,"COL5383F_5":null,"COL5383F_6":null,"COL5383F_7":null,"COL5383F_8":null,"COL5383F_9":null,"COL5383F10":null,"COL5383F11":null,"COL5383F12":null,"COL5383F13":null,"COL5383F14":null,"COL5383F15":null,"COL5383F16":null,"COL5383F17":null,"COL5383F18":null,"COL5383F19":null,"COL5383F20":null,"COL5383F21":null,"COL5383F22":null,"COL5383F23":null,"COL5383F24":null,"COL5383F25":null},"id":360},
{"type":"Feature","geometry":{"type":"Polygon","coordinates":[[[-58.03992717659064,-34.95023583354923],[-58.03992334827887,-34.95039661029285],[-58.03799493161977,-34.951840983972176],[-58.037842109754905,-34.951838514509156],[-58.03655565763775,-34.95057996253305],[-58.03854599496888,-34.94903171695433],[-58.03992717659064,-34.95023583354923]]]},"properties":{"fid":361,"id":null,"Name":null,"descriptio":null,"timestamp":null,"begin":null,"end":null,"altitudeMo":null,"tessellate":null,"extrude":null,"visibility":null,"drawOrder":null,"icon":null,"COL53838E7":null,"COL5383F8C":null,"COL5383F_1":null,"COL53838_1":null,"COL5383F_2":null,"COL5383F_3":null,"COL5383F_4":null,"COL5383F_5":null,"COL5383F_6":null,"COL5383F_7":null,"COL5383F_8":null,"COL5383F_9":null,"COL5383F10":null,"COL5383F11":null,"COL5383F12":null,"COL5383F13":null,"COL5383F14":null,"COL5383F15":null,"COL5383F16":null,"COL5383F17":null,"COL5383F18":null,"COL5383F19":null,"COL5383F20":null,"COL5383F21":null,"COL5383F22":null,"COL5383F23":null,"COL5383F24":null,"COL5383F25":null},"id":361},
{"type":"Feature","geometry":{"type":"Polygon","coordinates":[[[-58.040699480949996,-34.95489862874078],[-58.03756960963653,-34.957211706419564],[-58.03464083170298,-34.95465385799212],[-58.037813131606434,-34.95234154044032],[-58.040699480949996,-34.95489862874078]]]},"properties":{"fid":362,"id":null,"Name":null,"descriptio":null,"timestamp":null,"begin":null,"end":null,"altitudeMo":null,"tessellate":null,"extrude":null,"visibility":null,"drawOrder":null,"icon":null,"COL53838E7":null,"COL5383F8C":null,"COL5383F_1":null,"COL53838_1":null,"COL5383F_2":null,"COL5383F_3":null,"COL5383F_4":null,"COL5383F_5":null,"COL5383F_6":null,"COL5383F_7":null,"COL5383F_8":null,"COL5383F_9":null,"COL5383F10":null,"COL5383F11":null,"COL5383F12":null,"COL5383F13":null,"COL5383F14":null,"COL5383F15":null,"COL5383F16":null,"COL5383F17":null,"COL5383F18":null,"COL5383F19":null,"COL5383F20":null,"COL5383F21":null,"COL5383F22":null,"COL5383F23":null,"COL5383F24":null,"COL5383F25":null},"id":362},
{"type":"Feature","geometry":{"type":"Polygon","coordinates":[[[-58.04384589808102,-34.95759970034074],[-58.04066339463958,-34.95998193841353],[-58.037701959855575,-34.95736069789766],[-58.04083216628909,-34.95503363634068],[-58.04384589808102,-34.95759970034074]]]},"properties":{"fid":363,"id":null,"Name":null,"descriptio":null,"timestamp":null,"begin":null,"end":null,"altitudeMo":null,"tessellate":null,"extrude":null,"visibility":null,"drawOrder":null,"icon":null,"COL53838E7":null,"COL5383F8C":null,"COL5383F_1":null,"COL53838_1":null,"COL5383F_2":null,"COL5383F_3":null,"COL5383F_4":null,"COL5383F_5":null,"COL5383F_6":null,"COL5383F_7":null,"COL5383F_8":null,"COL5383F_9":null,"COL5383F10":null,"COL5383F11":null,"COL5383F12":null,"COL5383F13":null,"COL5383F14":null,"COL5383F15":null,"COL5383F16":null,"COL5383F17":null,"COL5383F18":null,"COL5383F19":null,"COL5383F20":null,"COL5383F21":null,"COL5383F22":null,"COL5383F23":null,"COL5383F24":null,"COL5383F25":null},"id":363},
{"type":"Feature","geometry":{"type":"Polygon","coordinates":[[[-58.040369708004704,-34.96018698762615],[-58.03720365347403,-34.96258338202197],[-58.03133464103358,-34.95722965036347],[-58.0344823290425,-34.95488905315524],[-58.040369708004704,-34.96018698762615]]]},"properties":{"fid":364,"id":null,"Name":null,"descriptio":null,"timestamp":null,"begin":null,"end":null,"altitudeMo":null,"tessellate":null,"extrude":null,"visibility":null,"drawOrder":null,"icon":null,"COL53838E7":null,"COL5383F8C":null,"COL5383F_1":null,"COL53838_1":null,"COL5383F_2":null,"COL5383F_3":null,"COL5383F_4":null,"COL5383F_5":null,"COL5383F_6":null,"COL5383F_7":null,"COL5383F_8":null,"COL5383F_9":null,"COL5383F10":null,"COL5383F11":null,"COL5383F12":null,"COL5383F13":null,"COL5383F14":null,"COL5383F15":null,"COL5383F16":null,"COL5383F17":null,"COL5383F18":null,"COL5383F19":null,"COL5383F20":null,"COL5383F21":null,"COL5383F22":null,"COL5383F23":null,"COL5383F24":null,"COL5383F25":null},"id":364},
{"type":"Feature","geometry":{"type":"Polygon","coordinates":[[[-58.04824349488422,-34.96163549327245],[-58.049981423568696,-34.96330327406114],[-58.045197690684084,-34.96693261894206],[-58.04369294263851,-34.965551743860416],[-58.042397255069915,-34.966453929578975],[-58.043978422400976,-34.96783605179195],[-58.04348607804414,-34.96817776629807],[-58.041619189196,-34.96648683492598],[-58.04824349488422,-34.96163549327245]]]},"properties":{"fid":365,"id":null,"Name":null,"descriptio":null,"timestamp":null,"begin":null,"end":null,"altitudeMo":null,"tessellate":null,"extrude":null,"visibility":null,"drawOrder":null,"icon":null,"COL53838E7":null,"COL5383F8C":null,"COL5383F_1":null,"COL53838_1":null,"COL5383F_2":null,"COL5383F_3":null,"COL5383F_4":null,"COL5383F_5":null,"COL5383F_6":null,"COL5383F_7":null,"COL5383F_8":null,"COL5383F_9":null,"COL5383F10":null,"COL5383F11":null,"COL5383F12":null,"COL5383F13":null,"COL5383F14":null,"COL5383F15":null,"COL5383F16":null,"COL5383F17":null,"COL5383F18":null,"COL5383F19":null,"COL5383F20":null,"COL5383F21":null,"COL5383F22":null,"COL5383F23":null,"COL5383F24":null,"COL5383F25":null},"id":365},
{"type":"Feature","geometry":{"type":"Polygon","coordinates":[[[-58.0502478458294,-34.963531328453435],[-58.052101041295195,-34.96526736425101],[-58.04896091784598,-34.967650496447355],[-58.047057287951894,-34.96589262324251],[-58.0502478458294,-34.963531328453435]]]},"properties":{"fid":366,"id":null,"Name":null,"descriptio":null,"timestamp":null,"begin":null,"end":null,"altitudeMo":null,"tessellate":null,"extrude":null,"visibility":null,"drawOrder":null,"icon":null,"COL53838E7":null,"COL5383F8C":null,"COL5383F_1":null,"COL53838_1":null,"COL5383F_2":null,"COL5383F_3":null,"COL5383F_4":null,"COL5383F_5":null,"COL5383F_6":null,"COL5383F_7":null,"COL5383F_8":null,"COL5383F_9":null,"COL5383F10":null,"COL5383F11":null,"COL5383F12":null,"COL5383F13":null,"COL5383F14":null,"COL5383F15":null,"COL5383F16":null,"COL5383F17":null,"COL5383F18":null,"COL5383F19":null,"COL5383F20":null,"COL5383F21":null,"COL5383F22":null,"COL5383F23":null,"COL5383F24":null,"COL5383F25":null},"id":366},
{"type":"Feature","geometry":{"type":"Polygon","coordinates":[[[-58.04396120924512,-34.97463293599415],[-58.040659460704425,-34.97699924939842],[-58.0369201748908,-34.973484316112014],[-58.040119974739326,-34.971116456848854],[-58.04396120924512,-34.97463293599415]]]},"properties":{"fid":367,"id":null,"Name":null,"descriptio":null,"timestamp":null,"begin":null,"end":null,"altitudeMo":null,"tessellate":null,"extrude":null,"visibility":null,"drawOrder":null,"icon":null,"COL53838E7":null,"COL5383F8C":null,"COL5383F_1":null,"COL53838_1":null,"COL5383F_2":null,"COL5383F_3":null,"COL5383F_4":null,"COL5383F_5":null,"COL5383F_6":null,"COL5383F_7":null,"COL5383F_8":null,"COL5383F_9":null,"COL5383F10":null,"COL5383F11":null,"COL5383F12":null,"COL5383F13":null,"COL5383F14":null,"COL5383F15":null,"COL5383F16":null,"COL5383F17":null,"COL5383F18":null,"COL5383F19":null,"COL5383F20":null,"COL5383F21":null,"COL5383F22":null,"COL5383F23":null,"COL5383F24":null,"COL5383F25":null},"id":367},
{"type":"Feature","geometry":{"type":"Polygon","coordinates":[[[-58.04934571457883,-34.973992313302084],[-58.04835150026018,-34.97471758736573],[-58.04653998099411,-34.97301013693527],[-58.04747557307352,-34.972248969729456],[-58.04934571457883,-34.973992313302084]]]},"properties":{"fid":368,"id":null,"Name":null,"descriptio":null,"timestamp":null,"begin":null,"end":null,"altitudeMo":null,"tessellate":null,"extrude":null,"visibility":null,"drawOrder":null,"icon":null,"COL53838E7":null,"COL5383F8C":null,"COL5383F_1":null,"COL53838_1":null,"COL5383F_2":null,"COL5383F_3":null,"COL5383F_4":null,"COL5383F_5":null,"COL5383F_6":null,"COL5383F_7":null,"COL5383F_8":null,"COL5383F_9":null,"COL5383F10":null,"COL5383F11":null,"COL5383F12":null,"COL5383F13":null,"COL5383F14":null,"COL5383F15":null,"COL5383F16":null,"COL5383F17":null,"COL5383F18":null,"COL5383F19":null,"COL5383F20":null,"COL5383F21":null,"COL5383F22":null,"COL5383F23":null,"COL5383F24":null,"COL5383F25":null},"id":368},
{"type":"Feature","geometry":{"type":"Polygon","coordinates":[[[-58.09374484182314,-34.991928466960424],[-58.08383478325367,-34.99929686980285],[-58.081424703044384,-34.99696508955052],[-58.08459317751545,-34.99446968922091],[-58.080384647076045,-34.990557046287755],[-58.08244412963389,-34.98896722718441],[-58.08512355715256,-34.99140113856936],[-58.08629995788438,-34.990510603416254],[-58.08781210154226,-34.99198898287737],[-58.09118210500646,-34.9895804932881],[-58.09374484182314,-34.991928466960424]]]},"properties":{"fid":369,"id":null,"Name":null,"descriptio":null,"timestamp":null,"begin":null,"end":null,"altitudeMo":null,"tessellate":null,"extrude":null,"visibility":null,"drawOrder":null,"icon":null,"COL53838E7":null,"COL5383F8C":null,"COL5383F_1":null,"COL53838_1":null,"COL5383F_2":null,"COL5383F_3":null,"COL5383F_4":null,"COL5383F_5":null,"COL5383F_6":null,"COL5383F_7":null,"COL5383F_8":null,"COL5383F_9":null,"COL5383F10":null,"COL5383F11":null,"COL5383F12":null,"COL5383F13":null,"COL5383F14":null,"COL5383F15":null,"COL5383F16":null,"COL5383F17":null,"COL5383F18":null,"COL5383F19":null,"COL5383F20":null,"COL5383F21":null,"COL5383F22":null,"COL5383F23":null,"COL5383F24":null,"COL5383F25":null},"id":369},
{"type":"Feature","geometry":{"type":"Polygon","coordinates":[[[-58.04027681596931,-34.98253848206979],[-58.03929932155585,-34.98326744432812],[-58.03842228576864,-34.982456077708974],[-58.03943766362415,-34.981741720223866],[-58.04027681596931,-34.98253848206979]]]},"properties":{"fid":370,"id":null,"Name":null,"descriptio":null,"timestamp":null,"begin":null,"end":null,"altitudeMo":null,"tessellate":null,"extrude":null,"visibility":null,"drawOrder":null,"icon":null,"COL53838E7":null,"COL5383F8C":null,"COL5383F_1":null,"COL53838_1":null,"COL5383F_2":null,"COL5383F_3":null,"COL5383F_4":null,"COL5383F_5":null,"COL5383F_6":null,"COL5383F_7":null,"COL5383F_8":null,"COL5383F_9":null,"COL5383F10":null,"COL5383F11":null,"COL5383F12":null,"COL5383F13":null,"COL5383F14":null,"COL5383F15":null,"COL5383F16":null,"COL5383F17":null,"COL5383F18":null,"COL5383F19":null,"COL5383F20":null,"COL5383F21":null,"COL5383F22":null,"COL5383F23":null,"COL5383F24":null,"COL5383F25":null},"id":370},
{"type":"Feature","geometry":{"type":"Polygon","coordinates":[[[-58.02860040176023,-34.97766762481815],[-58.0289500589561,-34.977967006485315],[-58.02464074283499,-34.98122558744391],[-58.025281446305236,-34.98178845416995],[-58.02307536149148,-34.98343084387845],[-58.02205969753095,-34.98256116020594],[-58.02860040176023,-34.97766762481815]]]},"properties":{"fid":371,"id":null,"Name":null,"descriptio":null,"timestamp":null,"begin":null,"end":null,"altitudeMo":null,"tessellate":null,"extrude":null,"visibility":null,"drawOrder":null,"icon":null,"COL53838E7":null,"COL5383F8C":null,"COL5383F_1":null,"COL53838_1":null,"COL5383F_2":null,"COL5383F_3":null,"COL5383F_4":null,"COL5383F_5":null,"COL5383F_6":null,"COL5383F_7":null,"COL5383F_8":null,"COL5383F_9":null,"COL5383F10":null,"COL5383F11":null,"COL5383F12":null,"COL5383F13":null,"COL5383F14":null,"COL5383F15":null,"COL5383F16":null,"COL5383F17":null,"COL5383F18":null,"COL5383F19":null,"COL5383F20":null,"COL5383F21":null,"COL5383F22":null,"COL5383F23":null,"COL5383F24":null,"COL5383F25":null},"id":371},
{"type":"Feature","geometry":{"type":"Polygon","coordinates":[[[-58.0154686423581,-34.97718790783078],[-58.01639125643723,-34.978035145737245],[-58.015473992416304,-34.978726436910314],[-58.01454322561049,-34.977865072952035],[-58.0154686423581,-34.97718790783078]]]},"properties":{"fid":372,"id":null,"Name":null,"descriptio":null,"timestamp":null,"begin":null,"end":null,"altitudeMo":null,"tessellate":null,"extrude":null,"visibility":null,"drawOrder":null,"icon":null,"COL53838E7":null,"COL5383F8C":null,"COL5383F_1":null,"COL53838_1":null,"COL5383F_2":null,"COL5383F_3":null,"COL5383F_4":null,"COL5383F_5":null,"COL5383F_6":null,"COL5383F_7":null,"COL5383F_8":null,"COL5383F_9":null,"COL5383F10":null,"COL5383F11":null,"COL5383F12":null,"COL5383F13":null,"COL5383F14":null,"COL5383F15":null,"COL5383F16":null,"COL5383F17":null,"COL5383F18":null,"COL5383F19":null,"COL5383F20":null,"COL5383F21":null,"COL5383F22":null,"COL5383F23":null,"COL5383F24":null,"COL5383F25":null},"id":372},
{"type":"Feature","geometry":{"type":"Polygon","coordinates":[[[-58.010038290274316,-34.97601859888505],[-58.00910316735401,-34.976744513287635],[-58.007258649642516,-34.975028955454306],[-58.008201413686606,-34.97433814497107],[-58.010038290274316,-34.97601859888505]]]},"properties":{"fid":373,"id":null,"Name":null,"descriptio":null,"timestamp":null,"begin":null,"end":null,"altitudeMo":null,"tessellate":null,"extrude":null,"visibility":null,"drawOrder":null,"icon":null,"COL53838E7":null,"COL5383F8C":null,"COL5383F_1":null,"COL53838_1":null,"COL5383F_2":null,"COL5383F_3":null,"COL5383F_4":null,"COL5383F_5":null,"COL5383F_6":null,"COL5383F_7":null,"COL5383F_8":null,"COL5383F_9":null,"COL5383F10":null,"COL5383F11":null,"COL5383F12":null,"COL5383F13":null,"COL5383F14":null,"COL5383F15":null,"COL5383F16":null,"COL5383F17":null,"COL5383F18":null,"COL5383F19":null,"COL5383F20":null,"COL5383F21":null,"COL5383F22":null,"COL5383F23":null,"COL5383F24":null,"COL5383F25":null},"id":373},
{"type":"Feature","geometry":{"type":"Polygon","coordinates":[[[-58.01091391098451,-34.974942056257184],[-58.01088407703815,-34.975473028729816],[-58.010269785229475,-34.9759314859299],[-58.00840912153855,-34.97418071608346],[-58.009326051323654,-34.9735034583988],[-58.01091391098451,-34.974942056257184]]]},"properties":{"fid":374,"id":null,"Name":null,"descriptio":null,"timestamp":null,"begin":null,"end":null,"altitudeMo":null,"tessellate":null,"extrude":null,"visibility":null,"drawOrder":null,"icon":null,"COL53838E7":null,"COL5383F8C":null,"COL5383F_1":null,"COL53838_1":null,"COL5383F_2":null,"COL5383F_3":null,"COL5383F_4":null,"COL5383F_5":null,"COL5383F_6":null,"COL5383F_7":null,"COL5383F_8":null,"COL5383F_9":null,"COL5383F10":null,"COL5383F11":null,"COL5383F12":null,"COL5383F13":null,"COL5383F14":null,"COL5383F15":null,"COL5383F16":null,"COL5383F17":null,"COL5383F18":null,"COL5383F19":null,"COL5383F20":null,"COL5383F21":null,"COL5383F22":null,"COL5383F23":null,"COL5383F24":null,"COL5383F25":null},"id":374},
{"type":"Feature","geometry":{"type":"Polygon","coordinates":[[[-58.00910226148616,-34.97327251857446],[-58.008120371149026,-34.97400115548552],[-58.007260732907845,-34.973189854773146],[-58.008212390358786,-34.972481707372594],[-58.00910226148616,-34.97327251857446]]]},"properties":{"fid":375,"id":null,"Name":null,"descriptio":null,"timestamp":null,"begin":null,"end":null,"altitudeMo":null,"tessellate":null,"extrude":null,"visibility":null,"drawOrder":null,"icon":null,"COL53838E7":null,"COL5383F8C":null,"COL5383F_1":null,"COL53838_1":null,"COL5383F_2":null,"COL5383F_3":null,"COL5383F_4":null,"COL5383F_5":null,"COL5383F_6":null,"COL5383F_7":null,"COL5383F_8":null,"COL5383F_9":null,"COL5383F10":null,"COL5383F11":null,"COL5383F12":null,"COL5383F13":null,"COL5383F14":null,"COL5383F15":null,"COL5383F16":null,"COL5383F17":null,"COL5383F18":null,"COL5383F19":null,"COL5383F20":null,"COL5383F21":null,"COL5383F22":null,"COL5383F23":null,"COL5383F24":null,"COL5383F25":null},"id":375},
{"type":"Feature","geometry":{"type":"Polygon","coordinates":[[[-57.992227129035186,-34.96730585903122],[-57.99015915926153,-34.968848535906446],[-57.989240486146464,-34.96802914053045],[-57.991313123373686,-34.96646907408058],[-57.992227129035186,-34.96730585903122]]]},"properties":{"fid":376,"id":null,"Name":null,"descriptio":null,"timestamp":null,"begin":null,"end":null,"altitudeMo":null,"tessellate":null,"extrude":null,"visibility":null,"drawOrder":null,"icon":null,"COL53838E7":null,"COL5383F8C":null,"COL5383F_1":null,"COL53838_1":null,"COL5383F_2":null,"COL5383F_3":null,"COL5383F_4":null,"COL5383F_5":null,"COL5383F_6":null,"COL5383F_7":null,"COL5383F_8":null,"COL5383F_9":null,"COL5383F10":null,"COL5383F11":null,"COL5383F12":null,"COL5383F13":null,"COL5383F14":null,"COL5383F15":null,"COL5383F16":null,"COL5383F17":null,"COL5383F18":null,"COL5383F19":null,"COL5383F20":null,"COL5383F21":null,"COL5383F22":null,"COL5383F23":null,"COL5383F24":null,"COL5383F25":null},"id":376},
{"type":"Feature","geometry":{"type":"Polygon","coordinates":[[[-58.0017262989324,-34.96513045856929],[-57.99997758258615,-34.96647926428341],[-57.99803175711868,-34.96475490885178],[-58.000091412819174,-34.9631944732049],[-58.00111458788417,-34.96408543764082],[-58.0008029605576,-34.964325058107114],[-58.0017262989324,-34.96513045856929]]]},"properties":{"fid":377,"id":null,"Name":null,"descriptio":null,"timestamp":null,"begin":null,"end":null,"altitudeMo":null,"tessellate":null,"extrude":null,"visibility":null,"drawOrder":null,"icon":null,"COL53838E7":null,"COL5383F8C":null,"COL5383F_1":null,"COL53838_1":null,"COL5383F_2":null,"COL5383F_3":null,"COL5383F_4":null,"COL5383F_5":null,"COL5383F_6":null,"COL5383F_7":null,"COL5383F_8":null,"COL5383F_9":null,"COL5383F10":null,"COL5383F11":null,"COL5383F12":null,"COL5383F13":null,"COL5383F14":null,"COL5383F15":null,"COL5383F16":null,"COL5383F17":null,"COL5383F18":null,"COL5383F19":null,"COL5383F20":null,"COL5383F21":null,"COL5383F22":null,"COL5383F23":null,"COL5383F24":null,"COL5383F25":null},"id":377},
{"type":"Feature","geometry":{"type":"Polygon","coordinates":[[[-58.00004963707636,-34.963165813380506],[-57.9979645076819,-34.96472582823635],[-57.99603710979736,-34.96294580246657],[-57.99807926265561,-34.9614060902753],[-58.00004963707636,-34.963165813380506]]]},"properties":{"fid":378,"id":null,"Name":null,"descriptio":null,"timestamp":null,"begin":null,"end":null,"altitudeMo":null,"tessellate":null,"extrude":null,"visibility":null,"drawOrder":null,"icon":null,"COL53838E7":null,"COL5383F8C":null,"COL5383F_1":null,"COL53838_1":null,"COL5383F_2":null,"COL5383F_3":null,"COL5383F_4":null,"COL5383F_5":null,"COL5383F_6":null,"COL5383F_7":null,"COL5383F_8":null,"COL5383F_9":null,"COL5383F10":null,"COL5383F11":null,"COL5383F12":null,"COL5383F13":null,"COL5383F14":null,"COL5383F15":null,"COL5383F16":null,"COL5383F17":null,"COL5383F18":null,"COL5383F19":null,"COL5383F20":null,"COL5383F21":null,"COL5383F22":null,"COL5383F23":null,"COL5383F24":null,"COL5383F25":null},"id":378},
{"type":"Feature","geometry":{"type":"Polygon","coordinates":[[[-58.0044509049967,-34.96311935867256],[-58.002400160974084,-34.96466603067055],[-58.00151927651317,-34.963861334129106],[-58.00362809575454,-34.96237157510512],[-58.0044509049967,-34.96311935867256]]]},"properties":{"fid":379,"id":null,"Name":null,"descriptio":null,"timestamp":null,"begin":null,"end":null,"altitudeMo":null,"tessellate":null,"extrude":null,"visibility":null,"drawOrder":null,"icon":null,"COL53838E7":null,"COL5383F8C":null,"COL5383F_1":null,"COL53838_1":null,"COL5383F_2":null,"COL5383F_3":null,"COL5383F_4":null,"COL5383F_5":null,"COL5383F_6":null,"COL5383F_7":null,"COL5383F_8":null,"COL5383F_9":null,"COL5383F10":null,"COL5383F11":null,"COL5383F12":null,"COL5383F13":null,"COL5383F14":null,"COL5383F15":null,"COL5383F16":null,"COL5383F17":null,"COL5383F18":null,"COL5383F19":null,"COL5383F20":null,"COL5383F21":null,"COL5383F22":null,"COL5383F23":null,"COL5383F24":null,"COL5383F25":null},"id":379},
{"type":"Feature","geometry":{"type":"Polygon","coordinates":[[[-58.00346998925656,-34.962236109732146],[-58.00138511606877,-34.963789196456474],[-57.998552382504386,-34.96116214613934],[-58.0006562571986,-34.959525505258355],[-58.00258605786881,-34.96120759755906],[-58.00471278674466,-34.95967615471799],[-58.005510616301144,-34.96040254179903],[-58.00340086406321,-34.96193427759792],[-58.00346998925656,-34.962236109732146]]]},"properties":{"fid":380,"id":null,"Name":null,"descriptio":null,"timestamp":null,"begin":null,"end":null,"altitudeMo":null,"tessellate":null,"extrude":null,"visibility":null,"drawOrder":null,"icon":null,"COL53838E7":null,"COL5383F8C":null,"COL5383F_1":null,"COL53838_1":null,"COL5383F_2":null,"COL5383F_3":null,"COL5383F_4":null,"COL5383F_5":null,"COL5383F_6":null,"COL5383F_7":null,"COL5383F_8":null,"COL5383F_9":null,"COL5383F10":null,"COL5383F11":null,"COL5383F12":null,"COL5383F13":null,"COL5383F14":null,"COL5383F15":null,"COL5383F16":null,"COL5383F17":null,"COL5383F18":null,"COL5383F19":null,"COL5383F20":null,"COL5383F21":null,"COL5383F22":null,"COL5383F23":null,"COL5383F24":null,"COL5383F25":null},"id":380},
{"type":"Feature","geometry":{"type":"Polygon","coordinates":[[[-58.012542705146295,-34.95552490746198],[-58.01048398141558,-34.95706460022354],[-58.009511219714746,-34.95619551897793],[-58.01162869458054,-34.95468477635766],[-58.012542705146295,-34.95552490746198]]]},"properties":{"fid":381,"id":null,"Name":null,"descriptio":null,"timestamp":null,"begin":null,"end":null,"altitudeMo":null,"tessellate":null,"extrude":null,"visibility":null,"drawOrder":null,"icon":null,"COL53838E7":null,"COL5383F8C":null,"COL5383F_1":null,"COL53838_1":null,"COL5383F_2":null,"COL5383F_3":null,"COL5383F_4":null,"COL5383F_5":null,"COL5383F_6":null,"COL5383F_7":null,"COL5383F_8":null,"COL5383F_9":null,"COL5383F10":null,"COL5383F11":null,"COL5383F12":null,"COL5383F13":null,"COL5383F14":null,"COL5383F15":null,"COL5383F16":null,"COL5383F17":null,"COL5383F18":null,"COL5383F19":null,"COL5383F20":null,"COL5383F21":null,"COL5383F22":null,"COL5383F23":null,"COL5383F24":null,"COL5383F25":null},"id":381},
{"type":"Feature","geometry":{"type":"Polygon","coordinates":[[[-58.01078228835316,-34.95526531163605],[-58.01050246658183,-34.95542156429962],[-58.00856667445303,-34.95363460388696],[-58.00880879520644,-34.9534567585467],[-58.01078228835316,-34.95526531163605]]]},"properties":{"fid":382,"id":null,"Name":null,"descriptio":null,"timestamp":null,"begin":null,"end":null,"altitudeMo":null,"tessellate":null,"extrude":null,"visibility":null,"drawOrder":null,"icon":null,"COL53838E7":null,"COL5383F8C":null,"COL5383F_1":null,"COL53838_1":null,"COL5383F_2":null,"COL5383F_3":null,"COL5383F_4":null,"COL5383F_5":null,"COL5383F_6":null,"COL5383F_7":null,"COL5383F_8":null,"COL5383F_9":null,"COL5383F10":null,"COL5383F11":null,"COL5383F12":null,"COL5383F13":null,"COL5383F14":null,"COL5383F15":null,"COL5383F16":null,"COL5383F17":null,"COL5383F18":null,"COL5383F19":null,"COL5383F20":null,"COL5383F21":null,"COL5383F22":null,"COL5383F23":null,"COL5383F24":null,"COL5383F25":null},"id":382},
{"type":"Feature","geometry":{"type":"Polygon","coordinates":[[[-58.00372585416698,-34.956854022222316],[-58.00272221671748,-34.95761023382024],[-58.00176176040023,-34.95676227296359],[-58.00281260139291,-34.95598586691062],[-58.00372585416698,-34.956854022222316]]]},"properties":{"fid":383,"id":null,"Name":null,"descriptio":null,"timestamp":null,"begin":null,"end":null,"altitudeMo":null,"tessellate":null,"extrude":null,"visibility":null,"drawOrder":null,"icon":null,"COL53838E7":null,"COL5383F8C":null,"COL5383F_1":null,"COL53838_1":null,"COL5383F_2":null,"COL5383F_3":null,"COL5383F_4":null,"COL5383F_5":null,"COL5383F_6":null,"COL5383F_7":null,"COL5383F_8":null,"COL5383F_9":null,"COL5383F10":null,"COL5383F11":null,"COL5383F12":null,"COL5383F13":null,"COL5383F14":null,"COL5383F15":null,"COL5383F16":null,"COL5383F17":null,"COL5383F18":null,"COL5383F19":null,"COL5383F20":null,"COL5383F21":null,"COL5383F22":null,"COL5383F23":null,"COL5383F24":null,"COL5383F25":null},"id":383},
{"type":"Feature","geometry":{"type":"Polygon","coordinates":[[[-58.00862986791978,-34.94830178009298],[-58.00955957530235,-34.949191140690715],[-58.00748482898623,-34.950695558410416],[-58.005597608384385,-34.94901424342058],[-58.00660136569715,-34.948247517377666],[-58.007582326186885,-34.94912374827623],[-58.00862986791978,-34.94830178009298]]]},"properties":{"fid":384,"id":null,"Name":null,"descriptio":null,"timestamp":null,"begin":null,"end":null,"altitudeMo":null,"tessellate":null,"extrude":null,"visibility":null,"drawOrder":null,"icon":null,"COL53838E7":null,"COL5383F8C":null,"COL5383F_1":null,"COL53838_1":null,"COL5383F_2":null,"COL5383F_3":null,"COL5383F_4":null,"COL5383F_5":null,"COL5383F_6":null,"COL5383F_7":null,"COL5383F_8":null,"COL5383F_9":null,"COL5383F10":null,"COL5383F11":null,"COL5383F12":null,"COL5383F13":null,"COL5383F14":null,"COL5383F15":null,"COL5383F16":null,"COL5383F17":null,"COL5383F18":null,"COL5383F19":null,"COL5383F20":null,"COL5383F21":null,"COL5383F22":null,"COL5383F23":null,"COL5383F24":null,"COL5383F25":null},"id":384},
{"type":"Feature","geometry":{"type":"Polygon","coordinates":[[[-58.00642545458958,-34.948146728342984],[-58.00547348161741,-34.94887933889384],[-58.004574223320475,-34.94813729968047],[-58.00555132477912,-34.94741909470214],[-58.00642545458958,-34.948146728342984]]]},"properties":{"fid":385,"id":null,"Name":null,"descriptio":null,"timestamp":null,"begin":null,"end":null,"altitudeMo":null,"tessellate":null,"extrude":null,"visibility":null,"drawOrder":null,"icon":null,"COL53838E7":null,"COL5383F8C":null,"COL5383F_1":null,"COL53838_1":null,"COL5383F_2":null,"COL5383F_3":null,"COL5383F_4":null,"COL5383F_5":null,"COL5383F_6":null,"COL5383F_7":null,"COL5383F_8":null,"COL5383F_9":null,"COL5383F10":null,"COL5383F11":null,"COL5383F12":null,"COL5383F13":null,"COL5383F14":null,"COL5383F15":null,"COL5383F16":null,"COL5383F17":null,"COL5383F18":null,"COL5383F19":null,"COL5383F20":null,"COL5383F21":null,"COL5383F22":null,"COL5383F23":null,"COL5383F24":null,"COL5383F25":null},"id":385},
{"type":"Feature","geometry":{"type":"Polygon","coordinates":[[[-58.01196427614677,-34.94738439889937],[-58.00986279805206,-34.94894436507644],[-58.008036513981146,-34.94720114973315],[-58.01006106820919,-34.945660932900296],[-58.01196427614677,-34.94738439889937]]]},"properties":{"fid":386,"id":null,"Name":null,"descriptio":null,"timestamp":null,"begin":null,"end":null,"altitudeMo":null,"tessellate":null,"extrude":null,"visibility":null,"drawOrder":null,"icon":null,"COL53838E7":null,"COL5383F8C":null,"COL5383F_1":null,"COL53838_1":null,"COL5383F_2":null,"COL5383F_3":null,"COL5383F_4":null,"COL5383F_5":null,"COL5383F_6":null,"COL5383F_7":null,"COL5383F_8":null,"COL5383F_9":null,"COL5383F10":null,"COL5383F11":null,"COL5383F12":null,"COL5383F13":null,"COL5383F14":null,"COL5383F15":null,"COL5383F16":null,"COL5383F17":null,"COL5383F18":null,"COL5383F19":null,"COL5383F20":null,"COL5383F21":null,"COL5383F22":null,"COL5383F23":null,"COL5383F24":null,"COL5383F25":null},"id":386},
{"type":"Feature","geometry":{"type":"Polygon","coordinates":[[[-58.0099451745475,-34.9455366571763],[-58.00891991976627,-34.94631704569305],[-58.008006552536614,-34.94545592030586],[-58.00902671467422,-34.9447104205831],[-58.0099451745475,-34.9455366571763]]]},"properties":{"fid":387,"id":null,"Name":null,"descriptio":null,"timestamp":null,"begin":null,"end":null,"altitudeMo":null,"tessellate":null,"extrude":null,"visibility":null,"drawOrder":null,"icon":null,"COL53838E7":null,"COL5383F8C":null,"COL5383F_1":null,"COL53838_1":null,"COL5383F_2":null,"COL5383F_3":null,"COL5383F_4":null,"COL5383F_5":null,"COL5383F_6":null,"COL5383F_7":null,"COL5383F_8":null,"COL5383F_9":null,"COL5383F10":null,"COL5383F11":null,"COL5383F12":null,"COL5383F13":null,"COL5383F14":null,"COL5383F15":null,"COL5383F16":null,"COL5383F17":null,"COL5383F18":null,"COL5383F19":null,"COL5383F20":null,"COL5383F21":null,"COL5383F22":null,"COL5383F23":null,"COL5383F24":null,"COL5383F25":null},"id":387},
{"type":"Feature","geometry":{"type":"Polygon","coordinates":[[[-58.01741668178893,-34.94667984384434],[-58.01634079535243,-34.947448979836025],[-58.0144628746995,-34.945729490877554],[-58.015509042108505,-34.94495988559199],[-58.01741668178893,-34.94667984384434]]]},"properties":{"fid":388,"id":null,"Name":null,"descriptio":null,"timestamp":null,"begin":null,"end":null,"altitudeMo":null,"tessellate":null,"extrude":null,"visibility":null,"drawOrder":null,"icon":null,"COL53838E7":null,"COL5383F8C":null,"COL5383F_1":null,"COL53838_1":null,"COL5383F_2":null,"COL5383F_3":null,"COL5383F_4":null,"COL5383F_5":null,"COL5383F_6":null,"COL5383F_7":null,"COL5383F_8":null,"COL5383F_9":null,"COL5383F10":null,"COL5383F11":null,"COL5383F12":null,"COL5383F13":null,"COL5383F14":null,"COL5383F15":null,"COL5383F16":null,"COL5383F17":null,"COL5383F18":null,"COL5383F19":null,"COL5383F20":null,"COL5383F21":null,"COL5383F22":null,"COL5383F23":null,"COL5383F24":null,"COL5383F25":null},"id":388},
{"type":"Feature","geometry":{"type":"Polygon","coordinates":[[[-58.01759633501378,-34.94777192898572],[-58.01791823764133,-34.948070887782656],[-58.01750978081753,-34.94836841309466],[-58.017418180483794,-34.94838090343737],[-58.017150955942334,-34.94810381506225],[-58.01759633501378,-34.94777192898572]]]},"properties":{"fid":389,"id":null,"Name":null,"descriptio":null,"timestamp":null,"begin":null,"end":null,"altitudeMo":null,"tessellate":null,"extrude":null,"visibility":null,"drawOrder":null,"icon":null,"COL53838E7":null,"COL5383F8C":null,"COL5383F_1":null,"COL53838_1":null,"COL5383F_2":null,"COL5383F_3":null,"COL5383F_4":null,"COL5383F_5":null,"COL5383F_6":null,"COL5383F_7":null,"COL5383F_8":null,"COL5383F_9":null,"COL5383F10":null,"COL5383F11":null,"COL5383F12":null,"COL5383F13":null,"COL5383F14":null,"COL5383F15":null,"COL5383F16":null,"COL5383F17":null,"COL5383F18":null,"COL5383F19":null,"COL5383F20":null,"COL5383F21":null,"COL5383F22":null,"COL5383F23":null,"COL5383F24":null,"COL5383F25":null},"id":389},
{"type":"Feature","geometry":{"type":"Polygon","coordinates":[[[-58.01959833621808,-34.94883955363242],[-58.020391452503,-34.949586746393685],[-58.01947997188229,-34.95022922038916],[-58.018694843290376,-34.9495031309586],[-58.01959833621808,-34.94883955363242]]]},"properties":{"fid":390,"id":null,"Name":null,"descriptio":null,"timestamp":null,"begin":null,"end":null,"altitudeMo":null,"tessellate":null,"extrude":null,"visibility":null,"drawOrder":null,"icon":null,"COL53838E7":null,"COL5383F8C":null,"COL5383F_1":null,"COL53838_1":null,"COL5383F_2":null,"COL5383F_3":null,"COL5383F_4":null,"COL5383F_5":null,"COL5383F_6":null,"COL5383F_7":null,"COL5383F_8":null,"COL5383F_9":null,"COL5383F10":null,"COL5383F11":null,"COL5383F12":null,"COL5383F13":null,"COL5383F14":null,"COL5383F15":null,"COL5383F16":null,"COL5383F17":null,"COL5383F18":null,"COL5383F19":null,"COL5383F20":null,"COL5383F21":null,"COL5383F22":null,"COL5383F23":null,"COL5383F24":null,"COL5383F25":null},"id":390},
{"type":"Feature","geometry":{"type":"Polygon","coordinates":[[[-58.02157555309983,-34.94873192580005],[-58.02104343817785,-34.94913933556613],[-58.02062878387363,-34.94872348920155],[-58.02023060897253,-34.94903517727255],[-58.01983667918066,-34.94864064502595],[-58.020769447018964,-34.94799501834979],[-58.02157555309983,-34.94873192580005]]]},"properties":{"fid":391,"id":null,"Name":null,"descriptio":null,"timestamp":null,"begin":null,"end":null,"altitudeMo":null,"tessellate":null,"extrude":null,"visibility":null,"drawOrder":null,"icon":null,"COL53838E7":null,"COL5383F8C":null,"COL5383F_1":null,"COL53838_1":null,"COL5383F_2":null,"COL5383F_3":null,"COL5383F_4":null,"COL5383F_5":null,"COL5383F_6":null,"COL5383F_7":null,"COL5383F_8":null,"COL5383F_9":null,"COL5383F10":null,"COL5383F11":null,"COL5383F12":null,"COL5383F13":null,"COL5383F14":null,"COL5383F15":null,"COL5383F16":null,"COL5383F17":null,"COL5383F18":null,"COL5383F19":null,"COL5383F20":null,"COL5383F21":null,"COL5383F22":null,"COL5383F23":null,"COL5383F24":null,"COL5383F25":null},"id":391},
{"type":"Feature","geometry":{"type":"Polygon","coordinates":[[[-58.020518930670455,-34.95152587221013],[-58.02078556770087,-34.95174000727917],[-58.02016596287636,-34.95278234483938],[-58.01958544681968,-34.95219945602271],[-58.020518930670455,-34.95152587221013]]]},"properties":{"fid":392,"id":null,"Name":null,"descriptio":null,"timestamp":null,"begin":null,"end":null,"altitudeMo":null,"tessellate":null,"extrude":null,"visibility":null,"drawOrder":null,"icon":null,"COL53838E7":null,"COL5383F8C":null,"COL5383F_1":null,"COL53838_1":null,"COL5383F_2":null,"COL5383F_3":null,"COL5383F_4":null,"COL5383F_5":null,"COL5383F_6":null,"COL5383F_7":null,"COL5383F_8":null,"COL5383F_9":null,"COL5383F10":null,"COL5383F11":null,"COL5383F12":null,"COL5383F13":null,"COL5383F14":null,"COL5383F15":null,"COL5383F16":null,"COL5383F17":null,"COL5383F18":null,"COL5383F19":null,"COL5383F20":null,"COL5383F21":null,"COL5383F22":null,"COL5383F23":null,"COL5383F24":null,"COL5383F25":null},"id":392},
{"type":"Feature","geometry":{"type":"Polygon","coordinates":[[[-58.025708736711564,-34.95257189944252],[-58.024770784370546,-34.953255940366084],[-58.023875963704185,-34.952496630727836],[-58.02484005523101,-34.95178505000798],[-58.025708736711564,-34.95257189944252]]]},"properties":{"fid":393,"id":null,"Name":null,"descriptio":null,"timestamp":null,"begin":null,"end":null,"altitudeMo":null,"tessellate":null,"extrude":null,"visibility":null,"drawOrder":null,"icon":null,"COL53838E7":null,"COL5383F8C":null,"COL5383F_1":null,"COL53838_1":null,"COL5383F_2":null,"COL5383F_3":null,"COL5383F_4":null,"COL5383F_5":null,"COL5383F_6":null,"COL5383F_7":null,"COL5383F_8":null,"COL5383F_9":null,"COL5383F10":null,"COL5383F11":null,"COL5383F12":null,"COL5383F13":null,"COL5383F14":null,"COL5383F15":null,"COL5383F16":null,"COL5383F17":null,"COL5383F18":null,"COL5383F19":null,"COL5383F20":null,"COL5383F21":null,"COL5383F22":null,"COL5383F23":null,"COL5383F24":null,"COL5383F25":null},"id":393},
{"type":"Feature","geometry":{"type":"Polygon","coordinates":[[[-58.024891699029006,-34.947862840233185],[-58.0228452900498,-34.94943791691794],[-58.02096592486365,-34.947770949673966],[-58.023015394938795,-34.946244904779235],[-58.024891699029006,-34.947862840233185]]]},"properties":{"fid":394,"id":null,"Name":null,"descriptio":null,"timestamp":null,"begin":null,"end":null,"altitudeMo":null,"tessellate":null,"extrude":null,"visibility":null,"drawOrder":null,"icon":null,"COL53838E7":null,"COL5383F8C":null,"COL5383F_1":null,"COL53838_1":null,"COL5383F_2":null,"COL5383F_3":null,"COL5383F_4":null,"COL5383F_5":null,"COL5383F_6":null,"COL5383F_7":null,"COL5383F_8":null,"COL5383F_9":null,"COL5383F10":null,"COL5383F11":null,"COL5383F12":null,"COL5383F13":null,"COL5383F14":null,"COL5383F15":null,"COL5383F16":null,"COL5383F17":null,"COL5383F18":null,"COL5383F19":null,"COL5383F20":null,"COL5383F21":null,"COL5383F22":null,"COL5383F23":null,"COL5383F24":null,"COL5383F25":null},"id":394},
{"type":"Feature","geometry":{"type":"Polygon","coordinates":[[[-58.03391584989613,-34.94464566725385],[-58.03183165357934,-34.94621329583886],[-58.029943513371784,-34.94455331581772],[-58.03202719925023,-34.94300668985197],[-58.03391584989613,-34.94464566725385]]]},"properties":{"fid":395,"id":null,"Name":null,"descriptio":null,"timestamp":null,"begin":null,"end":null,"altitudeMo":null,"tessellate":null,"extrude":null,"visibility":null,"drawOrder":null,"icon":null,"COL53838E7":null,"COL5383F8C":null,"COL5383F_1":null,"COL53838_1":null,"COL5383F_2":null,"COL5383F_3":null,"COL5383F_4":null,"COL5383F_5":null,"COL5383F_6":null,"COL5383F_7":null,"COL5383F_8":null,"COL5383F_9":null,"COL5383F10":null,"COL5383F11":null,"COL5383F12":null,"COL5383F13":null,"COL5383F14":null,"COL5383F15":null,"COL5383F16":null,"COL5383F17":null,"COL5383F18":null,"COL5383F19":null,"COL5383F20":null,"COL5383F21":null,"COL5383F22":null,"COL5383F23":null,"COL5383F24":null,"COL5383F25":null},"id":395},
{"type":"Feature","geometry":{"type":"Polygon","coordinates":[[[-58.045983513230624,-34.94081423254187],[-58.04568891455041,-34.94106123990693],[-58.04284797046354,-34.93839311461181],[-58.04354052147663,-34.93783784078063],[-58.0440477276373,-34.93865020556613],[-58.044761497716806,-34.93934701322608],[-58.045057637460594,-34.93975038166863],[-58.04537991054689,-34.940126198045114],[-58.045983513230624,-34.94081423254187]]]},"properties":{"fid":396,"id":null,"Name":null,"descriptio":null,"timestamp":null,"begin":null,"end":null,"altitudeMo":null,"tessellate":null,"extrude":null,"visibility":null,"drawOrder":null,"icon":null,"COL53838E7":null,"COL5383F8C":null,"COL5383F_1":null,"COL53838_1":null,"COL5383F_2":null,"COL5383F_3":null,"COL5383F_4":null,"COL5383F_5":null,"COL5383F_6":null,"COL5383F_7":null,"COL5383F_8":null,"COL5383F_9":null,"COL5383F10":null,"COL5383F11":null,"COL5383F12":null,"COL5383F13":null,"COL5383F14":null,"COL5383F15":null,"COL5383F16":null,"COL5383F17":null,"COL5383F18":null,"COL5383F19":null,"COL5383F20":null,"COL5383F21":null,"COL5383F22":null,"COL5383F23":null,"COL5383F24":null,"COL5383F25":null},"id":396},
{"type":"Feature","geometry":{"type":"Polygon","coordinates":[[[-58.041759428749074,-34.93881612576073],[-58.0398301311364,-34.937099689740506],[-58.04188681536349,-34.9356014015049],[-58.04338554732543,-34.93756961014345],[-58.041759428749074,-34.93881612576073]]]},"properties":{"fid":397,"id":null,"Name":null,"descriptio":null,"timestamp":null,"begin":null,"end":null,"altitudeMo":null,"tessellate":null,"extrude":null,"visibility":null,"drawOrder":null,"icon":null,"COL53838E7":null,"COL5383F8C":null,"COL5383F_1":null,"COL53838_1":null,"COL5383F_2":null,"COL5383F_3":null,"COL5383F_4":null,"COL5383F_5":null,"COL5383F_6":null,"COL5383F_7":null,"COL5383F_8":null,"COL5383F_9":null,"COL5383F10":null,"COL5383F11":null,"COL5383F12":null,"COL5383F13":null,"COL5383F14":null,"COL5383F15":null,"COL5383F16":null,"COL5383F17":null,"COL5383F18":null,"COL5383F19":null,"COL5383F20":null,"COL5383F21":null,"COL5383F22":null,"COL5383F23":null,"COL5383F24":null,"COL5383F25":null},"id":397},
{"type":"Feature","geometry":{"type":"Polygon","coordinates":[[[-58.040551085761045,-34.933209232053585],[-58.042464664096585,-34.93486945892238],[-58.03967250839059,-34.93694329970495],[-58.037785073697,-34.93525547986069],[-58.040551085761045,-34.933209232053585]]]},"properties":{"fid":398,"id":null,"Name":null,"descriptio":null,"timestamp":null,"begin":null,"end":null,"altitudeMo":null,"tessellate":null,"extrude":null,"visibility":null,"drawOrder":null,"icon":null,"COL53838E7":null,"COL5383F8C":null,"COL5383F_1":null,"COL53838_1":null,"COL5383F_2":null,"COL5383F_3":null,"COL5383F_4":null,"COL5383F_5":null,"COL5383F_6":null,"COL5383F_7":null,"COL5383F_8":null,"COL5383F_9":null,"COL5383F10":null,"COL5383F11":null,"COL5383F12":null,"COL5383F13":null,"COL5383F14":null,"COL5383F15":null,"COL5383F16":null,"COL5383F17":null,"COL5383F18":null,"COL5383F19":null,"COL5383F20":null,"COL5383F21":null,"COL5383F22":null,"COL5383F23":null,"COL5383F24":null,"COL5383F25":null},"id":398},
{"type":"Feature","geometry":{"type":"Polygon","coordinates":[[[-58.036743981867716,-34.93582606588719],[-58.034763930181214,-34.93410873106389],[-58.03836913076168,-34.93141177465459],[-58.03991896709778,-34.9333668640039],[-58.036743981867716,-34.93582606588719]]]},"properties":{"fid":399,"id":null,"Name":null,"descriptio":null,"timestamp":null,"begin":null,"end":null,"altitudeMo":null,"tessellate":null,"extrude":null,"visibility":null,"drawOrder":null,"icon":null,"COL53838E7":null,"COL5383F8C":null,"COL5383F_1":null,"COL53838_1":null,"COL5383F_2":null,"COL5383F_3":null,"COL5383F_4":null,"COL5383F_5":null,"COL5383F_6":null,"COL5383F_7":null,"COL5383F_8":null,"COL5383F_9":null,"COL5383F10":null,"COL5383F11":null,"COL5383F12":null,"COL5383F13":null,"COL5383F14":null,"COL5383F15":null,"COL5383F16":null,"COL5383F17":null,"COL5383F18":null,"COL5383F19":null,"COL5383F20":null,"COL5383F21":null,"COL5383F22":null,"COL5383F23":null,"COL5383F24":null,"COL5383F25":null},"id":399},
{"type":"Feature","geometry":{"type":"Polygon","coordinates":[[[-58.04195492150709,-34.9320220836692],[-58.04062514380128,-34.932951685903916],[-58.03975867700875,-34.932252390378906],[-58.04118298398536,-34.93127537111753],[-58.04195492150709,-34.9320220836692]]]},"properties":{"fid":400,"id":null,"Name":null,"descriptio":null,"timestamp":null,"begin":null,"end":null,"altitudeMo":null,"tessellate":null,"extrude":null,"visibility":null,"drawOrder":null,"icon":null,"COL53838E7":null,"COL5383F8C":null,"COL5383F_1":null,"COL53838_1":null,"COL5383F_2":null,"COL5383F_3":null,"COL5383F_4":null,"COL5383F_5":null,"COL5383F_6":null,"COL5383F_7":null,"COL5383F_8":null,"COL5383F_9":null,"COL5383F10":null,"COL5383F11":null,"COL5383F12":null,"COL5383F13":null,"COL5383F14":null,"COL5383F15":null,"COL5383F16":null,"COL5383F17":null,"COL5383F18":null,"COL5383F19":null,"COL5383F20":null,"COL5383F21":null,"COL5383F22":null,"COL5383F23":null,"COL5383F24":null,"COL5383F25":null},"id":400},
{"type":"Feature","geometry":{"type":"Polygon","coordinates":[[[-58.04038498050651,-34.9330527061055],[-58.04014149015396,-34.933293532087],[-58.039062153014726,-34.931905482664575],[-58.04038498050651,-34.9330527061055]]]},"properties":{"fid":401,"id":null,"Name":null,"descriptio":null,"timestamp":null,"begin":null,"end":null,"altitudeMo":null,"tessellate":null,"extrude":null,"visibility":null,"drawOrder":null,"icon":null,"COL53838E7":null,"COL5383F8C":null,"COL5383F_1":null,"COL53838_1":null,"COL5383F_2":null,"COL5383F_3":null,"COL5383F_4":null,"COL5383F_5":null,"COL5383F_6":null,"COL5383F_7":null,"COL5383F_8":null,"COL5383F_9":null,"COL5383F10":null,"COL5383F11":null,"COL5383F12":null,"COL5383F13":null,"COL5383F14":null,"COL5383F15":null,"COL5383F16":null,"COL5383F17":null,"COL5383F18":null,"COL5383F19":null,"COL5383F20":null,"COL5383F21":null,"COL5383F22":null,"COL5383F23":null,"COL5383F24":null,"COL5383F25":null},"id":401},
{"type":"Feature","geometry":{"type":"Polygon","coordinates":[[[-58.02098110773944,-34.8724793859875],[-58.02005467387075,-34.87289786588035],[-58.01956844769543,-34.87212071105439],[-58.020503021480444,-34.871716353346834],[-58.02098110773944,-34.8724793859875]]]},"properties":{"fid":402,"id":null,"Name":null,"descriptio":null,"timestamp":null,"begin":null,"end":null,"altitudeMo":null,"tessellate":null,"extrude":null,"visibility":null,"drawOrder":null,"icon":null,"COL53838E7":null,"COL5383F8C":null,"COL5383F_1":null,"COL53838_1":null,"COL5383F_2":null,"COL5383F_3":null,"COL5383F_4":null,"COL5383F_5":null,"COL5383F_6":null,"COL5383F_7":null,"COL5383F_8":null,"COL5383F_9":null,"COL5383F10":null,"COL5383F11":null,"COL5383F12":null,"COL5383F13":null,"COL5383F14":null,"COL5383F15":null,"COL5383F16":null,"COL5383F17":null,"COL5383F18":null,"COL5383F19":null,"COL5383F20":null,"COL5383F21":null,"COL5383F22":null,"COL5383F23":null,"COL5383F24":null,"COL5383F25":null},"id":402},
{"type":"Feature","geometry":{"type":"Polygon","coordinates":[[[-58.05922502733336,-34.93645598588537],[-58.055691014300955,-34.93885400812705],[-58.05384212349047,-34.93704641985837],[-58.057337353231645,-34.934671431539286],[-58.05922502733336,-34.93645598588537]]]},"properties":{"fid":403,"id":null,"Name":null,"descriptio":null,"timestamp":null,"begin":null,"end":null,"altitudeMo":null,"tessellate":null,"extrude":null,"visibility":null,"drawOrder":null,"icon":null,"COL53838E7":null,"COL5383F8C":null,"COL5383F_1":null,"COL53838_1":null,"COL5383F_2":null,"COL5383F_3":null,"COL5383F_4":null,"COL5383F_5":null,"COL5383F_6":null,"COL5383F_7":null,"COL5383F_8":null,"COL5383F_9":null,"COL5383F10":null,"COL5383F11":null,"COL5383F12":null,"COL5383F13":null,"COL5383F14":null,"COL5383F15":null,"COL5383F16":null,"COL5383F17":null,"COL5383F18":null,"COL5383F19":null,"COL5383F20":null,"COL5383F21":null,"COL5383F22":null,"COL5383F23":null,"COL5383F24":null,"COL5383F25":null},"id":403},
{"type":"Feature","geometry":{"type":"Polygon","coordinates":[[[-58.098444134969505,-34.8491961162713],[-58.097868382127196,-34.84943689740606],[-58.097815958180455,-34.84943411041597],[-58.097141902223576,-34.84886695067657],[-58.097142807755674,-34.848827628291694],[-58.09771392412686,-34.848580877514415],[-58.098444134969505,-34.8491961162713]]]},"properties":{"fid":404,"id":null,"Name":null,"descriptio":null,"timestamp":null,"begin":null,"end":null,"altitudeMo":null,"tessellate":null,"extrude":null,"visibility":null,"drawOrder":null,"icon":null,"COL53838E7":null,"COL5383F8C":null,"COL5383F_1":null,"COL53838_1":null,"COL5383F_2":null,"COL5383F_3":null,"COL5383F_4":null,"COL5383F_5":null,"COL5383F_6":null,"COL5383F_7":null,"COL5383F_8":null,"COL5383F_9":null,"COL5383F10":null,"COL5383F11":null,"COL5383F12":null,"COL5383F13":null,"COL5383F14":null,"COL5383F15":null,"COL5383F16":null,"COL5383F17":null,"COL5383F18":null,"COL5383F19":null,"COL5383F20":null,"COL5383F21":null,"COL5383F22":null,"COL5383F23":null,"COL5383F24":null,"COL5383F25":null},"id":404},
{"type":"Feature","geometry":{"type":"Polygon","coordinates":[[[-58.10191766664946,-34.86047311258032],[-58.101159670675365,-34.86106115720866],[-58.10042938332703,-34.8604439657385],[-58.10118044859781,-34.8598459832231],[-58.10191766664946,-34.86047311258032]]]},"properties":{"fid":405,"id":null,"Name":null,"descriptio":null,"timestamp":null,"begin":null,"end":null,"altitudeMo":null,"tessellate":null,"extrude":null,"visibility":null,"drawOrder":null,"icon":null,"COL53838E7":null,"COL5383F8C":null,"COL5383F_1":null,"COL53838_1":null,"COL5383F_2":null,"COL5383F_3":null,"COL5383F_4":null,"COL5383F_5":null,"COL5383F_6":null,"COL5383F_7":null,"COL5383F_8":null,"COL5383F_9":null,"COL5383F10":null,"COL5383F11":null,"COL5383F12":null,"COL5383F13":null,"COL5383F14":null,"COL5383F15":null,"COL5383F16":null,"COL5383F17":null,"COL5383F18":null,"COL5383F19":null,"COL5383F20":null,"COL5383F21":null,"COL5383F22":null,"COL5383F23":null,"COL5383F24":null,"COL5383F25":null},"id":405},
{"type":"Feature","geometry":{"type":"Polygon","coordinates":[[[-58.114058369751085,-34.88349234648844],[-58.114976065292495,-34.88427757921198],[-58.11335915255646,-34.885401114185925],[-58.11244230047327,-34.884579168476726],[-58.114058369751085,-34.88349234648844]]]},"properties":{"fid":406,"id":null,"Name":null,"descriptio":null,"timestamp":null,"begin":null,"end":null,"altitudeMo":null,"tessellate":null,"extrude":null,"visibility":null,"drawOrder":null,"icon":null,"COL53838E7":null,"COL5383F8C":null,"COL5383F_1":null,"COL53838_1":null,"COL5383F_2":null,"COL5383F_3":null,"COL5383F_4":null,"COL5383F_5":null,"COL5383F_6":null,"COL5383F_7":null,"COL5383F_8":null,"COL5383F_9":null,"COL5383F10":null,"COL5383F11":null,"COL5383F12":null,"COL5383F13":null,"COL5383F14":null,"COL5383F15":null,"COL5383F16":null,"COL5383F17":null,"COL5383F18":null,"COL5383F19":null,"COL5383F20":null,"COL5383F21":null,"COL5383F22":null,"COL5383F23":null,"COL5383F24":null,"COL5383F25":null},"id":406},
{"type":"Feature","geometry":{"type":"Polygon","coordinates":[[[-58.00196088041478,-34.98172340190387],[-58.00094798385225,-34.98249735741771],[-57.999298606323606,-34.980947916125544],[-58.00028732493767,-34.98018537632941],[-58.00196088041478,-34.98172340190387]]]},"properties":{"fid":407,"id":null,"Name":null,"descriptio":null,"timestamp":null,"begin":null,"end":null,"altitudeMo":null,"tessellate":null,"extrude":null,"visibility":null,"drawOrder":null,"icon":null,"COL53838E7":null,"COL5383F8C":null,"COL5383F_1":null,"COL53838_1":null,"COL5383F_2":null,"COL5383F_3":null,"COL5383F_4":null,"COL5383F_5":null,"COL5383F_6":null,"COL5383F_7":null,"COL5383F_8":null,"COL5383F_9":null,"COL5383F10":null,"COL5383F11":null,"COL5383F12":null,"COL5383F13":null,"COL5383F14":null,"COL5383F15":null,"COL5383F16":null,"COL5383F17":null,"COL5383F18":null,"COL5383F19":null,"COL5383F20":null,"COL5383F21":null,"COL5383F22":null,"COL5383F23":null,"COL5383F24":null,"COL5383F25":null},"id":407},
{"type":"Feature","geometry":{"type":"Polygon","coordinates":[[[-58.001158987206495,-34.979125887741596],[-57.99912290713517,-34.98070507634237],[-57.99321393132736,-34.97530123612387],[-57.99523717626097,-34.9737573347093],[-58.001158987206495,-34.979125887741596]]]},"properties":{"fid":408,"id":null,"Name":null,"descriptio":null,"timestamp":null,"begin":null,"end":null,"altitudeMo":null,"tessellate":null,"extrude":null,"visibility":null,"drawOrder":null,"icon":null,"COL53838E7":null,"COL5383F8C":null,"COL5383F_1":null,"COL53838_1":null,"COL5383F_2":null,"COL5383F_3":null,"COL5383F_4":null,"COL5383F_5":null,"COL5383F_6":null,"COL5383F_7":null,"COL5383F_8":null,"COL5383F_9":null,"COL5383F10":null,"COL5383F11":null,"COL5383F12":null,"COL5383F13":null,"COL5383F14":null,"COL5383F15":null,"COL5383F16":null,"COL5383F17":null,"COL5383F18":null,"COL5383F19":null,"COL5383F20":null,"COL5383F21":null,"COL5383F22":null,"COL5383F23":null,"COL5383F24":null,"COL5383F25":null},"id":408},
{"type":"Feature","geometry":{"type":"Polygon","coordinates":[[[-57.922735630876545,-34.95592340399278],[-57.916259478807284,-34.96073709877969],[-57.9152890160477,-34.9598157465811],[-57.9217275384199,-34.954977857892295],[-57.922735630876545,-34.95592340399278]]]},"properties":{"fid":409,"id":null,"Name":null,"descriptio":null,"timestamp":null,"begin":null,"end":null,"altitudeMo":null,"tessellate":null,"extrude":null,"visibility":null,"drawOrder":null,"icon":null,"COL53838E7":null,"COL5383F8C":null,"COL5383F_1":null,"COL53838_1":null,"COL5383F_2":null,"COL5383F_3":null,"COL5383F_4":null,"COL5383F_5":null,"COL5383F_6":null,"COL5383F_7":null,"COL5383F_8":null,"COL5383F_9":null,"COL5383F10":null,"COL5383F11":null,"COL5383F12":null,"COL5383F13":null,"COL5383F14":null,"COL5383F15":null,"COL5383F16":null,"COL5383F17":null,"COL5383F18":null,"COL5383F19":null,"COL5383F20":null,"COL5383F21":null,"COL5383F22":null,"COL5383F23":null,"COL5383F24":null,"COL5383F25":null},"id":409},
{"type":"Feature","geometry":{"type":"Polygon","coordinates":[[[-57.88248490272346,-34.97858710275201],[-57.8815784941953,-34.97926749797945],[-57.87885253481709,-34.976749714024734],[-57.8797678809782,-34.97609309537459],[-57.88248490272346,-34.97858710275201]]]},"properties":{"fid":410,"id":null,"Name":null,"descriptio":null,"timestamp":null,"begin":null,"end":null,"altitudeMo":null,"tessellate":null,"extrude":null,"visibility":null,"drawOrder":null,"icon":null,"COL53838E7":null,"COL5383F8C":null,"COL5383F_1":null,"COL53838_1":null,"COL5383F_2":null,"COL5383F_3":null,"COL5383F_4":null,"COL5383F_5":null,"COL5383F_6":null,"COL5383F_7":null,"COL5383F_8":null,"COL5383F_9":null,"COL5383F10":null,"COL5383F11":null,"COL5383F12":null,"COL5383F13":null,"COL5383F14":null,"COL5383F15":null,"COL5383F16":null,"COL5383F17":null,"COL5383F18":null,"COL5383F19":null,"COL5383F20":null,"COL5383F21":null,"COL5383F22":null,"COL5383F23":null,"COL5383F24":null,"COL5383F25":null},"id":410},
{"type":"Feature","geometry":{"type":"Polygon","coordinates":[[[-57.877266167291694,-34.973594927962665],[-57.87607288415151,-34.97446693537741],[-57.873674887857106,-34.97221438168751],[-57.874200898705624,-34.97183025506286],[-57.87500455329282,-34.97253660511714],[-57.8755508845771,-34.972105627515944],[-57.877266167291694,-34.973594927962665]]]},"properties":{"fid":411,"id":null,"Name":null,"descriptio":null,"timestamp":null,"begin":null,"end":null,"altitudeMo":null,"tessellate":null,"extrude":null,"visibility":null,"drawOrder":null,"icon":null,"COL53838E7":null,"COL5383F8C":null,"COL5383F_1":null,"COL53838_1":null,"COL5383F_2":null,"COL5383F_3":null,"COL5383F_4":null,"COL5383F_5":null,"COL5383F_6":null,"COL5383F_7":null,"COL5383F_8":null,"COL5383F_9":null,"COL5383F10":null,"COL5383F11":null,"COL5383F12":null,"COL5383F13":null,"COL5383F14":null,"COL5383F15":null,"COL5383F16":null,"COL5383F17":null,"COL5383F18":null,"COL5383F19":null,"COL5383F20":null,"COL5383F21":null,"COL5383F22":null,"COL5383F23":null,"COL5383F24":null,"COL5383F25":null},"id":411},
{"type":"Feature","geometry":{"type":"Polygon","coordinates":[[[-57.87140411625197,-35.003011684554664],[-57.868934637151824,-35.0048406243766],[-57.867707172069565,-35.00375442575978],[-57.87017677913661,-35.00192026831631],[-57.87140411625197,-35.003011684554664]]]},"properties":{"fid":412,"id":null,"Name":null,"descriptio":null,"timestamp":null,"begin":null,"end":null,"altitudeMo":null,"tessellate":null,"extrude":null,"visibility":null,"drawOrder":null,"icon":null,"COL53838E7":null,"COL5383F8C":null,"COL5383F_1":null,"COL53838_1":null,"COL5383F_2":null,"COL5383F_3":null,"COL5383F_4":null,"COL5383F_5":null,"COL5383F_6":null,"COL5383F_7":null,"COL5383F_8":null,"COL5383F_9":null,"COL5383F10":null,"COL5383F11":null,"COL5383F12":null,"COL5383F13":null,"COL5383F14":null,"COL5383F15":null,"COL5383F16":null,"COL5383F17":null,"COL5383F18":null,"COL5383F19":null,"COL5383F20":null,"COL5383F21":null,"COL5383F22":null,"COL5383F23":null,"COL5383F24":null,"COL5383F25":null},"id":412},
{"type":"Feature","geometry":{"type":"Polygon","coordinates":[[[-57.87016471708004,-35.001893834069136],[-57.86771435940195,-35.003723085065786],[-57.86652447130613,-35.002663757744855],[-57.868962623854735,-35.000813338072405],[-57.87016471708004,-35.001893834069136]]]},"properties":{"fid":413,"id":null,"Name":null,"descriptio":null,"timestamp":null,"begin":null,"end":null,"altitudeMo":null,"tessellate":null,"extrude":null,"visibility":null,"drawOrder":null,"icon":null,"COL53838E7":null,"COL5383F8C":null,"COL5383F_1":null,"COL53838_1":null,"COL5383F_2":null,"COL5383F_3":null,"COL5383F_4":null,"COL5383F_5":null,"COL5383F_6":null,"COL5383F_7":null,"COL5383F_8":null,"COL5383F_9":null,"COL5383F10":null,"COL5383F11":null,"COL5383F12":null,"COL5383F13":null,"COL5383F14":null,"COL5383F15":null,"COL5383F16":null,"COL5383F17":null,"COL5383F18":null,"COL5383F19":null,"COL5383F20":null,"COL5383F21":null,"COL5383F22":null,"COL5383F23":null,"COL5383F24":null,"COL5383F25":null},"id":413}
]}